<?xml version="1.0" encoding="UTF-8"?>
<kml xmlns="http://www.opengis.net/kml/2.2" xmlns:gx="http://www.google.com/kml/ext/2.2">
    <Document id="1965">
        <name>KIM Analysis – 08-08-2026 (August 8 Dumper N10706)</name>
        <description>Gradient-colored haul road: green ≤6.25%, yellow 6.25–10%, red &gt;10%. Select a Shift folder in Google Earth to toggle.</description>
        <Folder id="1966">
            <name>August 8 — N10706</name>
            <visibility>1</visibility>
            <Folder id="1967">
                <Style id="1970">
                    <LineStyle id="1971">
                        <color>ff008000</color>
                        <colorMode>normal</colorMode>
                        <width>1.5</width>
                    </LineStyle>
                </Style>
                <Style id="1972">
                    <LineStyle id="1973">
                        <color>ff00ffff</color>
                        <colorMode>normal</colorMode>
                        <width>1.5</width>
                    </LineStyle>
                </Style>
                <Style id="1974">
                    <LineStyle id="1975">
                        <color>ff0000ff</color>
                        <colorMode>normal</colorMode>
                        <width>1.5</width>
                    </LineStyle>
                </Style>
                <name>Continuous Elevations</name>
                <Placemark id="1979">
                    <name>August 8 — N10706_P0_Climb0</name>
                    <description>Shift: August 8 — N10706
Type: Continuous Climb
Length: 39.3 m
Gradient: 5.6 %</description>
                    <styleUrl>#1970</styleUrl>
                    <LineString id="1978">
                        <extrude>1</extrude>
                        <altitudeMode>relativeToGround</altitudeMode>
                        <coordinates>85.38583333333334,21.940533333333335,3.0 85.38582833333334,21.940548333333332,3.0 85.38582,21.940566666666665,3.0 85.38580333333333,21.94058666666667,3.0 85.38577833333333,21.940605,3.0 85.38574166666666,21.940616666666667,3.0 85.3857,21.940615,3.0 85.38565666666666,21.940601666666666,3.0 85.38561,21.94058666666667,3.0 85.38555833333334,21.940578333333335,3.0 85.38550333333333,21.940583333333333,3.0</coordinates>
                    </LineString>
                </Placemark>
                <Placemark id="1983">
                    <name>August 8 — N10706_P0_Climb2</name>
                    <description>Shift: August 8 — N10706
Type: Continuous Climb
Length: 137.4 m
Gradient: 4.7 %</description>
                    <styleUrl>#1970</styleUrl>
                    <LineString id="1982">
                        <extrude>1</extrude>
                        <altitudeMode>relativeToGround</altitudeMode>
                        <coordinates>85.38540166666667,21.940626666666667,3.0 85.38536333333333,21.94066,3.0 85.38533333333334,21.940698333333334,3.0 85.38530333333334,21.940738333333332,3.0 85.385275,21.940776666666668,3.0 85.38524833333334,21.940816666666667,3.0 85.385225,21.940858333333335,3.0 85.38519833333334,21.940901666666665,3.0 85.38517,21.940943333333333,3.0 85.38514,21.940986666666667,3.0 85.38511,21.94103,3.0 85.38508166666666,21.941071666666666,3.0 85.38505333333333,21.941115,3.0 85.38502166666666,21.941156666666668,3.0 85.38498833333334,21.941201666666668,3.0 85.384955,21.941245,3.0 85.38492166666667,21.941286666666667,3.0 85.38488833333334,21.941326666666665,3.0 85.38485333333334,21.941368333333333,3.0 85.38482,21.94141,3.0 85.38478666666667,21.941455,3.0 85.384755,21.941501666666667,3.0 85.38472333333333,21.94155,3.0 85.38469333333333,21.941601666666667,3.0 85.38466666666666,21.941653333333335,3.0</coordinates>
                    </LineString>
                </Placemark>
                <Placemark id="1987">
                    <name>August 8 — N10706_P0_Climb4</name>
                    <description>Shift: August 8 — N10706
Type: Continuous Climb
Length: 7.7 m
Gradient: 2.6 %</description>
                    <styleUrl>#1970</styleUrl>
                    <LineString id="1986">
                        <extrude>1</extrude>
                        <altitudeMode>relativeToGround</altitudeMode>
                        <coordinates>85.38459,21.941828333333333,3.0 85.38456333333333,21.941893333333333,3.0</coordinates>
                    </LineString>
                </Placemark>
                <Placemark id="1991">
                    <name>August 8 — N10706_P0_Climb6</name>
                    <description>Shift: August 8 — N10706
Type: Continuous Climb
Length: 41.5 m
Gradient: 9.0 %</description>
                    <styleUrl>#1972</styleUrl>
                    <LineString id="1990">
                        <extrude>1</extrude>
                        <altitudeMode>relativeToGround</altitudeMode>
                        <coordinates>85.38439333333334,21.942303333333335,3.0 85.38436666666666,21.942368333333334,3.0 85.384325,21.942445,3.0 85.384295,21.942516666666666,3.0 85.38427,21.942585,3.0 85.38425333333333,21.942651666666666,3.0</coordinates>
                    </LineString>
                </Placemark>
                <Placemark id="1995">
                    <name>August 8 — N10706_P0_Climb8</name>
                    <description>Shift: August 8 — N10706
Type: Continuous Climb
Length: 8.0 m
Gradient: 2.1 %</description>
                    <styleUrl>#1970</styleUrl>
                    <LineString id="1994">
                        <extrude>1</extrude>
                        <altitudeMode>relativeToGround</altitudeMode>
                        <coordinates>85.384235,21.942795,3.0 85.384235,21.942866666666667,3.0</coordinates>
                    </LineString>
                </Placemark>
                <Placemark id="1999">
                    <name>August 8 — N10706_P0_Climb10</name>
                    <description>Shift: August 8 — N10706
Type: Continuous Climb
Length: 24.4 m
Gradient: 4.2 %</description>
                    <styleUrl>#1970</styleUrl>
                    <LineString id="1998">
                        <extrude>1</extrude>
                        <altitudeMode>relativeToGround</altitudeMode>
                        <coordinates>85.38424166666667,21.943013333333333,3.0 85.38424666666667,21.943088333333332,3.0 85.38425333333333,21.94316,3.0 85.38426,21.943231666666666,3.0</coordinates>
                    </LineString>
                </Placemark>
                <Placemark id="2003">
                    <name>August 8 — N10706_P0_Climb12</name>
                    <description>Shift: August 8 — N10706
Type: Continuous Climb
Length: 81.8 m
Gradient: 2.8 %</description>
                    <styleUrl>#1970</styleUrl>
                    <LineString id="2002">
                        <extrude>1</extrude>
                        <altitudeMode>relativeToGround</altitudeMode>
                        <coordinates>85.384295,21.943608333333334,3.0 85.38429666666667,21.943683333333333,3.0 85.38429333333333,21.943756666666665,3.0 85.38428666666667,21.943828333333332,3.0 85.38428,21.943898333333333,3.0 85.38427333333334,21.943971666666666,3.0 85.38427166666666,21.944045,3.0 85.38429333333333,21.94419,3.0 85.38430666666666,21.944265,3.0 85.38432,21.94434,3.0</coordinates>
                    </LineString>
                </Placemark>
                <Placemark id="2007">
                    <name>August 8 — N10706_P0_Climb14</name>
                    <description>Shift: August 8 — N10706
Type: Continuous Climb
Length: 24.8 m
Gradient: 3.0 %</description>
                    <styleUrl>#1970</styleUrl>
                    <LineString id="2006">
                        <extrude>1</extrude>
                        <altitudeMode>relativeToGround</altitudeMode>
                        <coordinates>85.38435833333334,21.944568333333333,3.0 85.38437,21.944641666666666,3.0 85.3844,21.944788333333335,3.0</coordinates>
                    </LineString>
                </Placemark>
                <Placemark id="2011">
                    <name>August 8 — N10706_P0_Climb16</name>
                    <description>Shift: August 8 — N10706
Type: Continuous Climb
Length: 40.3 m
Gradient: 6.4 %</description>
                    <styleUrl>#1972</styleUrl>
                    <LineString id="2010">
                        <extrude>1</extrude>
                        <altitudeMode>relativeToGround</altitudeMode>
                        <coordinates>85.3844,21.944788333333335,3.0 85.38443333333333,21.94493,3.0 85.38444833333334,21.945001666666666,3.0 85.38445833333333,21.945073333333333,3.0 85.38446333333333,21.945145,3.0</coordinates>
                    </LineString>
                </Placemark>
                <Placemark id="2015">
                    <name>August 8 — N10706_P0_Climb18</name>
                    <description>Shift: August 8 — N10706
Type: Continuous Climb
Length: 8.2 m
Gradient: 2.4 %</description>
                    <styleUrl>#1970</styleUrl>
                    <LineString id="2014">
                        <extrude>1</extrude>
                        <altitudeMode>relativeToGround</altitudeMode>
                        <coordinates>85.38447333333333,21.945443333333333,3.0 85.38448333333334,21.945516666666666,3.0</coordinates>
                    </LineString>
                </Placemark>
                <Placemark id="2019">
                    <name>August 8 — N10706_P0_Climb20</name>
                    <description>Shift: August 8 — N10706
Type: Continuous Climb
Length: 17.1 m
Gradient: 3.3 %</description>
                    <styleUrl>#1970</styleUrl>
                    <LineString id="2018">
                        <extrude>1</extrude>
                        <altitudeMode>relativeToGround</altitudeMode>
                        <coordinates>85.384495,21.945664999999998,3.0 85.38449666666666,21.945741666666667,3.0 85.38450166666667,21.94581833333333,3.0</coordinates>
                    </LineString>
                </Placemark>
                <Placemark id="2023">
                    <name>August 8 — N10706_P0_Climb22</name>
                    <description>Shift: August 8 — N10706
Type: Continuous Climb
Length: 34.1 m
Gradient: 3.1 %</description>
                    <styleUrl>#1970</styleUrl>
                    <LineString id="2022">
                        <extrude>1</extrude>
                        <altitudeMode>relativeToGround</altitudeMode>
                        <coordinates>85.384595,21.946195,3.0 85.38461333333333,21.946273333333334,3.0 85.384625,21.94635,3.0 85.38462666666666,21.946425,3.0 85.384615,21.946498333333334,3.0</coordinates>
                    </LineString>
                </Placemark>
                <Placemark id="2027">
                    <name>August 8 — N10706_P0_Climb24</name>
                    <description>Shift: August 8 — N10706
Type: Continuous Climb
Length: 7.7 m
Gradient: 2.2 %</description>
                    <styleUrl>#1970</styleUrl>
                    <LineString id="2026">
                        <extrude>1</extrude>
                        <altitudeMode>relativeToGround</altitudeMode>
                        <coordinates>85.38459,21.946563333333334,3.0 85.384555,21.946625,3.0</coordinates>
                    </LineString>
                </Placemark>
                <Placemark id="2031">
                    <name>August 8 — N10706_P0_Climb26</name>
                    <description>Shift: August 8 — N10706
Type: Continuous Climb
Length: 33.0 m
Gradient: 3.0 %</description>
                    <styleUrl>#1970</styleUrl>
                    <LineString id="2030">
                        <extrude>1</extrude>
                        <altitudeMode>relativeToGround</altitudeMode>
                        <coordinates>85.384555,21.946625,3.0 85.38444166666666,21.946721666666665,3.0 85.38437666666667,21.94677,3.0 85.38431333333334,21.94682,3.0</coordinates>
                    </LineString>
                </Placemark>
                <Placemark id="2035">
                    <name>August 8 — N10706_P0_Climb28</name>
                    <description>Shift: August 8 — N10706
Type: Continuous Climb
Length: 6.6 m
Gradient: 2.0 %</description>
                    <styleUrl>#1970</styleUrl>
                    <LineString id="2034">
                        <extrude>1</extrude>
                        <altitudeMode>relativeToGround</altitudeMode>
                        <coordinates>85.38412833333334,21.94694,3.0 85.38407,21.946965,3.0</coordinates>
                    </LineString>
                </Placemark>
                <Placemark id="2039">
                    <name>August 8 — N10706_P0_Climb30</name>
                    <description>Shift: August 8 — N10706
Type: Continuous Climb
Length: 9.3 m
Gradient: 2.1 %</description>
                    <styleUrl>#1970</styleUrl>
                    <LineString id="2038">
                        <extrude>1</extrude>
                        <altitudeMode>relativeToGround</altitudeMode>
                        <coordinates>85.38390666666666,21.946996666666667,3.0 85.38386166666666,21.946995,3.0 85.38381666666666,21.94699,3.0</coordinates>
                    </LineString>
                </Placemark>
                <Placemark id="2043">
                    <name>August 8 — N10706_P0_Climb32</name>
                    <description>Shift: August 8 — N10706
Type: Continuous Climb
Length: 11.5 m
Gradient: 4.9 %</description>
                    <styleUrl>#1970</styleUrl>
                    <LineString id="2042">
                        <extrude>1</extrude>
                        <altitudeMode>relativeToGround</altitudeMode>
                        <coordinates>85.383775,21.946986666666668,3.0 85.383745,21.94698,3.0 85.38371833333333,21.946975,3.0 85.38369166666666,21.946971666666666,3.0 85.383665,21.94697,3.0</coordinates>
                    </LineString>
                </Placemark>
                <Placemark id="2047">
                    <name>August 8 — N10706_P0_Climb34</name>
                    <description>Shift: August 8 — N10706
Type: Continuous Climb
Length: 11.9 m
Gradient: 8.1 %</description>
                    <styleUrl>#1972</styleUrl>
                    <LineString id="2046">
                        <extrude>1</extrude>
                        <altitudeMode>relativeToGround</altitudeMode>
                        <coordinates>85.38363666666666,21.946971666666666,3.0 85.383605,21.946976666666668,3.0 85.38357833333333,21.946985,3.0 85.383555,21.947,3.0 85.38353666666667,21.947018333333332,3.0</coordinates>
                    </LineString>
                </Placemark>
                <Placemark id="2051">
                    <name>August 8 — N10706_P0_Climb36</name>
                    <description>Shift: August 8 — N10706
Type: Continuous Climb
Length: 2.3 m
Gradient: 5.8 %</description>
                    <styleUrl>#1970</styleUrl>
                    <LineString id="2050">
                        <extrude>1</extrude>
                        <altitudeMode>relativeToGround</altitudeMode>
                        <coordinates>85.383525,21.94703833333333,3.0 85.38351833333333,21.94705,3.0 85.383515,21.947055,3.0 85.38351666666667,21.947055,3.0</coordinates>
                    </LineString>
                </Placemark>
                <Placemark id="2055">
                    <name>August 8 — N10706_P0_Climb38</name>
                    <description>Shift: August 8 — N10706
Type: Continuous Climb
Length: 3.9 m
Gradient: 4.3 %</description>
                    <styleUrl>#1970</styleUrl>
                    <LineString id="2054">
                        <extrude>1</extrude>
                        <altitudeMode>relativeToGround</altitudeMode>
                        <coordinates>85.383515,21.94705666666667,3.0 85.383515,21.94706,3.0 85.38351666666667,21.947073333333332,3.0 85.38351666666667,21.947091666666665,3.0</coordinates>
                    </LineString>
                </Placemark>
                <Placemark id="2059">
                    <name>August 8 — N10706_P0_Climb40</name>
                    <description>Shift: August 8 — N10706
Type: Continuous Climb
Length: 1.6 m
Gradient: 6.3 %</description>
                    <styleUrl>#1972</styleUrl>
                    <LineString id="2058">
                        <extrude>1</extrude>
                        <altitudeMode>relativeToGround</altitudeMode>
                        <coordinates>85.38363,21.947231666666667,3.0 85.38364166666666,21.947238333333335,3.0 85.38364,21.947238333333335,3.0</coordinates>
                    </LineString>
                </Placemark>
                <Placemark id="2063">
                    <name>August 8 — N10706_P0_Climb42</name>
                    <description>Shift: August 8 — N10706
Type: Continuous Climb
Length: 2.6 m
Gradient: 2.6 %</description>
                    <styleUrl>#1970</styleUrl>
                    <LineString id="2062">
                        <extrude>1</extrude>
                        <altitudeMode>relativeToGround</altitudeMode>
                        <coordinates>85.38364166666666,21.947238333333335,3.0 85.38363666666666,21.947231666666667,3.0 85.38362666666667,21.94722,3.0</coordinates>
                    </LineString>
                </Placemark>
                <Placemark id="2067">
                    <name>August 8 — N10706_P0_Climb44</name>
                    <description>Shift: August 8 — N10706
Type: Continuous Climb
Length: 3.2 m
Gradient: 2.1 %</description>
                    <styleUrl>#1970</styleUrl>
                    <LineString id="2066">
                        <extrude>1</extrude>
                        <altitudeMode>relativeToGround</altitudeMode>
                        <coordinates>85.38356333333333,21.947168333333334,3.0 85.38353833333333,21.947151666666667,3.0</coordinates>
                    </LineString>
                </Placemark>
                <Placemark id="2071">
                    <name>August 8 — N10706_P0_Climb46</name>
                    <description>Shift: August 8 — N10706
Type: Continuous Climb
Length: 5.3 m
Gradient: 3.8 %</description>
                    <styleUrl>#1970</styleUrl>
                    <LineString id="2070">
                        <extrude>1</extrude>
                        <altitudeMode>relativeToGround</altitudeMode>
                        <coordinates>85.383495,21.947133333333333,3.0 85.38348166666667,21.947135,3.0 85.38347,21.947135,3.0 85.38346333333334,21.947138333333335,3.0 85.38345833333334,21.947143333333333,3.0 85.38345666666666,21.947151666666667,3.0 85.38345833333334,21.94715,3.0</coordinates>
                    </LineString>
                </Placemark>
                <Placemark id="2075">
                    <name>August 8 — N10706_P0_Climb48</name>
                    <description>Shift: August 8 — N10706
Type: Continuous Climb
Length: 1.3 m
Gradient: 15.7 %</description>
                    <styleUrl>#1974</styleUrl>
                    <LineString id="2074">
                        <extrude>1</extrude>
                        <altitudeMode>relativeToGround</altitudeMode>
                        <coordinates>85.383465,21.947138333333335,3.0 85.38347,21.947135,3.0 85.383475,21.947131666666667,3.0</coordinates>
                    </LineString>
                </Placemark>
                <Placemark id="2079">
                    <name>August 8 — N10706_P0_Climb50</name>
                    <description>Shift: August 8 — N10706
Type: Continuous Climb
Length: 1.7 m
Gradient: 21.7 %</description>
                    <styleUrl>#1974</styleUrl>
                    <LineString id="2078">
                        <extrude>1</extrude>
                        <altitudeMode>relativeToGround</altitudeMode>
                        <coordinates>85.383475,21.947131666666667,3.0 85.38347833333333,21.94713,3.0 85.38348,21.947128333333332,3.0 85.38348333333333,21.947126666666666,3.0 85.38348666666667,21.947121666666668,3.0</coordinates>
                    </LineString>
                </Placemark>
                <Placemark id="2083">
                    <name>August 8 — N10706_P0_Climb52</name>
                    <description>Shift: August 8 — N10706
Type: Continuous Climb
Length: 1.4 m
Gradient: 2.4 %</description>
                    <styleUrl>#1970</styleUrl>
                    <LineString id="2082">
                        <extrude>1</extrude>
                        <altitudeMode>relativeToGround</altitudeMode>
                        <coordinates>85.38349,21.947115,3.0 85.38349833333334,21.947105,3.0</coordinates>
                    </LineString>
                </Placemark>
                <Placemark id="2087">
                    <name>August 8 — N10706_P0_Climb54</name>
                    <description>Shift: August 8 — N10706
Type: Continuous Climb
Length: 2.4 m
Gradient: 2.8 %</description>
                    <styleUrl>#1970</styleUrl>
                    <LineString id="2086">
                        <extrude>1</extrude>
                        <altitudeMode>relativeToGround</altitudeMode>
                        <coordinates>85.38351333333334,21.94709,3.0 85.38353166666667,21.947076666666668,3.0</coordinates>
                    </LineString>
                </Placemark>
                <Placemark id="2091">
                    <name>August 8 — N10706_P0_Climb56</name>
                    <description>Shift: August 8 — N10706
Type: Continuous Climb
Length: 20.1 m
Gradient: 4.3 %</description>
                    <styleUrl>#1970</styleUrl>
                    <LineString id="2090">
                        <extrude>1</extrude>
                        <altitudeMode>relativeToGround</altitudeMode>
                        <coordinates>85.38357333333333,21.947053333333333,3.0 85.3836,21.947051666666667,3.0 85.38363,21.947055,3.0 85.38366166666667,21.94705666666667,3.0 85.383695,21.94705666666667,3.0 85.38373,21.947051666666667,3.0 85.38376666666667,21.947046666666665,3.0</coordinates>
                    </LineString>
                </Placemark>
                <Placemark id="2095">
                    <name>August 8 — N10706_P0_Climb58</name>
                    <description>Shift: August 8 — N10706
Type: Continuous Climb
Length: 82.0 m
Gradient: 3.5 %</description>
                    <styleUrl>#1970</styleUrl>
                    <LineString id="2094">
                        <extrude>1</extrude>
                        <altitudeMode>relativeToGround</altitudeMode>
                        <coordinates>85.383855,21.94703,3.0 85.38390333333334,21.947021666666668,3.0 85.38395166666666,21.947008333333333,3.0 85.38400333333334,21.946995,3.0 85.38405833333333,21.946975,3.0 85.38411666666667,21.94695,3.0 85.38417166666666,21.94692,3.0 85.38423,21.946885,3.0 85.38429,21.946843333333334,3.0 85.384345,21.9468,3.0 85.3844,21.946751666666668,3.0 85.38446,21.9467,3.0 85.38451666666667,21.946646666666666,3.0</coordinates>
                    </LineString>
                </Placemark>
                <Placemark id="2099">
                    <name>August 8 — N10706_P0_Climb60</name>
                    <description>Shift: August 8 — N10706
Type: Continuous Climb
Length: 134.5 m
Gradient: 3.6 %</description>
                    <styleUrl>#1970</styleUrl>
                    <LineString id="2098">
                        <extrude>1</extrude>
                        <altitudeMode>relativeToGround</altitudeMode>
                        <coordinates>85.38465166666667,21.94552,3.0 85.38464666666667,21.945446666666665,3.0 85.38464666666667,21.945375,3.0 85.38465333333333,21.945301666666666,3.0 85.38466166666667,21.945228333333333,3.0 85.384665,21.945151666666668,3.0 85.384665,21.945075,3.0 85.38466166666667,21.94499666666667,3.0 85.38465666666667,21.94492,3.0 85.38465,21.944841666666665,3.0 85.38464,21.944766666666666,3.0 85.38463,21.944691666666667,3.0 85.38462166666666,21.944615,3.0 85.38461166666667,21.94454,3.0 85.38459833333333,21.944465,3.0 85.384585,21.944391666666668,3.0 85.38457166666667,21.944316666666666,3.0</coordinates>
                    </LineString>
                </Placemark>
                <Placemark id="2103">
                    <name>August 8 — N10706_P0_Climb62</name>
                    <description>Shift: August 8 — N10706
Type: Continuous Climb
Length: 57.7 m
Gradient: 3.4 %</description>
                    <styleUrl>#1970</styleUrl>
                    <LineString id="2102">
                        <extrude>1</extrude>
                        <altitudeMode>relativeToGround</altitudeMode>
                        <coordinates>85.38453333333334,21.943481666666667,3.0 85.38452666666667,21.943398333333334,3.0 85.38451333333333,21.943316666666668,3.0 85.38448,21.943166666666666,3.0 85.38446,21.9431,3.0 85.38443833333334,21.943036666666668,3.0 85.384415,21.942976666666667,3.0</coordinates>
                    </LineString>
                </Placemark>
                <Placemark id="2107">
                    <name>August 8 — N10706_P0_Climb64</name>
                    <description>Shift: August 8 — N10706
Type: Continuous Climb
Length: 39.8 m
Gradient: 4.2 %</description>
                    <styleUrl>#1970</styleUrl>
                    <LineString id="2106">
                        <extrude>1</extrude>
                        <altitudeMode>relativeToGround</altitudeMode>
                        <coordinates>85.384415,21.942976666666667,3.0 85.38436833333333,21.942848333333334,3.0 85.384345,21.942781666666665,3.0 85.38432166666666,21.942703333333334,3.0 85.38431,21.942633333333333,3.0</coordinates>
                    </LineString>
                </Placemark>
                <Placemark id="2111">
                    <name>August 8 — N10706_P0_Climb66</name>
                    <description>Shift: August 8 — N10706
Type: Continuous Climb
Length: 21.6 m
Gradient: 2.3 %</description>
                    <styleUrl>#1970</styleUrl>
                    <LineString id="2110">
                        <extrude>1</extrude>
                        <altitudeMode>relativeToGround</altitudeMode>
                        <coordinates>85.38431,21.942633333333333,3.0 85.38431333333334,21.9425,3.0 85.38432666666667,21.94244,3.0</coordinates>
                    </LineString>
                </Placemark>
                <Placemark id="2115">
                    <name>August 8 — N10706_P0_Climb68</name>
                    <description>Shift: August 8 — N10706
Type: Continuous Climb
Length: 26.5 m
Gradient: 4.3 %</description>
                    <styleUrl>#1970</styleUrl>
                    <LineString id="2114">
                        <extrude>1</extrude>
                        <altitudeMode>relativeToGround</altitudeMode>
                        <coordinates>85.38443833333334,21.942156666666666,3.0 85.38446666666667,21.942081666666667,3.0 85.38449833333334,21.942006666666668,3.0 85.38453333333334,21.941935,3.0</coordinates>
                    </LineString>
                </Placemark>
                <Placemark id="2119">
                    <name>August 8 — N10706_P0_Climb70</name>
                    <description>Shift: August 8 — N10706
Type: Continuous Climb
Length: 33.2 m
Gradient: 3.5 %</description>
                    <styleUrl>#1970</styleUrl>
                    <LineString id="2118">
                        <extrude>1</extrude>
                        <altitudeMode>relativeToGround</altitudeMode>
                        <coordinates>85.38453333333334,21.941935,3.0 85.384595,21.941793333333333,3.0 85.38463166666666,21.941726666666668,3.0 85.38466333333334,21.94166166666667,3.0</coordinates>
                    </LineString>
                </Placemark>
                <Placemark id="2123">
                    <name>August 8 — N10706_P0_Climb72</name>
                    <description>Shift: August 8 — N10706
Type: Continuous Climb
Length: 58.3 m
Gradient: 5.2 %</description>
                    <styleUrl>#1970</styleUrl>
                    <LineString id="2122">
                        <extrude>1</extrude>
                        <altitudeMode>relativeToGround</altitudeMode>
                        <coordinates>85.38469333333333,21.941593333333334,3.0 85.38472833333333,21.941528333333334,3.0 85.384765,21.941463333333335,3.0 85.384805,21.941396666666666,3.0 85.38485,21.941331666666667,3.0 85.38489666666666,21.94127,3.0 85.384945,21.941208333333332,3.0 85.38499333333333,21.94115,3.0</coordinates>
                    </LineString>
                </Placemark>
                <Placemark id="2127">
                    <name>August 8 — N10706_P0_Climb74</name>
                    <description>Shift: August 8 — N10706
Type: Continuous Climb
Length: 8.5 m
Gradient: 2.7 %</description>
                    <styleUrl>#1970</styleUrl>
                    <LineString id="2126">
                        <extrude>1</extrude>
                        <altitudeMode>relativeToGround</altitudeMode>
                        <coordinates>85.38509833333333,21.941036666666665,3.0 85.38515166666667,21.940978333333334,3.0</coordinates>
                    </LineString>
                </Placemark>
                <Placemark id="2131">
                    <name>August 8 — N10706_P0_Climb76</name>
                    <description>Shift: August 8 — N10706
Type: Continuous Climb
Length: 146.6 m
Gradient: 10.1 %</description>
                    <styleUrl>#1974</styleUrl>
                    <LineString id="2130">
                        <extrude>1</extrude>
                        <altitudeMode>relativeToGround</altitudeMode>
                        <coordinates>85.38525666666666,21.940855,3.0 85.38530333333334,21.940793333333332,3.0 85.38534666666666,21.940735,3.0 85.38538666666666,21.94067666666667,3.0 85.385425,21.940616666666667,3.0 85.38546,21.940556666666666,3.0 85.385495,21.940495,3.0 85.38552666666666,21.940428333333333,3.0 85.38555,21.94036,3.0 85.38556666666666,21.940291666666667,3.0 85.38557166666666,21.940225,3.0 85.38557,21.940158333333333,3.0 85.385555,21.940098333333335,3.0 85.385525,21.940041666666666,3.0 85.38549166666667,21.939985,3.0 85.38545,21.939928333333334,3.0 85.38540333333333,21.939878333333333,3.0 85.385355,21.939823333333333,3.0 85.3853,21.939768333333333,3.0 85.385245,21.93971,3.0</coordinates>
                    </LineString>
                </Placemark>
                <Placemark id="2135">
                    <name>August 8 — N10706_P0_Climb78</name>
                    <description>Shift: August 8 — N10706
Type: Continuous Climb
Length: 63.1 m
Gradient: 3.7 %</description>
                    <styleUrl>#1970</styleUrl>
                    <LineString id="2134">
                        <extrude>1</extrude>
                        <altitudeMode>relativeToGround</altitudeMode>
                        <coordinates>85.38501333333333,21.939491666666665,3.0 85.38494666666666,21.939453333333333,3.0 85.38488,21.939421666666668,3.0 85.38481166666666,21.939396666666667,3.0 85.38473666666667,21.939376666666668,3.0 85.38466333333334,21.939376666666668,3.0 85.38458833333334,21.93938,3.0 85.38451166666667,21.939393333333335,3.0 85.384435,21.939415,3.0</coordinates>
                    </LineString>
                </Placemark>
                <Placemark id="2139">
                    <name>August 8 — N10706_P0_Climb80</name>
                    <description>Shift: August 8 — N10706
Type: Continuous Climb
Length: 88.9 m
Gradient: 4.8 %</description>
                    <styleUrl>#1970</styleUrl>
                    <LineString id="2138">
                        <extrude>1</extrude>
                        <altitudeMode>relativeToGround</altitudeMode>
                        <coordinates>85.38436166666666,21.939441666666667,3.0 85.38428833333333,21.93947,3.0 85.38422166666666,21.939503333333334,3.0 85.38415833333333,21.939541666666667,3.0 85.38409833333333,21.939583333333335,3.0 85.38403833333334,21.93962833333333,3.0 85.38398,21.93967,3.0 85.38392166666667,21.93971,3.0 85.38385833333334,21.939743333333332,3.0 85.38379166666667,21.93976333333333,3.0 85.383725,21.939766666666667,3.0 85.383665,21.93975,3.0 85.38361333333333,21.93972,3.0</coordinates>
                    </LineString>
                </Placemark>
                <Placemark id="2143">
                    <name>August 8 — N10706_P0_Climb82</name>
                    <description>Shift: August 8 — N10706
Type: Continuous Climb
Length: 50.4 m
Gradient: 2.9 %</description>
                    <styleUrl>#1970</styleUrl>
                    <LineString id="2142">
                        <extrude>1</extrude>
                        <altitudeMode>relativeToGround</altitudeMode>
                        <coordinates>85.38338,21.939518333333332,3.0 85.38333166666666,21.939475,3.0 85.38328166666666,21.939431666666668,3.0 85.38323166666666,21.939388333333333,3.0 85.38317833333333,21.939343333333333,3.0 85.383125,21.9393,3.0 85.38307166666667,21.939256666666665,3.0 85.38301666666666,21.939215,3.0</coordinates>
                    </LineString>
                </Placemark>
                <Placemark id="2147">
                    <name>August 8 — N10706_P0_Climb84</name>
                    <description>Shift: August 8 — N10706
Type: Continuous Climb
Length: 102.4 m
Gradient: 3.5 %</description>
                    <styleUrl>#1970</styleUrl>
                    <LineString id="2146">
                        <extrude>1</extrude>
                        <altitudeMode>relativeToGround</altitudeMode>
                        <coordinates>85.38291,21.939126666666667,3.0 85.382855,21.939081666666667,3.0 85.3828,21.939035,3.0 85.38274,21.938988333333334,3.0 85.38267833333333,21.938945,3.0 85.38261666666666,21.9389,3.0 85.38255166666667,21.938858333333332,3.0 85.38248666666667,21.938818333333334,3.0 85.38241666666667,21.93878,3.0 85.38234833333334,21.938746666666667,3.0 85.38227666666667,21.938716666666668,3.0 85.38220666666666,21.93869,3.0 85.38213666666667,21.93867,3.0 85.38207166666666,21.938653333333335,3.0</coordinates>
                    </LineString>
                </Placemark>
                <Placemark id="2151">
                    <name>August 8 — N10706_P0_Climb86</name>
                    <description>Shift: August 8 — N10706
Type: Continuous Climb
Length: 60.0 m
Gradient: 9.7 %</description>
                    <styleUrl>#1972</styleUrl>
                    <LineString id="2150">
                        <extrude>1</extrude>
                        <altitudeMode>relativeToGround</altitudeMode>
                        <coordinates>85.38194666666666,21.938631666666666,3.0 85.381885,21.938623333333332,3.0 85.38182666666667,21.938615,3.0 85.38177166666667,21.938608333333335,3.0 85.38172,21.938601666666667,3.0 85.38167333333334,21.938601666666667,3.0 85.38163333333334,21.938601666666667,3.0 85.38159666666667,21.938601666666667,3.0 85.38156666666667,21.938601666666667,3.0 85.38154166666666,21.938601666666667,3.0 85.38151666666667,21.9386,3.0 85.38149333333334,21.938598333333335,3.0 85.38147,21.938595,3.0 85.38144833333334,21.938593333333333,3.0 85.38142833333333,21.938591666666667,3.0 85.38141,21.93859,3.0 85.38138833333333,21.938588333333332,3.0 85.38136833333333,21.938586666666666,3.0</coordinates>
                    </LineString>
                </Placemark>
                <Placemark id="2155">
                    <name>August 8 — N10706_P0_Climb88</name>
                    <description>Shift: August 8 — N10706
Type: Continuous Climb
Length: 25.2 m
Gradient: 16.0 %</description>
                    <styleUrl>#1974</styleUrl>
                    <LineString id="2154">
                        <extrude>1</extrude>
                        <altitudeMode>relativeToGround</altitudeMode>
                        <coordinates>85.38132666666667,21.938583333333334,3.0 85.38130333333334,21.93858,3.0 85.38128,21.938575,3.0 85.38125833333334,21.938571666666668,3.0 85.381235,21.938568333333333,3.0 85.38121166666667,21.938565,3.0 85.38118833333333,21.938563333333335,3.0 85.38116166666667,21.93856,3.0 85.38113666666666,21.938558333333333,3.0 85.381085,21.938553333333335,3.0</coordinates>
                    </LineString>
                </Placemark>
                <Placemark id="2159">
                    <name>August 8 — N10706_P0_Climb90</name>
                    <description>Shift: August 8 — N10706
Type: Continuous Climb
Length: 19.4 m
Gradient: 18.7 %</description>
                    <styleUrl>#1974</styleUrl>
                    <LineString id="2158">
                        <extrude>1</extrude>
                        <altitudeMode>relativeToGround</altitudeMode>
                        <coordinates>85.381085,21.938553333333335,3.0 85.38105833333333,21.938551666666665,3.0 85.38099666666666,21.938548333333333,3.0 85.38096333333333,21.938548333333333,3.0 85.38093,21.938546666666667,3.0 85.38089666666667,21.938546666666667,3.0</coordinates>
                    </LineString>
                </Placemark>
                <Placemark id="2163">
                    <name>August 8 — N10706_P0_Climb92</name>
                    <description>Shift: August 8 — N10706
Type: Continuous Climb
Length: 18.3 m
Gradient: 10.4 %</description>
                    <styleUrl>#1974</styleUrl>
                    <LineString id="2162">
                        <extrude>1</extrude>
                        <altitudeMode>relativeToGround</altitudeMode>
                        <coordinates>85.38089666666667,21.938546666666667,3.0 85.38083,21.938546666666667,3.0 85.380795,21.93855,3.0 85.38075833333333,21.938555,3.0 85.38072,21.93856,3.0</coordinates>
                    </LineString>
                </Placemark>
                <Placemark id="2167">
                    <name>August 8 — N10706_P0_Climb94</name>
                    <description>Shift: August 8 — N10706
Type: Continuous Climb
Length: 4.1 m
Gradient: 3.2 %</description>
                    <styleUrl>#1970</styleUrl>
                    <LineString id="2166">
                        <extrude>1</extrude>
                        <altitudeMode>relativeToGround</altitudeMode>
                        <coordinates>85.38057166666667,21.938586666666666,3.0 85.38053333333333,21.938596666666665,3.0</coordinates>
                    </LineString>
                </Placemark>
                <Placemark id="2171">
                    <name>August 8 — N10706_P0_Climb96</name>
                    <description>Shift: August 8 — N10706
Type: Continuous Climb
Length: 44.9 m
Gradient: 6.6 %</description>
                    <styleUrl>#1972</styleUrl>
                    <LineString id="2170">
                        <extrude>1</extrude>
                        <altitudeMode>relativeToGround</altitudeMode>
                        <coordinates>85.38053333333333,21.938596666666665,3.0 85.38045833333334,21.938626666666668,3.0 85.38042,21.938643333333335,3.0 85.38038166666666,21.938665,3.0 85.38034333333333,21.938686666666666,3.0 85.38030833333333,21.938715,3.0 85.38027333333334,21.938745,3.0 85.38024333333334,21.938775,3.0 85.380215,21.938805,3.0 85.38018833333334,21.938833333333335,3.0</coordinates>
                    </LineString>
                </Placemark>
                <Placemark id="2175">
                    <name>August 8 — N10706_P0_Climb98</name>
                    <description>Shift: August 8 — N10706
Type: Continuous Climb
Length: 56.7 m
Gradient: 11.5 %</description>
                    <styleUrl>#1974</styleUrl>
                    <LineString id="2174">
                        <extrude>1</extrude>
                        <altitudeMode>relativeToGround</altitudeMode>
                        <coordinates>85.38018833333334,21.938833333333335,3.0 85.38012833333333,21.938886666666665,3.0 85.38010166666666,21.93891,3.0 85.38007,21.938935,3.0 85.38003833333333,21.938961666666668,3.0 85.38001,21.938986666666665,3.0 85.37998,21.939011666666666,3.0 85.37995,21.939038333333333,3.0 85.37992,21.939063333333333,3.0 85.37989,21.93909,3.0 85.37985833333333,21.939118333333333,3.0 85.379825,21.93915,3.0 85.37978833333334,21.939183333333332,3.0</coordinates>
                    </LineString>
                </Placemark>
                <Placemark id="2179">
                    <name>August 8 — N10706_P0_Climb100</name>
                    <description>Shift: August 8 — N10706
Type: Continuous Climb
Length: 6.7 m
Gradient: 2.5 %</description>
                    <styleUrl>#1970</styleUrl>
                    <LineString id="2178">
                        <extrude>1</extrude>
                        <altitudeMode>relativeToGround</altitudeMode>
                        <coordinates>85.37967333333333,21.9393,3.0 85.37963,21.939345,3.0</coordinates>
                    </LineString>
                </Placemark>
                <Placemark id="2183">
                    <name>August 8 — N10706_P0_Climb102</name>
                    <description>Shift: August 8 — N10706
Type: Continuous Climb
Length: 7.2 m
Gradient: 2.8 %</description>
                    <styleUrl>#1970</styleUrl>
                    <LineString id="2182">
                        <extrude>1</extrude>
                        <altitudeMode>relativeToGround</altitudeMode>
                        <coordinates>85.37938666666666,21.939586666666667,3.0 85.37933333333334,21.93962833333333,3.0</coordinates>
                    </LineString>
                </Placemark>
                <Placemark id="2187">
                    <name>August 8 — N10706_P0_Climb104</name>
                    <description>Shift: August 8 — N10706
Type: Continuous Climb
Length: 19.3 m
Gradient: 3.3 %</description>
                    <styleUrl>#1970</styleUrl>
                    <LineString id="2186">
                        <extrude>1</extrude>
                        <altitudeMode>relativeToGround</altitudeMode>
                        <coordinates>85.37921166666666,21.939693333333334,3.0 85.37914666666667,21.939706666666666,3.0 85.37908666666667,21.939706666666666,3.0 85.37902833333334,21.93969166666667,3.0</coordinates>
                    </LineString>
                </Placemark>
                <Placemark id="2191">
                    <name>August 8 — N10706_P0_Climb106</name>
                    <description>Shift: August 8 — N10706
Type: Continuous Climb
Length: 19.9 m
Gradient: 5.7 %</description>
                    <styleUrl>#1970</styleUrl>
                    <LineString id="2190">
                        <extrude>1</extrude>
                        <altitudeMode>relativeToGround</altitudeMode>
                        <coordinates>85.37897833333334,21.939671666666666,3.0 85.378935,21.93964666666667,3.0 85.37889833333334,21.939616666666666,3.0 85.37887333333333,21.939581666666665,3.0 85.37885833333333,21.93954,3.0</coordinates>
                    </LineString>
                </Placemark>
                <Placemark id="2195">
                    <name>August 8 — N10706_P0_Climb108</name>
                    <description>Shift: August 8 — N10706
Type: Continuous Climb
Length: 41.8 m
Gradient: 7.0 %</description>
                    <styleUrl>#1972</styleUrl>
                    <LineString id="2194">
                        <extrude>1</extrude>
                        <altitudeMode>relativeToGround</altitudeMode>
                        <coordinates>85.37885166666666,21.939498333333333,3.0 85.37885,21.93946,3.0 85.37885,21.939425,3.0 85.37885333333334,21.939395,3.0 85.37886,21.939371666666666,3.0 85.37886833333333,21.93935,3.0 85.37888,21.939329999999998,3.0 85.37889333333334,21.93931,3.0 85.37890666666667,21.93929,3.0 85.37891833333333,21.93927,3.0 85.37892833333333,21.93925,3.0 85.37893833333334,21.939228333333332,3.0 85.378945,21.939205,3.0 85.37895166666667,21.939183333333332,3.0 85.37895666666667,21.939163333333333,3.0 85.37895833333333,21.939143333333334,3.0</coordinates>
                    </LineString>
                </Placemark>
                <Placemark id="2199">
                    <name>August 8 — N10706_P0_Climb110</name>
                    <description>Shift: August 8 — N10706
Type: Continuous Climb
Length: 11.8 m
Gradient: 11.3 %</description>
                    <styleUrl>#1974</styleUrl>
                    <LineString id="2198">
                        <extrude>1</extrude>
                        <altitudeMode>relativeToGround</altitudeMode>
                        <coordinates>85.37896,21.939126666666667,3.0 85.37896,21.93911,3.0 85.37895666666667,21.939093333333332,3.0 85.37895166666667,21.93908,3.0 85.37894166666666,21.939068333333335,3.0 85.37893,21.93906,3.0 85.37891833333333,21.939053333333334,3.0 85.37891333333333,21.939051666666668,3.0 85.37890833333333,21.939046666666666,3.0 85.378905,21.939045,3.0 85.37890333333333,21.939045,3.0</coordinates>
                    </LineString>
                </Placemark>
                <Placemark id="2203">
                    <name>August 8 — N10706_P0_Climb112</name>
                    <description>Shift: August 8 — N10706
Type: Continuous Climb
Length: 1.5 m
Gradient: 4.6 %</description>
                    <styleUrl>#1970</styleUrl>
                    <LineString id="2202">
                        <extrude>1</extrude>
                        <altitudeMode>relativeToGround</altitudeMode>
                        <coordinates>85.37890333333333,21.939043333333334,3.0 85.37889833333334,21.939043333333334,3.0 85.37889,21.93904,3.0</coordinates>
                    </LineString>
                </Placemark>
                <Placemark id="2207">
                    <name>August 8 — N10706_P0_Climb114</name>
                    <description>Shift: August 8 — N10706
Type: Continuous Climb
Length: 16.0 m
Gradient: 9.8 %</description>
                    <styleUrl>#1972</styleUrl>
                    <LineString id="2206">
                        <extrude>1</extrude>
                        <altitudeMode>relativeToGround</altitudeMode>
                        <coordinates>85.37887166666667,21.939036666666667,3.0 85.37886166666667,21.939035,3.0 85.37884833333334,21.939033333333334,3.0 85.37882833333333,21.939038333333333,3.0 85.37880666666666,21.939043333333334,3.0 85.37878666666667,21.939055,3.0 85.37877,21.93907,3.0 85.37875333333334,21.939083333333333,3.0 85.37873833333333,21.939095000000002,3.0</coordinates>
                    </LineString>
                </Placemark>
                <Placemark id="2211">
                    <name>August 8 — N10706_P0_Climb116</name>
                    <description>Shift: August 8 — N10706
Type: Continuous Climb
Length: 15.8 m
Gradient: 5.1 %</description>
                    <styleUrl>#1970</styleUrl>
                    <LineString id="2210">
                        <extrude>1</extrude>
                        <altitudeMode>relativeToGround</altitudeMode>
                        <coordinates>85.37872333333334,21.939108333333333,3.0 85.37870833333334,21.939123333333335,3.0 85.37869666666667,21.939145,3.0 85.37869166666667,21.93917,3.0 85.37869,21.939196666666668,3.0 85.378695,21.93922166666667,3.0 85.37870333333333,21.93924,3.0</coordinates>
                    </LineString>
                </Placemark>
                <Placemark id="2215">
                    <name>August 8 — N10706_P0_Climb118</name>
                    <description>Shift: August 8 — N10706
Type: Continuous Climb
Length: 0.8 m
Gradient: 8.0 %</description>
                    <styleUrl>#1972</styleUrl>
                    <LineString id="2214">
                        <extrude>1</extrude>
                        <altitudeMode>relativeToGround</altitudeMode>
                        <coordinates>85.37870833333334,21.939253333333333,3.0 85.37871,21.939255,3.0 85.37870833333334,21.93926,3.0</coordinates>
                    </LineString>
                </Placemark>
                <Placemark id="2219">
                    <name>August 8 — N10706_P0_Climb120</name>
                    <description>Shift: August 8 — N10706
Type: Continuous Climb
Length: 21.3 m
Gradient: 13.6 %</description>
                    <styleUrl>#1974</styleUrl>
                    <LineString id="2218">
                        <extrude>1</extrude>
                        <altitudeMode>relativeToGround</altitudeMode>
                        <coordinates>85.37871166666666,21.939253333333333,3.0 85.378715,21.93925,3.0 85.37871666666666,21.939245,3.0 85.37872,21.939236666666666,3.0 85.378725,21.939225,3.0 85.37872833333333,21.939213333333335,3.0 85.37872833333333,21.939201666666666,3.0 85.37872166666666,21.93919,3.0 85.37871166666666,21.93917666666667,3.0 85.3787,21.939163333333333,3.0 85.37868833333333,21.939148333333332,3.0 85.378675,21.939136666666666,3.0 85.37866333333334,21.939123333333335,3.0 85.37865333333333,21.939111666666665,3.0 85.37864666666667,21.939101666666666,3.0 85.37864,21.939093333333332,3.0</coordinates>
                    </LineString>
                </Placemark>
                <Placemark id="2223">
                    <name>August 8 — N10706_P0_Climb122</name>
                    <description>Shift: August 8 — N10706
Type: Continuous Climb
Length: 117.5 m
Gradient: 7.2 %</description>
                    <styleUrl>#1972</styleUrl>
                    <LineString id="2222">
                        <extrude>1</extrude>
                        <altitudeMode>relativeToGround</altitudeMode>
                        <coordinates>85.37893166666667,21.93968,3.0 85.37896333333333,21.939703333333334,3.0 85.37903833333333,21.93973666666667,3.0 85.37908166666666,21.939746666666668,3.0 85.37912666666666,21.939751666666666,3.0 85.37921166666666,21.939745,3.0 85.37925833333334,21.93973666666667,3.0 85.37931166666667,21.93972,3.0 85.37941333333333,21.93966,3.0 85.37946,21.939616666666666,3.0 85.37951,21.93957,3.0 85.379615,21.939465,3.0 85.37966333333334,21.939408333333333,3.0 85.37977,21.93929,3.0 85.37982,21.939231666666668,3.0</coordinates>
                    </LineString>
                </Placemark>
                <Placemark id="2227">
                    <name>August 8 — N10706_P0_Climb124</name>
                    <description>Shift: August 8 — N10706
Type: Continuous Climb
Length: 54.6 m
Gradient: 3.9 %</description>
                    <styleUrl>#1970</styleUrl>
                    <LineString id="2226">
                        <extrude>1</extrude>
                        <altitudeMode>relativeToGround</altitudeMode>
                        <coordinates>85.37998333333333,21.93905833333333,3.0 85.38004166666667,21.939001666666666,3.0 85.38010166666666,21.938945,3.0 85.38022666666667,21.938828333333333,3.0 85.38036,21.938713333333332,3.0</coordinates>
                    </LineString>
                </Placemark>
                <Placemark id="2231">
                    <name>August 8 — N10706_P0_Climb126</name>
                    <description>Shift: August 8 — N10706
Type: Continuous Climb
Length: 16.7 m
Gradient: 2.4 %</description>
                    <styleUrl>#1970</styleUrl>
                    <LineString id="2230">
                        <extrude>1</extrude>
                        <altitudeMode>relativeToGround</altitudeMode>
                        <coordinates>85.38036,21.938713333333332,3.0 85.38050333333334,21.938643333333335,3.0</coordinates>
                    </LineString>
                </Placemark>
                <Placemark id="2235">
                    <name>August 8 — N10706_P0_Climb128</name>
                    <description>Shift: August 8 — N10706
Type: Continuous Climb
Length: 306.7 m
Gradient: 7.4 %</description>
                    <styleUrl>#1972</styleUrl>
                    <LineString id="2234">
                        <extrude>1</extrude>
                        <altitudeMode>relativeToGround</altitudeMode>
                        <coordinates>85.38078833333333,21.938606666666665,3.0 85.38085833333334,21.938601666666667,3.0 85.38099666666666,21.938591666666667,3.0 85.381065,21.938588333333332,3.0 85.38113333333334,21.938586666666666,3.0 85.38127666666666,21.938586666666666,3.0 85.38135166666666,21.93859,3.0 85.38142666666667,21.938598333333335,3.0 85.381505,21.938608333333335,3.0 85.38158333333334,21.938618333333334,3.0 85.38166166666667,21.938628333333334,3.0 85.38174,21.938638333333333,3.0 85.38181833333333,21.938648333333333,3.0 85.38189833333334,21.93866,3.0 85.381975,21.938673333333334,3.0 85.38204833333333,21.93869,3.0 85.38212166666666,21.93870666666667,3.0 85.38219333333333,21.938726666666668,3.0 85.382265,21.93875,3.0 85.38233333333334,21.938773333333334,3.0 85.38240333333333,21.9388,3.0 85.38246833333334,21.938831666666665,3.0 85.38253,21.938861666666668,3.0 85.382585,21.938898333333334,3.0 85.38264166666667,21.93894166666667,3.0 85.3827,21.938985,3.0 85.38275833333333,21.93903,3.0 85.38281833333333,21.93908,3.0 85.38287833333334,21.93913,3.0 85.38294,21.93918,3.0 85.38300166666667,21.93923,3.0 85.383065,21.939278333333334,3.0 85.38312666666667,21.939328333333332,3.0 85.38318833333334,21.939378333333334,3.0 85.38330833333333,21.939478333333334,3.0 85.38336833333334,21.93952833333333,3.0 85.38342833333333,21.93958,3.0</coordinates>
                    </LineString>
                </Placemark>
                <Placemark id="2239">
                    <name>August 8 — N10706_P0_Climb130</name>
                    <description>Shift: August 8 — N10706
Type: Continuous Climb
Length: 14.7 m
Gradient: 7.3 %</description>
                    <styleUrl>#1972</styleUrl>
                    <LineString id="2238">
                        <extrude>1</extrude>
                        <altitudeMode>relativeToGround</altitudeMode>
                        <coordinates>85.38381333333334,21.939828333333335,3.0 85.38385833333334,21.939828333333335,3.0 85.38390333333334,21.93982,3.0 85.38395,21.939799999999998,3.0</coordinates>
                    </LineString>
                </Placemark>
                <Placemark id="2243">
                    <name>August 8 — N10706_P0_Climb132</name>
                    <description>Shift: August 8 — N10706
Type: Continuous Climb
Length: 22.8 m
Gradient: 5.0 %</description>
                    <styleUrl>#1970</styleUrl>
                    <LineString id="2242">
                        <extrude>1</extrude>
                        <altitudeMode>relativeToGround</altitudeMode>
                        <coordinates>85.38395,21.939799999999998,3.0 85.38404,21.939746666666668,3.0 85.384085,21.939715,3.0 85.38412666666666,21.939678333333333,3.0</coordinates>
                    </LineString>
                </Placemark>
                <Placemark id="2247">
                    <name>August 8 — N10706_P0_Climb134</name>
                    <description>Shift: August 8 — N10706
Type: Continuous Climb
Length: 22.7 m
Gradient: 4.8 %</description>
                    <styleUrl>#1970</styleUrl>
                    <LineString id="2246">
                        <extrude>1</extrude>
                        <altitudeMode>relativeToGround</altitudeMode>
                        <coordinates>85.38492333333333,21.939475,3.0 85.38497333333333,21.939501666666665,3.0 85.38501666666667,21.939535,3.0 85.38505666666667,21.939571666666666,3.0 85.38509166666667,21.939605,3.0</coordinates>
                    </LineString>
                </Placemark>
                <Placemark id="2251">
                    <name>August 8 — N10706_P0_Climb136</name>
                    <description>Shift: August 8 — N10706
Type: Continuous Climb
Length: 41.7 m
Gradient: 3.5 %</description>
                    <styleUrl>#1970</styleUrl>
                    <LineString id="2250">
                        <extrude>1</extrude>
                        <altitudeMode>relativeToGround</altitudeMode>
                        <coordinates>85.38512166666666,21.93964,3.0 85.38515166666667,21.939675,3.0 85.38518333333333,21.939711666666668,3.0 85.38521666666666,21.939751666666666,3.0 85.385255,21.939795,3.0 85.38529666666666,21.939838333333334,3.0 85.38533833333334,21.939883333333334,3.0 85.38537833333334,21.93993,3.0</coordinates>
                    </LineString>
                </Placemark>
                <Placemark id="2255">
                    <name>August 8 — N10706_P0_Climb138</name>
                    <description>Shift: August 8 — N10706
Type: Continuous Climb
Length: 138.7 m
Gradient: 4.9 %</description>
                    <styleUrl>#1970</styleUrl>
                    <LineString id="2254">
                        <extrude>1</extrude>
                        <altitudeMode>relativeToGround</altitudeMode>
                        <coordinates>85.38548166666666,21.940095,3.0 85.385505,21.94016166666667,3.0 85.38551666666666,21.94023333333333,3.0 85.38551833333334,21.940308333333334,3.0 85.38551,21.940383333333333,3.0 85.38548833333333,21.940456666666666,3.0 85.38545833333333,21.940525,3.0 85.38542166666667,21.940591666666666,3.0 85.38538666666666,21.940648333333332,3.0 85.38534833333334,21.940701666666666,3.0 85.38530833333333,21.940753333333333,3.0 85.38527,21.940806666666667,3.0 85.38523333333333,21.94086,3.0 85.385195,21.940915,3.0 85.38515833333334,21.940968333333334,3.0 85.38511666666666,21.941025,3.0 85.38507333333334,21.94108,3.0 85.38502666666666,21.941136666666665,3.0 85.38497833333334,21.941193333333334,3.0</coordinates>
                    </LineString>
                </Placemark>
                <Placemark id="2261">
                    <name>August 8 — N10706_P0_Climb140</name>
                    <description>Shift: August 8 — N10706
Type: Continuous Climb
Length: 92.0 m
Gradient: 2.8 %</description>
                    <styleUrl>#1970</styleUrl>
                    <LineString id="2260">
                        <extrude>1</extrude>
                        <altitudeMode>relativeToGround</altitudeMode>
                        <coordinates>85.38460166666667,21.941791666666667,3.0 85.38456666666667,21.941868333333332,3.0 85.38453333333334,21.941943333333334,3.0 85.38450166666667,21.942013333333332,3.0 85.38447166666667,21.942081666666667,3.0 85.38444,21.94215,3.0 85.38440666666666,21.942218333333333,3.0 85.384375,21.942286666666668,3.0 85.38434333333333,21.94235,3.0 85.38431166666666,21.942415,3.0 85.38428333333333,21.942485,3.0 85.38426,21.942555,3.0</coordinates>
                    </LineString>
                </Placemark>
                <Placemark id="2265">
                    <name>August 8 — N10706_P0_Climb142</name>
                    <description>Shift: August 8 — N10706
Type: Continuous Climb
Length: 66.9 m
Gradient: 4.9 %</description>
                    <styleUrl>#1970</styleUrl>
                    <LineString id="2264">
                        <extrude>1</extrude>
                        <altitudeMode>relativeToGround</altitudeMode>
                        <coordinates>85.38422333333334,21.942775,3.0 85.38422,21.942851666666666,3.0 85.38421833333334,21.942926666666665,3.0 85.38422333333334,21.943001666666667,3.0 85.38422833333334,21.943076666666666,3.0 85.384235,21.943151666666665,3.0 85.38424166666667,21.943226666666668,3.0 85.38424833333333,21.943301666666667,3.0 85.38425333333333,21.943375,3.0</coordinates>
                    </LineString>
                </Placemark>
                <Placemark id="2269">
                    <name>August 8 — N10706_P0_Climb144</name>
                    <description>Shift: August 8 — N10706
Type: Continuous Climb
Length: 55.4 m
Gradient: 3.7 %</description>
                    <styleUrl>#1970</styleUrl>
                    <LineString id="2268">
                        <extrude>1</extrude>
                        <altitudeMode>relativeToGround</altitudeMode>
                        <coordinates>85.384245,21.943736666666666,3.0 85.38424166666667,21.94381,3.0 85.38423833333333,21.943883333333332,3.0 85.38424,21.943955,3.0 85.38424666666667,21.944025,3.0 85.384255,21.944095,3.0 85.38426666666666,21.944166666666668,3.0 85.38428333333333,21.944231666666667,3.0</coordinates>
                    </LineString>
                </Placemark>
                <Placemark id="2273">
                    <name>August 8 — N10706_P0_Climb146</name>
                    <description>Shift: August 8 — N10706
Type: Continuous Climb
Length: 31.8 m
Gradient: 2.6 %</description>
                    <styleUrl>#1970</styleUrl>
                    <LineString id="2272">
                        <extrude>1</extrude>
                        <altitudeMode>relativeToGround</altitudeMode>
                        <coordinates>85.38444666666666,21.94527,3.0 85.38445,21.945338333333332,3.0 85.384455,21.94541,3.0 85.38446333333333,21.945481666666666,3.0 85.38447,21.945555,3.0</coordinates>
                    </LineString>
                </Placemark>
                <Placemark id="2277">
                    <name>August 8 — N10706_P0_Climb148</name>
                    <description>Shift: August 8 — N10706
Type: Continuous Climb
Length: 38.4 m
Gradient: 2.4 %</description>
                    <styleUrl>#1970</styleUrl>
                    <LineString id="2276">
                        <extrude>1</extrude>
                        <altitudeMode>relativeToGround</altitudeMode>
                        <coordinates>85.38441666666667,21.946728333333333,3.0 85.38435166666666,21.946773333333333,3.0 85.38422333333334,21.946855,3.0 85.38410833333333,21.946921666666668,3.0</coordinates>
                    </LineString>
                </Placemark>
                <Placemark id="2281">
                    <name>August 8 — N10706_P0_Climb150</name>
                    <description>Shift: August 8 — N10706
Type: Continuous Climb
Length: 0.2 m
Gradient: 19.4 %</description>
                    <styleUrl>#1974</styleUrl>
                    <LineString id="2280">
                        <extrude>1</extrude>
                        <altitudeMode>relativeToGround</altitudeMode>
                        <coordinates>85.38349166666667,21.94716,3.0 85.38349,21.94716,3.0</coordinates>
                    </LineString>
                </Placemark>
                <Placemark id="2285">
                    <name>August 8 — N10706_P0_Climb152</name>
                    <description>Shift: August 8 — N10706
Type: Continuous Climb
Length: 0.2 m
Gradient: 38.8 %</description>
                    <styleUrl>#1974</styleUrl>
                    <LineString id="2284">
                        <extrude>1</extrude>
                        <altitudeMode>relativeToGround</altitudeMode>
                        <coordinates>85.38349,21.94716,3.0 85.38348833333333,21.94716,3.0</coordinates>
                    </LineString>
                </Placemark>
                <Placemark id="2289">
                    <name>August 8 — N10706_P0_Climb154</name>
                    <description>Shift: August 8 — N10706
Type: Continuous Climb
Length: 0.2 m
Gradient: 58.2 %</description>
                    <styleUrl>#1974</styleUrl>
                    <LineString id="2288">
                        <extrude>1</extrude>
                        <altitudeMode>relativeToGround</altitudeMode>
                        <coordinates>85.38348833333333,21.94716,3.0 85.38348666666667,21.94716,3.0</coordinates>
                    </LineString>
                </Placemark>
                <Placemark id="2293">
                    <name>August 8 — N10706_P0_Climb156</name>
                    <description>Shift: August 8 — N10706
Type: Continuous Climb
Length: 0.3 m
Gradient: 13.2 %</description>
                    <styleUrl>#1974</styleUrl>
                    <LineString id="2292">
                        <extrude>1</extrude>
                        <altitudeMode>relativeToGround</altitudeMode>
                        <coordinates>85.38348666666667,21.94716,3.0 85.383485,21.947161666666666,3.0</coordinates>
                    </LineString>
                </Placemark>
                <Placemark id="2297">
                    <name>August 8 — N10706_P0_Climb158</name>
                    <description>Shift: August 8 — N10706
Type: Continuous Climb
Length: 32.9 m
Gradient: 4.6 %</description>
                    <styleUrl>#1970</styleUrl>
                    <LineString id="2296">
                        <extrude>1</extrude>
                        <altitudeMode>relativeToGround</altitudeMode>
                        <coordinates>85.38348666666667,21.94716,3.0 85.38348833333333,21.947156666666668,3.0 85.38349166666667,21.947153333333333,3.0 85.38349666666667,21.947145,3.0 85.38350666666666,21.947133333333333,3.0 85.383525,21.947116666666666,3.0 85.383545,21.947101666666665,3.0 85.38356666666667,21.947085,3.0 85.38359833333334,21.947068333333334,3.0 85.38363333333334,21.947051666666667,3.0 85.38367166666667,21.947035,3.0 85.38371,21.94702,3.0 85.38375166666667,21.947005,3.0</coordinates>
                    </LineString>
                </Placemark>
                <Placemark id="2301">
                    <name>August 8 — N10706_P0_Climb160</name>
                    <description>Shift: August 8 — N10706
Type: Continuous Climb
Length: 5.6 m
Gradient: 2.4 %</description>
                    <styleUrl>#1970</styleUrl>
                    <LineString id="2300">
                        <extrude>1</extrude>
                        <altitudeMode>relativeToGround</altitudeMode>
                        <coordinates>85.38462666666666,21.94658,3.0 85.38467833333333,21.946563333333334,3.0</coordinates>
                    </LineString>
                </Placemark>
                <Placemark id="2305">
                    <name>August 8 — N10706_P0_Climb162</name>
                    <description>Shift: August 8 — N10706
Type: Continuous Climb
Length: 35.7 m
Gradient: 3.3 %</description>
                    <styleUrl>#1970</styleUrl>
                    <LineString id="2304">
                        <extrude>1</extrude>
                        <altitudeMode>relativeToGround</altitudeMode>
                        <coordinates>85.384865,21.946756666666666,3.0 85.38488,21.946811666666665,3.0 85.38489833333334,21.946868333333335,3.0 85.38491666666667,21.946931666666668,3.0 85.38493833333334,21.946996666666667,3.0 85.38496,21.947065,3.0</coordinates>
                    </LineString>
                </Placemark>
                <Placemark id="2309">
                    <name>August 8 — N10706_P0_Climb164</name>
                    <description>Shift: August 8 — N10706
Type: Continuous Climb
Length: 41.4 m
Gradient: 4.0 %</description>
                    <styleUrl>#1970</styleUrl>
                    <LineString id="2308">
                        <extrude>1</extrude>
                        <altitudeMode>relativeToGround</altitudeMode>
                        <coordinates>85.385005,21.947205,3.0 85.38503166666666,21.947276666666667,3.0 85.38505666666667,21.94735,3.0 85.38510333333333,21.947493333333334,3.0 85.38512666666666,21.94756,3.0</coordinates>
                    </LineString>
                </Placemark>
                <Placemark id="2313">
                    <name>August 8 — N10706_P0_Climb166</name>
                    <description>Shift: August 8 — N10706
Type: Continuous Climb
Length: 7.7 m
Gradient: 3.9 %</description>
                    <styleUrl>#1970</styleUrl>
                    <LineString id="2312">
                        <extrude>1</extrude>
                        <altitudeMode>relativeToGround</altitudeMode>
                        <coordinates>85.38517,21.947693333333333,3.0 85.38519166666667,21.94776,3.0</coordinates>
                    </LineString>
                </Placemark>
                <Placemark id="2317">
                    <name>August 8 — N10706_P0_Climb168</name>
                    <description>Shift: August 8 — N10706
Type: Continuous Climb
Length: 7.7 m
Gradient: 2.6 %</description>
                    <styleUrl>#1970</styleUrl>
                    <LineString id="2316">
                        <extrude>1</extrude>
                        <altitudeMode>relativeToGround</altitudeMode>
                        <coordinates>85.38521833333333,21.947826666666668,3.0 85.38524833333334,21.94789,3.0</coordinates>
                    </LineString>
                </Placemark>
                <Placemark id="2321">
                    <name>August 8 — N10706_P0_Climb170</name>
                    <description>Shift: August 8 — N10706
Type: Continuous Climb
Length: 24.2 m
Gradient: 2.8 %</description>
                    <styleUrl>#1970</styleUrl>
                    <LineString id="2320">
                        <extrude>1</extrude>
                        <altitudeMode>relativeToGround</altitudeMode>
                        <coordinates>85.38524833333334,21.94789,3.0 85.38531166666667,21.94802,3.0 85.38534833333334,21.948086666666665,3.0</coordinates>
                    </LineString>
                </Placemark>
                <Placemark id="2325">
                    <name>August 8 — N10706_P0_Climb172</name>
                    <description>Shift: August 8 — N10706
Type: Continuous Climb
Length: 8.4 m
Gradient: 4.0 %</description>
                    <styleUrl>#1970</styleUrl>
                    <LineString id="2324">
                        <extrude>1</extrude>
                        <altitudeMode>relativeToGround</altitudeMode>
                        <coordinates>85.38538666666666,21.948151666666668,3.0 85.385425,21.948218333333333,3.0</coordinates>
                    </LineString>
                </Placemark>
                <Placemark id="2329">
                    <name>August 8 — N10706_P0_Climb174</name>
                    <description>Shift: August 8 — N10706
Type: Continuous Climb
Length: 76.5 m
Gradient: 6.4 %</description>
                    <styleUrl>#1972</styleUrl>
                    <LineString id="2328">
                        <extrude>1</extrude>
                        <altitudeMode>relativeToGround</altitudeMode>
                        <coordinates>85.385425,21.948218333333333,3.0 85.38549833333333,21.948346666666666,3.0 85.385535,21.94841,3.0 85.38557166666666,21.948473333333332,3.0 85.38561,21.948531666666668,3.0 85.38565,21.94859,3.0 85.38569166666667,21.948645,3.0 85.38573666666667,21.948696666666667,3.0 85.38578166666667,21.948746666666665,3.0 85.38582666666667,21.948793333333334,3.0</coordinates>
                    </LineString>
                </Placemark>
                <Placemark id="2333">
                    <name>August 8 — N10706_P0_Climb176</name>
                    <description>Shift: August 8 — N10706
Type: Continuous Climb
Length: 54.8 m
Gradient: 6.0 %</description>
                    <styleUrl>#1970</styleUrl>
                    <LineString id="2332">
                        <extrude>1</extrude>
                        <altitudeMode>relativeToGround</altitudeMode>
                        <coordinates>85.38582666666667,21.948793333333334,3.0 85.38592,21.948878333333333,3.0 85.38596333333334,21.948916666666666,3.0 85.38600166666667,21.948953333333332,3.0 85.38603833333333,21.948991666666668,3.0 85.38607166666667,21.94903,3.0 85.38610333333334,21.949073333333335,3.0 85.386135,21.94912,3.0 85.38616166666667,21.94917166666667,3.0</coordinates>
                    </LineString>
                </Placemark>
                <Placemark id="2337">
                    <name>August 8 — N10706_P0_Climb178</name>
                    <description>Shift: August 8 — N10706
Type: Continuous Climb
Length: 112.3 m
Gradient: 6.0 %</description>
                    <styleUrl>#1970</styleUrl>
                    <LineString id="2336">
                        <extrude>1</extrude>
                        <altitudeMode>relativeToGround</altitudeMode>
                        <coordinates>85.38640833333334,21.949548333333333,3.0 85.38645333333334,21.9496,3.0 85.3865,21.949651666666668,3.0 85.38655166666666,21.949705,3.0 85.386605,21.94975833333333,3.0 85.38666333333333,21.949811666666665,3.0 85.386725,21.949865,3.0 85.386785,21.949916666666667,3.0 85.38684,21.949963333333333,3.0 85.38689,21.950008333333333,3.0 85.38693166666667,21.950051666666667,3.0 85.386965,21.950096666666667,3.0 85.38698166666667,21.950146666666665,3.0 85.38697333333333,21.950201666666665,3.0 85.38695666666666,21.95025,3.0 85.38692166666667,21.950285,3.0 85.386875,21.950308333333332,3.0</coordinates>
                    </LineString>
                </Placemark>
                <Placemark id="2341">
                    <name>August 8 — N10706_P0_Climb180</name>
                    <description>Shift: August 8 — N10706
Type: Continuous Climb
Length: 6.0 m
Gradient: 2.2 %</description>
                    <styleUrl>#1970</styleUrl>
                    <LineString id="2340">
                        <extrude>1</extrude>
                        <altitudeMode>relativeToGround</altitudeMode>
                        <coordinates>85.38677166666666,21.950331666666667,3.0 85.38671333333333,21.950335,3.0</coordinates>
                    </LineString>
                </Placemark>
                <Placemark id="2345">
                    <name>August 8 — N10706_P0_Climb182</name>
                    <description>Shift: August 8 — N10706
Type: Continuous Climb
Length: 15.4 m
Gradient: 3.5 %</description>
                    <styleUrl>#1970</styleUrl>
                    <LineString id="2344">
                        <extrude>1</extrude>
                        <altitudeMode>relativeToGround</altitudeMode>
                        <coordinates>85.386495,21.950336666666665,3.0 85.38644333333333,21.95034,3.0 85.386395,21.950343333333333,3.0 85.38634666666667,21.950348333333334,3.0</coordinates>
                    </LineString>
                </Placemark>
                <Placemark id="2349">
                    <name>August 8 — N10706_P0_Climb184</name>
                    <description>Shift: August 8 — N10706
Type: Continuous Climb
Length: 39.2 m
Gradient: 10.2 %</description>
                    <styleUrl>#1974</styleUrl>
                    <LineString id="2348">
                        <extrude>1</extrude>
                        <altitudeMode>relativeToGround</altitudeMode>
                        <coordinates>85.38624666666666,21.950361666666666,3.0 85.386195,21.95037,3.0 85.38614166666666,21.95038,3.0 85.38608666666667,21.950388333333333,3.0 85.38603166666667,21.9504,3.0 85.38598,21.950416666666666,3.0 85.38593166666666,21.950438333333334,3.0 85.385885,21.950461666666666,3.0</coordinates>
                    </LineString>
                </Placemark>
                <Placemark id="2353">
                    <name>August 8 — N10706_P0_Climb186</name>
                    <description>Shift: August 8 — N10706
Type: Continuous Climb
Length: 167.5 m
Gradient: 10.4 %</description>
                    <styleUrl>#1974</styleUrl>
                    <LineString id="2352">
                        <extrude>1</extrude>
                        <altitudeMode>relativeToGround</altitudeMode>
                        <coordinates>85.38575666666667,21.95054,3.0 85.38571833333333,21.95057,3.0 85.385685,21.9506,3.0 85.38565333333334,21.95063,3.0 85.385625,21.950658333333333,3.0 85.3856,21.950685,3.0 85.38558,21.95071,3.0 85.38556,21.950735,3.0 85.38554166666667,21.950756666666667,3.0 85.385525,21.950776666666666,3.0 85.38550833333333,21.950795,3.0 85.38549166666667,21.950815,3.0 85.38547666666666,21.950836666666667,3.0 85.38546,21.950856666666667,3.0 85.385445,21.950878333333332,3.0 85.38543,21.9509,3.0 85.385415,21.950923333333332,3.0 85.3854,21.950945,3.0 85.38538333333334,21.950968333333332,3.0 85.38536833333333,21.950993333333333,3.0 85.38535333333333,21.951018333333334,3.0 85.38534,21.951045,3.0 85.38532666666667,21.951073333333333,3.0 85.38531666666667,21.951101666666666,3.0 85.38530833333333,21.95113,3.0 85.38529833333334,21.951158333333332,3.0 85.38529,21.951186666666665,3.0 85.38528333333333,21.951216666666667,3.0 85.38527833333333,21.951246666666666,3.0 85.38527333333333,21.951276666666665,3.0 85.38527,21.951308333333333,3.0 85.38526833333333,21.951338333333332,3.0 85.38526833333333,21.951368333333335,3.0 85.38526666666667,21.951398333333334,3.0 85.38526666666667,21.951426666666666,3.0 85.38526833333333,21.951456666666665,3.0 85.38527166666667,21.951486666666668,3.0 85.385275,21.951516666666667,3.0 85.38528,21.951546666666665,3.0 85.38528833333334,21.951576666666668,3.0 85.38529666666666,21.951606666666667,3.0 85.38530666666666,21.951636666666666,3.0 85.38531833333333,21.951665,3.0 85.38533166666667,21.951695,3.0 85.38534666666666,21.951725,3.0 85.38536166666667,21.951751666666667,3.0 85.38537666666667,21.95178,3.0 85.38539833333333,21.951806666666666,3.0 85.38544333333333,21.951863333333332,3.0</coordinates>
                    </LineString>
                </Placemark>
                <Placemark id="2357">
                    <name>August 8 — N10706_P0_Climb188</name>
                    <description>Shift: August 8 — N10706
Type: Continuous Climb
Length: 19.1 m
Gradient: 9.6 %</description>
                    <styleUrl>#1972</styleUrl>
                    <LineString id="2356">
                        <extrude>1</extrude>
                        <altitudeMode>relativeToGround</altitudeMode>
                        <coordinates>85.385495,21.95192,3.0 85.38552,21.951948333333334,3.0 85.38554166666667,21.951978333333333,3.0 85.38558166666667,21.952033333333333,3.0 85.3856,21.952061666666665,3.0</coordinates>
                    </LineString>
                </Placemark>
                <Placemark id="2361">
                    <name>August 8 — N10706_P0_Climb190</name>
                    <description>Shift: August 8 — N10706
Type: Continuous Climb
Length: 16.3 m
Gradient: 5.1 %</description>
                    <styleUrl>#1970</styleUrl>
                    <LineString id="2360">
                        <extrude>1</extrude>
                        <altitudeMode>relativeToGround</altitudeMode>
                        <coordinates>85.3856,21.952061666666665,3.0 85.385635,21.952115,3.0 85.38565166666666,21.952138333333334,3.0 85.38566666666667,21.952161666666665,3.0 85.38568333333333,21.952186666666666,3.0</coordinates>
                    </LineString>
                </Placemark>
                <Placemark id="2365">
                    <name>August 8 — N10706_P0_Climb192</name>
                    <description>Shift: August 8 — N10706
Type: Continuous Climb
Length: 12.3 m
Gradient: 3.0 %</description>
                    <styleUrl>#1970</styleUrl>
                    <LineString id="2364">
                        <extrude>1</extrude>
                        <altitudeMode>relativeToGround</altitudeMode>
                        <coordinates>85.38571666666667,21.95224333333333,3.0 85.38573333333333,21.952275,3.0 85.38575,21.952308333333335,3.0 85.38576833333333,21.95234333333333,3.0</coordinates>
                    </LineString>
                </Placemark>
                <Placemark id="2369">
                    <name>August 8 — N10706_P0_Climb194</name>
                    <description>Shift: August 8 — N10706
Type: Continuous Climb
Length: 19.3 m
Gradient: 3.8 %</description>
                    <styleUrl>#1970</styleUrl>
                    <LineString id="2368">
                        <extrude>1</extrude>
                        <altitudeMode>relativeToGround</altitudeMode>
                        <coordinates>85.38591166666667,21.952653333333334,3.0 85.38593,21.952706666666668,3.0 85.38594,21.952765,3.0 85.38594,21.952823333333335,3.0</coordinates>
                    </LineString>
                </Placemark>
                <Placemark id="2373">
                    <name>August 8 — N10706_P0_Climb196</name>
                    <description>Shift: August 8 — N10706
Type: Continuous Climb
Length: 54.2 m
Gradient: 11.9 %</description>
                    <styleUrl>#1974</styleUrl>
                    <LineString id="2372">
                        <extrude>1</extrude>
                        <altitudeMode>relativeToGround</altitudeMode>
                        <coordinates>85.385905,21.952936666666666,3.0 85.38587666666666,21.952988333333334,3.0 85.38584166666666,21.953025,3.0 85.38580166666667,21.953051666666667,3.0 85.385765,21.953075,3.0 85.38573666666667,21.953096666666667,3.0 85.38570833333333,21.953115,3.0 85.38568166666667,21.95313,3.0 85.38565833333334,21.953145,3.0 85.385635,21.95316,3.0 85.38561,21.953173333333332,3.0 85.38558666666667,21.953188333333333,3.0 85.385565,21.953201666666665,3.0 85.38554333333333,21.953213333333334,3.0 85.38552166666666,21.953225,3.0 85.3855,21.953235,3.0</coordinates>
                    </LineString>
                </Placemark>
                <Placemark id="2377">
                    <name>August 8 — N10706_P0_Climb198</name>
                    <description>Shift: August 8 — N10706
Type: Continuous Climb
Length: 15.4 m
Gradient: 6.9 %</description>
                    <styleUrl>#1972</styleUrl>
                    <LineString id="2376">
                        <extrude>1</extrude>
                        <altitudeMode>relativeToGround</altitudeMode>
                        <coordinates>85.38548,21.953243333333333,3.0 85.38545666666667,21.953251666666667,3.0 85.38543666666666,21.953261666666666,3.0 85.38541333333333,21.95327,3.0 85.38539333333334,21.953276666666667,3.0 85.38537666666667,21.953283333333335,3.0 85.38536,21.953288333333333,3.0 85.38534166666666,21.953295,3.0</coordinates>
                    </LineString>
                </Placemark>
                <Placemark id="2381">
                    <name>August 8 — N10706_P0_Climb200</name>
                    <description>Shift: August 8 — N10706
Type: Continuous Climb
Length: 164.1 m
Gradient: 9.0 %</description>
                    <styleUrl>#1972</styleUrl>
                    <LineString id="2380">
                        <extrude>1</extrude>
                        <altitudeMode>relativeToGround</altitudeMode>
                        <coordinates>85.38530166666666,21.953308333333332,3.0 85.38528,21.953316666666666,3.0 85.38526,21.953325,3.0 85.38523833333333,21.953331666666667,3.0 85.385215,21.953336666666665,3.0 85.38519333333333,21.953343333333333,3.0 85.38517,21.95335,3.0 85.38514666666667,21.953356666666668,3.0 85.38512166666666,21.95336,3.0 85.38509833333333,21.953361666666666,3.0 85.38507166666666,21.953363333333332,3.0 85.38504833333333,21.953363333333332,3.0 85.38502166666666,21.953361666666666,3.0 85.38499166666666,21.953358333333334,3.0 85.38496,21.953355,3.0 85.38492833333333,21.953348333333334,3.0 85.38489333333334,21.95334,3.0 85.38485833333333,21.95333,3.0 85.38482,21.953316666666666,3.0 85.38478,21.95330166666667,3.0 85.38474,21.953283333333335,3.0 85.38470166666667,21.953263333333332,3.0 85.38466166666667,21.95324,3.0 85.38462166666666,21.953213333333334,3.0 85.38458333333334,21.953185,3.0 85.38454333333334,21.953155,3.0 85.384505,21.953123333333334,3.0 85.38446666666667,21.95309,3.0 85.38443166666667,21.953056666666665,3.0 85.38439833333334,21.953023333333334,3.0 85.384365,21.952991666666666,3.0 85.38433333333333,21.952961666666667,3.0 85.38430166666667,21.952933333333334,3.0 85.38427166666666,21.952906666666667,3.0 85.384245,21.952883333333332,3.0 85.38421666666666,21.95286,3.0 85.38419,21.952836666666666,3.0 85.38416333333333,21.952815,3.0 85.38413666666666,21.952793333333332,3.0 85.38411166666667,21.952773333333333,3.0 85.38408666666666,21.952753333333334,3.0 85.384065,21.95273,3.0 85.38404666666666,21.952708333333334,3.0 85.38403,21.952686666666665,3.0 85.38401666666667,21.952666666666666,3.0 85.38400833333333,21.952651666666668,3.0</coordinates>
                    </LineString>
                </Placemark>
                <Placemark id="2385">
                    <name>August 8 — N10706_P0_Climb202</name>
                    <description>Shift: August 8 — N10706
Type: Continuous Climb
Length: 0.3 m
Gradient: 13.2 %</description>
                    <styleUrl>#1974</styleUrl>
                    <LineString id="2384">
                        <extrude>1</extrude>
                        <altitudeMode>relativeToGround</altitudeMode>
                        <coordinates>85.38400333333334,21.952643333333334,3.0 85.38400166666666,21.952641666666665,3.0</coordinates>
                    </LineString>
                </Placemark>
                <Placemark id="2389">
                    <name>August 8 — N10706_P0_Climb204</name>
                    <description>Shift: August 8 — N10706
Type: Continuous Climb
Length: 49.4 m
Gradient: 11.1 %</description>
                    <styleUrl>#1974</styleUrl>
                    <LineString id="2388">
                        <extrude>1</extrude>
                        <altitudeMode>relativeToGround</altitudeMode>
                        <coordinates>85.38400333333334,21.952643333333334,3.0 85.38400333333334,21.952641666666665,3.0 85.38400166666666,21.952638333333333,3.0 85.38400166666666,21.952635,3.0 85.384,21.95263,3.0 85.383995,21.952623333333335,3.0 85.38398833333333,21.952615,3.0 85.38398,21.952601666666666,3.0 85.38396833333333,21.952581666666667,3.0 85.38396,21.952556666666666,3.0 85.383955,21.95253,3.0 85.38395166666666,21.952498333333335,3.0 85.38395333333334,21.952463333333334,3.0 85.38396333333333,21.952428333333334,3.0 85.38398333333333,21.952395,3.0 85.38401666666667,21.952378333333332,3.0 85.38405166666666,21.952365,3.0 85.38408666666666,21.952351666666665,3.0 85.38412333333333,21.952336666666667,3.0 85.38416,21.952323333333332,3.0</coordinates>
                    </LineString>
                </Placemark>
                <Placemark id="2393">
                    <name>August 8 — N10706_P0_Climb206</name>
                    <description>Shift: August 8 — N10706
Type: Continuous Climb
Length: 15.0 m
Gradient: 5.6 %</description>
                    <styleUrl>#1970</styleUrl>
                    <LineString id="2392">
                        <extrude>1</extrude>
                        <altitudeMode>relativeToGround</altitudeMode>
                        <coordinates>85.38419666666667,21.952311666666667,3.0 85.38426,21.952303333333333,3.0 85.38428833333333,21.95231,3.0 85.38431166666666,21.952323333333332,3.0 85.38433166666667,21.952336666666667,3.0</coordinates>
                    </LineString>
                </Placemark>
                <Placemark id="2397">
                    <name>August 8 — N10706_P0_Climb208</name>
                    <description>Shift: August 8 — N10706
Type: Continuous Climb
Length: 2.4 m
Gradient: 5.6 %</description>
                    <styleUrl>#1970</styleUrl>
                    <LineString id="2396">
                        <extrude>1</extrude>
                        <altitudeMode>relativeToGround</altitudeMode>
                        <coordinates>85.38433166666667,21.952336666666667,3.0 85.38434833333334,21.952351666666665,3.0</coordinates>
                    </LineString>
                </Placemark>
                <Placemark id="2401">
                    <name>August 8 — N10706_P0_Climb210</name>
                    <description>Shift: August 8 — N10706
Type: Continuous Climb
Length: 4.3 m
Gradient: 6.2 %</description>
                    <styleUrl>#1970</styleUrl>
                    <LineString id="2400">
                        <extrude>1</extrude>
                        <altitudeMode>relativeToGround</altitudeMode>
                        <coordinates>85.38436166666666,21.95238833333333,3.0 85.38436166666666,21.952408333333334,3.0 85.38436,21.952426666666668,3.0</coordinates>
                    </LineString>
                </Placemark>
                <Placemark id="2405">
                    <name>August 8 — N10706_P0_Climb212</name>
                    <description>Shift: August 8 — N10706
Type: Continuous Climb
Length: 0.9 m
Gradient: 18.0 %</description>
                    <styleUrl>#1974</styleUrl>
                    <LineString id="2404">
                        <extrude>1</extrude>
                        <altitudeMode>relativeToGround</altitudeMode>
                        <coordinates>85.38435166666666,21.95246,3.0 85.38435166666666,21.952468333333332,3.0</coordinates>
                    </LineString>
                </Placemark>
                <Placemark id="2409">
                    <name>August 8 — N10706_P0_Climb214</name>
                    <description>Shift: August 8 — N10706
Type: Continuous Climb
Length: 0.3 m
Gradient: 79.1 %</description>
                    <styleUrl>#1974</styleUrl>
                    <LineString id="2408">
                        <extrude>1</extrude>
                        <altitudeMode>relativeToGround</altitudeMode>
                        <coordinates>85.38435166666666,21.952468333333332,3.0 85.38435333333334,21.952466666666666,3.0</coordinates>
                    </LineString>
                </Placemark>
                <Placemark id="2413">
                    <name>August 8 — N10706_P0_Climb216</name>
                    <description>Shift: August 8 — N10706
Type: Continuous Climb
Length: 2.8 m
Gradient: 81.9 %</description>
                    <styleUrl>#1974</styleUrl>
                    <LineString id="2412">
                        <extrude>1</extrude>
                        <altitudeMode>relativeToGround</altitudeMode>
                        <coordinates>85.38435333333334,21.952466666666666,3.0 85.384355,21.95246,3.0 85.38435333333334,21.952455,3.0 85.38434666666667,21.952453333333334,3.0 85.38434,21.95245166666667,3.0</coordinates>
                    </LineString>
                </Placemark>
                <Placemark id="2417">
                    <name>August 8 — N10706_P0_Climb218</name>
                    <description>Shift: August 8 — N10706
Type: Continuous Climb
Length: 6.7 m
Gradient: 13.9 %</description>
                    <styleUrl>#1974</styleUrl>
                    <LineString id="2416">
                        <extrude>1</extrude>
                        <altitudeMode>relativeToGround</altitudeMode>
                        <coordinates>85.38434,21.95245166666667,3.0 85.38432333333333,21.952438333333333,3.0 85.384315,21.952428333333334,3.0 85.38430833333334,21.952415,3.0 85.38430333333334,21.952403333333333,3.0</coordinates>
                    </LineString>
                </Placemark>
                <Placemark id="2421">
                    <name>August 8 — N10706_P0_Climb220</name>
                    <description>Shift: August 8 — N10706
Type: Continuous Climb
Length: 6.0 m
Gradient: 15.5 %</description>
                    <styleUrl>#1974</styleUrl>
                    <LineString id="2420">
                        <extrude>1</extrude>
                        <altitudeMode>relativeToGround</altitudeMode>
                        <coordinates>85.38430333333334,21.952403333333333,3.0 85.38430333333334,21.95238833333333,3.0 85.384305,21.952376666666666,3.0 85.38431333333334,21.952366666666666,3.0 85.384325,21.952356666666667,3.0</coordinates>
                    </LineString>
                </Placemark>
                <Placemark id="2425">
                    <name>August 8 — N10706_P0_Climb222</name>
                    <description>Shift: August 8 — N10706
Type: Continuous Climb
Length: 22.8 m
Gradient: 10.2 %</description>
                    <styleUrl>#1974</styleUrl>
                    <LineString id="2424">
                        <extrude>1</extrude>
                        <altitudeMode>relativeToGround</altitudeMode>
                        <coordinates>85.384325,21.952356666666667,3.0 85.38434833333334,21.952326666666668,3.0 85.38436166666666,21.95231666666667,3.0 85.38437333333333,21.952311666666667,3.0 85.38438833333333,21.952305,3.0 85.384405,21.952296666666665,3.0 85.38442333333333,21.952291666666667,3.0 85.38444,21.952286666666666,3.0 85.38446,21.952281666666668,3.0 85.38447833333333,21.952278333333332,3.0 85.38449666666666,21.952271666666668,3.0 85.38451333333333,21.952261666666665,3.0</coordinates>
                    </LineString>
                </Placemark>
                <Placemark id="2429">
                    <name>August 8 — N10706_P0_Climb224</name>
                    <description>Shift: August 8 — N10706
Type: Continuous Climb
Length: 1.6 m
Gradient: 2.1 %</description>
                    <styleUrl>#1970</styleUrl>
                    <LineString id="2428">
                        <extrude>1</extrude>
                        <altitudeMode>relativeToGround</altitudeMode>
                        <coordinates>85.38453,21.952255,3.0 85.384545,21.952251666666665,3.0</coordinates>
                    </LineString>
                </Placemark>
                <Placemark id="2433">
                    <name>August 8 — N10706_P0_Climb226</name>
                    <description>Shift: August 8 — N10706
Type: Continuous Climb
Length: 7.9 m
Gradient: 10.1 %</description>
                    <styleUrl>#1974</styleUrl>
                    <LineString id="2432">
                        <extrude>1</extrude>
                        <altitudeMode>relativeToGround</altitudeMode>
                        <coordinates>85.38458166666666,21.952248333333333,3.0 85.38461666666667,21.952238333333334,3.0 85.38463,21.952228333333334,3.0 85.38463833333333,21.95222,3.0 85.38464333333333,21.952213333333333,3.0 85.38464333333333,21.952215,3.0</coordinates>
                    </LineString>
                </Placemark>
                <Placemark id="2437">
                    <name>August 8 — N10706_P0_Climb228</name>
                    <description>Shift: August 8 — N10706
Type: Continuous Climb
Length: 0.2 m
Gradient: 19.4 %</description>
                    <styleUrl>#1974</styleUrl>
                    <LineString id="2436">
                        <extrude>1</extrude>
                        <altitudeMode>relativeToGround</altitudeMode>
                        <coordinates>85.38464333333333,21.952215,3.0 85.38464166666667,21.952215,3.0</coordinates>
                    </LineString>
                </Placemark>
                <Placemark id="2441">
                    <name>August 8 — N10706_P0_Climb230</name>
                    <description>Shift: August 8 — N10706
Type: Continuous Climb
Length: 2.0 m
Gradient: 25.6 %</description>
                    <styleUrl>#1974</styleUrl>
                    <LineString id="2440">
                        <extrude>1</extrude>
                        <altitudeMode>relativeToGround</altitudeMode>
                        <coordinates>85.38464166666667,21.952215,3.0 85.38464,21.952211666666667,3.0 85.38463833333333,21.952211666666667,3.0 85.38463833333333,21.95221,3.0 85.38463833333333,21.952206666666665,3.0 85.38463666666667,21.952203333333333,3.0 85.384635,21.9522,3.0</coordinates>
                    </LineString>
                </Placemark>
                <Placemark id="2445">
                    <name>August 8 — N10706_P0_Climb232</name>
                    <description>Shift: August 8 — N10706
Type: Continuous Climb
Length: 0.7 m
Gradient: 14.5 %</description>
                    <styleUrl>#1974</styleUrl>
                    <LineString id="2444">
                        <extrude>1</extrude>
                        <altitudeMode>relativeToGround</altitudeMode>
                        <coordinates>85.384635,21.9522,3.0 85.384635,21.952201666666667,3.0 85.38463666666667,21.952203333333333,3.0 85.384635,21.952201666666667,3.0</coordinates>
                    </LineString>
                </Placemark>
                <Placemark id="2449">
                    <name>August 8 — N10706_P0_Climb234</name>
                    <description>Shift: August 8 — N10706
Type: Continuous Climb
Length: 0.6 m
Gradient: 11.5 %</description>
                    <styleUrl>#1974</styleUrl>
                    <LineString id="2448">
                        <extrude>1</extrude>
                        <altitudeMode>relativeToGround</altitudeMode>
                        <coordinates>85.38463666666667,21.952201666666667,3.0 85.38463833333333,21.952201666666667,3.0 85.38464,21.952205,3.0</coordinates>
                    </LineString>
                </Placemark>
                <Placemark id="2453">
                    <name>August 8 — N10706_P0_Climb236</name>
                    <description>Shift: August 8 — N10706
Type: Continuous Climb
Length: 2.9 m
Gradient: 7.0 %</description>
                    <styleUrl>#1972</styleUrl>
                    <LineString id="2452">
                        <extrude>1</extrude>
                        <altitudeMode>relativeToGround</altitudeMode>
                        <coordinates>85.38463833333333,21.95221,3.0 85.384635,21.952216666666665,3.0 85.38463,21.952221666666667,3.0 85.38462666666666,21.952226666666668,3.0 85.38462166666666,21.95223,3.0</coordinates>
                    </LineString>
                </Placemark>
                <Placemark id="2457">
                    <name>August 8 — N10706_P0_Climb238</name>
                    <description>Shift: August 8 — N10706
Type: Continuous Climb
Length: 2.4 m
Gradient: 4.2 %</description>
                    <styleUrl>#1970</styleUrl>
                    <LineString id="2456">
                        <extrude>1</extrude>
                        <altitudeMode>relativeToGround</altitudeMode>
                        <coordinates>85.38461833333334,21.952235,3.0 85.38461333333333,21.95224,3.0 85.38460666666667,21.952241666666666,3.0 85.38459833333333,21.952245,3.0</coordinates>
                    </LineString>
                </Placemark>
                <Placemark id="2461">
                    <name>August 8 — N10706_P0_Climb240</name>
                    <description>Shift: August 8 — N10706
Type: Continuous Climb
Length: 20.9 m
Gradient: 14.1 %</description>
                    <styleUrl>#1974</styleUrl>
                    <LineString id="2460">
                        <extrude>1</extrude>
                        <altitudeMode>relativeToGround</altitudeMode>
                        <coordinates>85.38457833333334,21.952251666666665,3.0 85.38456833333333,21.952253333333335,3.0 85.38456,21.952255,3.0 85.38455166666667,21.952255,3.0 85.38454,21.952258333333333,3.0 85.38453166666666,21.952261666666665,3.0 85.38452166666667,21.952263333333335,3.0 85.38451166666667,21.952268333333333,3.0 85.38450166666667,21.952273333333334,3.0 85.38449333333334,21.952275,3.0 85.384485,21.952280000000002,3.0 85.38447166666667,21.952283333333334,3.0 85.38445666666667,21.952288333333332,3.0 85.38444,21.952291666666667,3.0 85.38442333333333,21.952295,3.0 85.384405,21.952298333333335,3.0 85.384385,21.952296666666665,3.0</coordinates>
                    </LineString>
                </Placemark>
                <Placemark id="2465">
                    <name>August 8 — N10706_P0_Climb242</name>
                    <description>Shift: August 8 — N10706
Type: Continuous Climb
Length: 3.4 m
Gradient: 2.9 %</description>
                    <styleUrl>#1970</styleUrl>
                    <LineString id="2464">
                        <extrude>1</extrude>
                        <altitudeMode>relativeToGround</altitudeMode>
                        <coordinates>85.38434666666667,21.952295,3.0 85.38432833333333,21.952295,3.0 85.38431333333334,21.952293333333333,3.0</coordinates>
                    </LineString>
                </Placemark>
                <Placemark id="2469">
                    <name>August 8 — N10706_P0_Climb244</name>
                    <description>Shift: August 8 — N10706
Type: Continuous Climb
Length: 2.9 m
Gradient: 2.3 %</description>
                    <styleUrl>#1970</styleUrl>
                    <LineString id="2468">
                        <extrude>1</extrude>
                        <altitudeMode>relativeToGround</altitudeMode>
                        <coordinates>85.38429833333333,21.952293333333333,3.0 85.38428333333333,21.952291666666667,3.0 85.38427,21.952293333333333,3.0</coordinates>
                    </LineString>
                </Placemark>
                <Placemark id="2473">
                    <name>August 8 — N10706_P0_Climb246</name>
                    <description>Shift: August 8 — N10706
Type: Continuous Climb
Length: 9.2 m
Gradient: 3.6 %</description>
                    <styleUrl>#1970</styleUrl>
                    <LineString id="2472">
                        <extrude>1</extrude>
                        <altitudeMode>relativeToGround</altitudeMode>
                        <coordinates>85.38425666666667,21.952293333333333,3.0 85.38424166666667,21.952296666666665,3.0 85.38422,21.9523,3.0 85.384195,21.952306666666665,3.0 85.38417,21.952311666666667,3.0</coordinates>
                    </LineString>
                </Placemark>
                <Placemark id="2477">
                    <name>August 8 — N10706_P0_Climb248</name>
                    <description>Shift: August 8 — N10706
Type: Continuous Climb
Length: 6.1 m
Gradient: 5.5 %</description>
                    <styleUrl>#1970</styleUrl>
                    <LineString id="2476">
                        <extrude>1</extrude>
                        <altitudeMode>relativeToGround</altitudeMode>
                        <coordinates>85.38414333333333,21.95232,3.0 85.38411666666667,21.952331666666666,3.0 85.38409,21.95234333333333,3.0</coordinates>
                    </LineString>
                </Placemark>
                <Placemark id="2481">
                    <name>August 8 — N10706_P0_Climb250</name>
                    <description>Shift: August 8 — N10706
Type: Continuous Climb
Length: 59.7 m
Gradient: 3.8 %</description>
                    <styleUrl>#1970</styleUrl>
                    <LineString id="2480">
                        <extrude>1</extrude>
                        <altitudeMode>relativeToGround</altitudeMode>
                        <coordinates>85.38406666666667,21.952356666666667,3.0 85.38404333333334,21.952373333333334,3.0 85.38401666666667,21.952391666666667,3.0 85.38399166666666,21.952413333333332,3.0 85.38396833333333,21.952438333333333,3.0 85.38394333333333,21.952466666666666,3.0 85.38392333333333,21.952495,3.0 85.38390666666666,21.95253,3.0 85.383895,21.952568333333332,3.0 85.383895,21.952611666666666,3.0 85.383905,21.952651666666668,3.0 85.38392333333333,21.952691666666666,3.0 85.38395166666666,21.952728333333333,3.0 85.38398333333333,21.952761666666667,3.0 85.38402333333333,21.952791666666666,3.0</coordinates>
                    </LineString>
                </Placemark>
                <Placemark id="2485">
                    <name>August 8 — N10706_P0_Climb252</name>
                    <description>Shift: August 8 — N10706
Type: Continuous Climb
Length: 29.0 m
Gradient: 4.4 %</description>
                    <styleUrl>#1970</styleUrl>
                    <LineString id="2484">
                        <extrude>1</extrude>
                        <altitudeMode>relativeToGround</altitudeMode>
                        <coordinates>85.38419166666667,21.95292166666667,3.0 85.38423833333333,21.952961666666667,3.0 85.38428833333333,21.953005,3.0 85.384395,21.953101666666665,3.0</coordinates>
                    </LineString>
                </Placemark>
                <Placemark id="2489">
                    <name>August 8 — N10706_P0_Climb254</name>
                    <description>Shift: August 8 — N10706
Type: Continuous Climb
Length: 42.1 m
Gradient: 6.9 %</description>
                    <styleUrl>#1972</styleUrl>
                    <LineString id="2488">
                        <extrude>1</extrude>
                        <altitudeMode>relativeToGround</altitudeMode>
                        <coordinates>85.384395,21.953101666666665,3.0 85.38451333333333,21.9532,3.0 85.38458,21.953245,3.0 85.38465,21.953286666666667,3.0 85.38472333333333,21.953325,3.0</coordinates>
                    </LineString>
                </Placemark>
                <Placemark id="2493">
                    <name>August 8 — N10706_P0_Climb256</name>
                    <description>Shift: August 8 — N10706
Type: Continuous Climb
Length: 39.3 m
Gradient: 5.7 %</description>
                    <styleUrl>#1970</styleUrl>
                    <LineString id="2492">
                        <extrude>1</extrude>
                        <altitudeMode>relativeToGround</altitudeMode>
                        <coordinates>85.38472333333333,21.953325,3.0 85.38479833333334,21.953356666666668,3.0 85.38495333333333,21.9534,3.0 85.385025,21.953406666666666,3.0 85.38509,21.953403333333334,3.0</coordinates>
                    </LineString>
                </Placemark>
                <Placemark id="2497">
                    <name>August 8 — N10706_P0_Climb258</name>
                    <description>Shift: August 8 — N10706
Type: Continuous Climb
Length: 19.6 m
Gradient: 7.0 %</description>
                    <styleUrl>#1972</styleUrl>
                    <LineString id="2496">
                        <extrude>1</extrude>
                        <altitudeMode>relativeToGround</altitudeMode>
                        <coordinates>85.38521,21.953371666666666,3.0 85.38526666666667,21.95334666666667,3.0 85.38532333333333,21.953321666666668,3.0 85.38538,21.953293333333335,3.0</coordinates>
                    </LineString>
                </Placemark>
                <Placemark id="2501">
                    <name>August 8 — N10706_P0_Climb260</name>
                    <description>Shift: August 8 — N10706
Type: Continuous Climb
Length: 32.2 m
Gradient: 5.1 %</description>
                    <styleUrl>#1970</styleUrl>
                    <LineString id="2500">
                        <extrude>1</extrude>
                        <altitudeMode>relativeToGround</altitudeMode>
                        <coordinates>85.38538,21.953293333333335,3.0 85.38548666666667,21.953246666666665,3.0 85.38554,21.953218333333332,3.0 85.385595,21.953186666666667,3.0 85.38565333333334,21.953153333333333,3.0</coordinates>
                    </LineString>
                </Placemark>
                <Placemark id="2505">
                    <name>August 8 — N10706_P0_Climb262</name>
                    <description>Shift: August 8 — N10706
Type: Continuous Climb
Length: 45.1 m
Gradient: 7.8 %</description>
                    <styleUrl>#1972</styleUrl>
                    <LineString id="2504">
                        <extrude>1</extrude>
                        <altitudeMode>relativeToGround</altitudeMode>
                        <coordinates>85.385765,21.953086666666668,3.0 85.38581,21.953053333333333,3.0 85.38585,21.953018333333333,3.0 85.385885,21.952981666666666,3.0 85.38591666666667,21.952941666666668,3.0 85.38594666666667,21.952896666666668,3.0 85.38597333333334,21.952851666666668,3.0 85.38599,21.952805,3.0 85.386,21.952756666666666,3.0</coordinates>
                    </LineString>
                </Placemark>
                <Placemark id="2509">
                    <name>August 8 — N10706_P0_Climb264</name>
                    <description>Shift: August 8 — N10706
Type: Continuous Climb
Length: 302.3 m
Gradient: 8.6 %</description>
                    <styleUrl>#1972</styleUrl>
                    <LineString id="2508">
                        <extrude>1</extrude>
                        <altitudeMode>relativeToGround</altitudeMode>
                        <coordinates>85.385825,21.952245,3.0 85.385785,21.952175,3.0 85.38574333333334,21.952106666666666,3.0 85.38569666666666,21.952038333333334,3.0 85.38565166666666,21.95197,3.0 85.385605,21.951898333333332,3.0 85.385555,21.951826666666665,3.0 85.38551,21.951758333333334,3.0 85.38547166666666,21.951691666666665,3.0 85.38543666666666,21.951628333333332,3.0 85.38540333333333,21.951561666666667,3.0 85.385375,21.951491666666666,3.0 85.38536166666667,21.95142166666667,3.0 85.38535666666667,21.951348333333332,3.0 85.38535833333333,21.951271666666667,3.0 85.385365,21.951195,3.0 85.38538333333334,21.951121666666666,3.0 85.385415,21.951055,3.0 85.38545333333333,21.95099,3.0 85.38550666666667,21.950931666666666,3.0 85.38555333333333,21.950873333333334,3.0 85.38560333333334,21.950818333333334,3.0 85.38565333333334,21.950761666666665,3.0 85.38570333333334,21.950706666666665,3.0 85.38575666666667,21.950655,3.0 85.38581,21.950603333333333,3.0 85.38586666666667,21.950555,3.0 85.385925,21.95051,3.0 85.385985,21.950466666666667,3.0 85.38604833333333,21.95043,3.0 85.386115,21.950398333333332,3.0 85.386185,21.950375,3.0 85.386255,21.950358333333334,3.0 85.38632333333334,21.950348333333334,3.0 85.38639333333333,21.950338333333335,3.0 85.38646666666666,21.950328333333335,3.0 85.38654,21.950318333333332,3.0 85.38661666666667,21.95031,3.0</coordinates>
                    </LineString>
                </Placemark>
                <Placemark id="2513">
                    <name>August 8 — N10706_P0_Climb266</name>
                    <description>Shift: August 8 — N10706
Type: Continuous Climb
Length: 44.1 m
Gradient: 4.0 %</description>
                    <styleUrl>#1970</styleUrl>
                    <LineString id="2512">
                        <extrude>1</extrude>
                        <altitudeMode>relativeToGround</altitudeMode>
                        <coordinates>85.38661666666667,21.95031,3.0 85.38678333333333,21.950296666666667,3.0 85.38687,21.950291666666665,3.0 85.38695833333334,21.95029,3.0 85.38704333333334,21.95029,3.0</coordinates>
                    </LineString>
                </Placemark>
                <Placemark id="2517">
                    <name>August 8 — N10706_P0_Climb268</name>
                    <description>Shift: August 8 — N10706
Type: Continuous Climb
Length: 34.9 m
Gradient: 5.1 %</description>
                    <styleUrl>#1970</styleUrl>
                    <LineString id="2516">
                        <extrude>1</extrude>
                        <altitudeMode>relativeToGround</altitudeMode>
                        <coordinates>85.38723833333333,21.950325,3.0 85.387275,21.950345,3.0 85.38730833333334,21.950365,3.0 85.38733833333333,21.950385,3.0 85.387375,21.950396666666666,3.0 85.38742,21.950398333333332,3.0 85.387465,21.950381666666665,3.0 85.38749333333334,21.950351666666666,3.0 85.38750333333333,21.950311666666668,3.0</coordinates>
                    </LineString>
                </Placemark>
                <Placemark id="2521">
                    <name>August 8 — N10706_P0_Climb270</name>
                    <description>Shift: August 8 — N10706
Type: Continuous Climb
Length: 82.0 m
Gradient: 4.0 %</description>
                    <styleUrl>#1970</styleUrl>
                    <LineString id="2520">
                        <extrude>1</extrude>
                        <altitudeMode>relativeToGround</altitudeMode>
                        <coordinates>85.38749166666666,21.95027,3.0 85.38746166666667,21.95023,3.0 85.38742,21.950195,3.0 85.387375,21.950158333333334,3.0 85.38733,21.950115,3.0 85.38728166666667,21.950068333333334,3.0 85.38723166666666,21.950016666666667,3.0 85.38718,21.949961666666667,3.0 85.38712,21.949906666666667,3.0 85.387055,21.949856666666665,3.0 85.386985,21.94981,3.0 85.38692,21.949761666666667,3.0</coordinates>
                    </LineString>
                </Placemark>
                <Placemark id="2525">
                    <name>August 8 — N10706_P0_Climb272</name>
                    <description>Shift: August 8 — N10706
Type: Continuous Climb
Length: 108.4 m
Gradient: 6.6 %</description>
                    <styleUrl>#1972</styleUrl>
                    <LineString id="2524">
                        <extrude>1</extrude>
                        <altitudeMode>relativeToGround</altitudeMode>
                        <coordinates>85.38673833333333,21.949611666666666,3.0 85.38667833333334,21.949559999999998,3.0 85.38662166666667,21.949508333333334,3.0 85.38656666666667,21.949453333333334,3.0 85.38651333333334,21.9494,3.0 85.386465,21.949341666666665,3.0 85.38641666666666,21.949281666666668,3.0 85.38637166666666,21.94922,3.0 85.386325,21.949158333333333,3.0 85.38628,21.949096666666666,3.0 85.38623166666666,21.949035,3.0 85.38618,21.948973333333335,3.0 85.38612833333333,21.948915,3.0 85.386075,21.948858333333334,3.0</coordinates>
                    </LineString>
                </Placemark>
                <Placemark id="2529">
                    <name>August 8 — N10706_P0_Climb274</name>
                    <description>Shift: August 8 — N10706
Type: Continuous Climb
Length: 100.1 m
Gradient: 5.5 %</description>
                    <styleUrl>#1970</styleUrl>
                    <LineString id="2528">
                        <extrude>1</extrude>
                        <altitudeMode>relativeToGround</altitudeMode>
                        <coordinates>85.386025,21.9488,3.0 85.385975,21.948733333333333,3.0 85.38592833333334,21.948665,3.0 85.38588,21.948595,3.0 85.385835,21.948523333333334,3.0 85.38579166666666,21.948453333333333,3.0 85.38575,21.948381666666666,3.0 85.38571166666667,21.948315,3.0 85.385675,21.948251666666668,3.0 85.38564333333333,21.948191666666666,3.0 85.38561166666666,21.94813,3.0 85.38558166666667,21.948071666666667,3.0 85.38555166666667,21.948015,3.0</coordinates>
                    </LineString>
                </Placemark>
                <Placemark id="2533">
                    <name>August 8 — N10706_P0_Climb276</name>
                    <description>Shift: August 8 — N10706
Type: Continuous Climb
Length: 15.2 m
Gradient: 2.4 %</description>
                    <styleUrl>#1970</styleUrl>
                    <LineString id="2532">
                        <extrude>1</extrude>
                        <altitudeMode>relativeToGround</altitudeMode>
                        <coordinates>85.38546666666667,21.947846666666667,3.0 85.38543666666666,21.947785,3.0 85.38540666666667,21.947721666666666,3.0</coordinates>
                    </LineString>
                </Placemark>
                <Placemark id="2537">
                    <name>August 8 — N10706_P0_Climb278</name>
                    <description>Shift: August 8 — N10706
Type: Continuous Climb
Length: 16.5 m
Gradient: 4.5 %</description>
                    <styleUrl>#1970</styleUrl>
                    <LineString id="2536">
                        <extrude>1</extrude>
                        <altitudeMode>relativeToGround</altitudeMode>
                        <coordinates>85.38525666666666,21.947371666666665,3.0 85.38523,21.947301666666668,3.0 85.3852,21.947233333333333,3.0</coordinates>
                    </LineString>
                </Placemark>
                <Placemark id="2541">
                    <name>August 8 — N10706_P0_Climb280</name>
                    <description>Shift: August 8 — N10706
Type: Continuous Climb
Length: 15.6 m
Gradient: 2.6 %</description>
                    <styleUrl>#1970</styleUrl>
                    <LineString id="2540">
                        <extrude>1</extrude>
                        <altitudeMode>relativeToGround</altitudeMode>
                        <coordinates>85.38498666666666,21.946671666666667,3.0 85.38496666666667,21.946601666666666,3.0 85.38494666666666,21.946536666666667,3.0</coordinates>
                    </LineString>
                </Placemark>
                <Placemark id="2545">
                    <name>August 8 — N10706_P0_Climb282</name>
                    <description>Shift: August 8 — N10706
Type: Continuous Climb
Length: 13.9 m
Gradient: 5.8 %</description>
                    <styleUrl>#1970</styleUrl>
                    <LineString id="2544">
                        <extrude>1</extrude>
                        <altitudeMode>relativeToGround</altitudeMode>
                        <coordinates>85.38488333333333,21.946383333333333,3.0 85.38485833333333,21.94635,3.0 85.38482333333333,21.946326666666668,3.0 85.38477666666667,21.946316666666668,3.0</coordinates>
                    </LineString>
                </Placemark>
                <Placemark id="2549">
                    <name>August 8 — N10706_P0_Climb284</name>
                    <description>Shift: August 8 — N10706
Type: Continuous Climb
Length: 6.3 m
Gradient: 2.1 %</description>
                    <styleUrl>#1970</styleUrl>
                    <LineString id="2548">
                        <extrude>1</extrude>
                        <altitudeMode>relativeToGround</altitudeMode>
                        <coordinates>85.38468666666667,21.946355,3.0 85.38464333333333,21.946395,3.0</coordinates>
                    </LineString>
                </Placemark>
                <Placemark id="2553">
                    <name>August 8 — N10706_P0_Climb286</name>
                    <description>Shift: August 8 — N10706
Type: Continuous Climb
Length: 21.5 m
Gradient: 3.3 %</description>
                    <styleUrl>#1970</styleUrl>
                    <LineString id="2552">
                        <extrude>1</extrude>
                        <altitudeMode>relativeToGround</altitudeMode>
                        <coordinates>85.38438333333333,21.946666666666665,3.0 85.38432833333333,21.94671,3.0 85.38427333333334,21.94675,3.0 85.38421833333334,21.946785,3.0</coordinates>
                    </LineString>
                </Placemark>
                <Placemark id="2557">
                    <name>August 8 — N10706_P0_Climb288</name>
                    <description>Shift: August 8 — N10706
Type: Continuous Climb
Length: 7.3 m
Gradient: 5.4 %</description>
                    <styleUrl>#1970</styleUrl>
                    <LineString id="2556">
                        <extrude>1</extrude>
                        <altitudeMode>relativeToGround</altitudeMode>
                        <coordinates>85.38408833333334,21.946885,3.0 85.38405833333333,21.946906666666667,3.0 85.38404,21.946918333333333,3.0 85.38403166666667,21.946925,3.0</coordinates>
                    </LineString>
                </Placemark>
                <Placemark id="2561">
                    <name>August 8 — N10706_P0_Climb290</name>
                    <description>Shift: August 8 — N10706
Type: Continuous Climb
Length: 0.2 m
Gradient: 18.0 %</description>
                    <styleUrl>#1974</styleUrl>
                    <LineString id="2560">
                        <extrude>1</extrude>
                        <altitudeMode>relativeToGround</altitudeMode>
                        <coordinates>85.38402833333333,21.946925,3.0 85.38402833333333,21.946926666666666,3.0</coordinates>
                    </LineString>
                </Placemark>
                <Placemark id="2565">
                    <name>August 8 — N10706_P0_Climb292</name>
                    <description>Shift: August 8 — N10706
Type: Continuous Climb
Length: 0.3 m
Gradient: 13.2 %</description>
                    <styleUrl>#1974</styleUrl>
                    <LineString id="2564">
                        <extrude>1</extrude>
                        <altitudeMode>relativeToGround</altitudeMode>
                        <coordinates>85.38402833333333,21.946926666666666,3.0 85.38402666666667,21.946928333333332,3.0</coordinates>
                    </LineString>
                </Placemark>
                <Placemark id="2569">
                    <name>August 8 — N10706_P0_Climb294</name>
                    <description>Shift: August 8 — N10706
Type: Continuous Climb
Length: 35.8 m
Gradient: 21.6 %</description>
                    <styleUrl>#1974</styleUrl>
                    <LineString id="2568">
                        <extrude>1</extrude>
                        <altitudeMode>relativeToGround</altitudeMode>
                        <coordinates>85.38402666666667,21.946928333333332,3.0 85.38402333333333,21.946931666666668,3.0 85.38401666666667,21.946936666666666,3.0 85.384005,21.946943333333333,3.0 85.38398833333333,21.94695,3.0 85.38397,21.946958333333335,3.0 85.383945,21.946963333333333,3.0 85.38391333333334,21.94697,3.0 85.38387666666667,21.946968333333334,3.0 85.38384,21.946965,3.0 85.383805,21.94696,3.0 85.38377333333334,21.946956666666665,3.0 85.38374833333333,21.946953333333333,3.0 85.383725,21.946951666666667,3.0 85.38370666666667,21.946953333333333,3.0 85.38369333333333,21.946953333333333,3.0 85.383695,21.946953333333333,3.0</coordinates>
                    </LineString>
                </Placemark>
                <Placemark id="2573">
                    <name>August 8 — N10706_P0_Climb296</name>
                    <description>Shift: August 8 — N10706
Type: Continuous Climb
Length: 0.2 m
Gradient: 19.4 %</description>
                    <styleUrl>#1974</styleUrl>
                    <LineString id="2572">
                        <extrude>1</extrude>
                        <altitudeMode>relativeToGround</altitudeMode>
                        <coordinates>85.383695,21.946953333333333,3.0 85.38369333333333,21.946953333333333,3.0</coordinates>
                    </LineString>
                </Placemark>
                <Placemark id="2577">
                    <name>August 8 — N10706_P0_Climb298</name>
                    <description>Shift: August 8 — N10706
Type: Continuous Climb
Length: 0.5 m
Gradient: 42.6 %</description>
                    <styleUrl>#1974</styleUrl>
                    <LineString id="2576">
                        <extrude>1</extrude>
                        <altitudeMode>relativeToGround</altitudeMode>
                        <coordinates>85.38368666666666,21.946953333333333,3.0 85.38368166666666,21.946955,3.0</coordinates>
                    </LineString>
                </Placemark>
                <Placemark id="2581">
                    <name>August 8 — N10706_P0_Climb300</name>
                    <description>Shift: August 8 — N10706
Type: Continuous Climb
Length: 0.2 m
Gradient: 18.0 %</description>
                    <styleUrl>#1974</styleUrl>
                    <LineString id="2580">
                        <extrude>1</extrude>
                        <altitudeMode>relativeToGround</altitudeMode>
                        <coordinates>85.38368,21.946955,3.0 85.38368,21.946956666666665,3.0</coordinates>
                    </LineString>
                </Placemark>
                <Placemark id="2585">
                    <name>August 8 — N10706_P0_Climb302</name>
                    <description>Shift: August 8 — N10706
Type: Continuous Climb
Length: 0.2 m
Gradient: 19.4 %</description>
                    <styleUrl>#1974</styleUrl>
                    <LineString id="2584">
                        <extrude>1</extrude>
                        <altitudeMode>relativeToGround</altitudeMode>
                        <coordinates>85.38367833333334,21.946956666666665,3.0 85.38367666666667,21.946956666666665,3.0</coordinates>
                    </LineString>
                </Placemark>
                <Placemark id="2589">
                    <name>August 8 — N10706_P0_Climb304</name>
                    <description>Shift: August 8 — N10706
Type: Continuous Climb
Length: 0.2 m
Gradient: 18.0 %</description>
                    <styleUrl>#1974</styleUrl>
                    <LineString id="2588">
                        <extrude>1</extrude>
                        <altitudeMode>relativeToGround</altitudeMode>
                        <coordinates>85.38366166666667,21.946958333333335,3.0 85.38366166666667,21.94696,3.0</coordinates>
                    </LineString>
                </Placemark>
                <Placemark id="2593">
                    <name>August 8 — N10706_P0_Climb306</name>
                    <description>Shift: August 8 — N10706
Type: Continuous Climb
Length: 0.2 m
Gradient: 19.4 %</description>
                    <styleUrl>#1974</styleUrl>
                    <LineString id="2592">
                        <extrude>1</extrude>
                        <altitudeMode>relativeToGround</altitudeMode>
                        <coordinates>85.38365666666667,21.94696,3.0 85.383655,21.94696,3.0</coordinates>
                    </LineString>
                </Placemark>
                <Placemark id="2597">
                    <name>August 8 — N10706_P0_Climb308</name>
                    <description>Shift: August 8 — N10706
Type: Continuous Climb
Length: 0.9 m
Gradient: 50.4 %</description>
                    <styleUrl>#1974</styleUrl>
                    <LineString id="2596">
                        <extrude>1</extrude>
                        <altitudeMode>relativeToGround</altitudeMode>
                        <coordinates>85.38364833333333,21.94696,3.0 85.38364333333334,21.94696,3.0 85.38364,21.94696,3.0</coordinates>
                    </LineString>
                </Placemark>
                <Placemark id="2601">
                    <name>August 8 — N10706_P0_Climb310</name>
                    <description>Shift: August 8 — N10706
Type: Continuous Climb
Length: 15.1 m
Gradient: 27.2 %</description>
                    <styleUrl>#1974</styleUrl>
                    <LineString id="2600">
                        <extrude>1</extrude>
                        <altitudeMode>relativeToGround</altitudeMode>
                        <coordinates>85.38364,21.94696,3.0 85.38363333333334,21.94696,3.0 85.38362666666667,21.946958333333335,3.0 85.38361833333333,21.946958333333335,3.0 85.38360666666667,21.946958333333335,3.0 85.383595,21.94696,3.0 85.38358,21.946963333333333,3.0 85.38357166666667,21.946965,3.0 85.38356333333333,21.94697,3.0 85.38355666666666,21.946973333333332,3.0 85.38354833333334,21.946975,3.0 85.38353833333333,21.946978333333334,3.0 85.38352666666667,21.946978333333334,3.0 85.38351666666667,21.946978333333334,3.0 85.38350833333334,21.946976666666668,3.0 85.38349833333334,21.946975,3.0</coordinates>
                    </LineString>
                </Placemark>
                <Placemark id="2605">
                    <name>August 8 — N10706_P0_Climb312</name>
                    <description>Shift: August 8 — N10706
Type: Continuous Climb
Length: 1.2 m
Gradient: 24.6 %</description>
                    <styleUrl>#1974</styleUrl>
                    <LineString id="2604">
                        <extrude>1</extrude>
                        <altitudeMode>relativeToGround</altitudeMode>
                        <coordinates>85.38349666666667,21.946973333333332,3.0 85.383485,21.946971666666666,3.0</coordinates>
                    </LineString>
                </Placemark>
                <Placemark id="2609">
                    <name>August 8 — N10706_P0_Climb314</name>
                    <description>Shift: August 8 — N10706
Type: Continuous Climb
Length: 6.3 m
Gradient: 13.2 %</description>
                    <styleUrl>#1974</styleUrl>
                    <LineString id="2608">
                        <extrude>1</extrude>
                        <altitudeMode>relativeToGround</altitudeMode>
                        <coordinates>85.383485,21.946971666666666,3.0 85.38347,21.946971666666666,3.0 85.38345,21.946973333333332,3.0 85.383425,21.94698,3.0</coordinates>
                    </LineString>
                </Placemark>
                <Placemark id="2613">
                    <name>August 8 — N10706_P0_Climb316</name>
                    <description>Shift: August 8 — N10706
Type: Continuous Climb
Length: 15.8 m
Gradient: 22.5 %</description>
                    <styleUrl>#1974</styleUrl>
                    <LineString id="2612">
                        <extrude>1</extrude>
                        <altitudeMode>relativeToGround</altitudeMode>
                        <coordinates>85.38339666666667,21.947026666666666,3.0 85.38340833333334,21.947085,3.0 85.38342833333333,21.947113333333334,3.0 85.38344666666667,21.947135,3.0 85.383465,21.947148333333335,3.0</coordinates>
                    </LineString>
                </Placemark>
                <Placemark id="2617">
                    <name>August 8 — N10706_P0_Climb318</name>
                    <description>Shift: August 8 — N10706
Type: Continuous Climb
Length: 3.3 m
Gradient: 58.0 %</description>
                    <styleUrl>#1974</styleUrl>
                    <LineString id="2616">
                        <extrude>1</extrude>
                        <altitudeMode>relativeToGround</altitudeMode>
                        <coordinates>85.383465,21.947148333333335,3.0 85.38347,21.947145,3.0 85.383475,21.947146666666665,3.0 85.38348333333333,21.947145,3.0 85.38349333333333,21.947138333333335,3.0</coordinates>
                    </LineString>
                </Placemark>
                <Placemark id="2621">
                    <name>August 8 — N10706_P0_Climb320</name>
                    <description>Shift: August 8 — N10706
Type: Continuous Climb
Length: 23.9 m
Gradient: 13.9 %</description>
                    <styleUrl>#1974</styleUrl>
                    <LineString id="2620">
                        <extrude>1</extrude>
                        <altitudeMode>relativeToGround</altitudeMode>
                        <coordinates>85.38349333333333,21.947138333333335,3.0 85.38350333333334,21.947101666666665,3.0 85.383495,21.947081666666666,3.0 85.383475,21.94706,3.0 85.38345333333334,21.94703833333333,3.0 85.38343333333333,21.94702,3.0 85.383415,21.947006666666667,3.0 85.38339666666667,21.947,3.0 85.38338,21.94699333333333,3.0 85.38336666666666,21.946985,3.0</coordinates>
                    </LineString>
                </Placemark>
                <Placemark id="2625">
                    <name>August 8 — N10706_P0_Climb322</name>
                    <description>Shift: August 8 — N10706
Type: Continuous Climb
Length: 4.6 m
Gradient: 5.8 %</description>
                    <styleUrl>#1970</styleUrl>
                    <LineString id="2624">
                        <extrude>1</extrude>
                        <altitudeMode>relativeToGround</altitudeMode>
                        <coordinates>85.38336666666666,21.946985,3.0 85.38334333333333,21.946963333333333,3.0 85.38333666666666,21.946958333333335,3.0 85.383335,21.946958333333335,3.0 85.38333666666666,21.946958333333335,3.0</coordinates>
                    </LineString>
                </Placemark>
                <Placemark id="2629">
                    <name>August 8 — N10706_P0_Climb324</name>
                    <description>Shift: August 8 — N10706
Type: Continuous Climb
Length: 0.4 m
Gradient: 18.0 %</description>
                    <styleUrl>#1974</styleUrl>
                    <LineString id="2628">
                        <extrude>1</extrude>
                        <altitudeMode>relativeToGround</altitudeMode>
                        <coordinates>85.38333666666666,21.946958333333335,3.0 85.38333666666666,21.946955,3.0</coordinates>
                    </LineString>
                </Placemark>
                <Placemark id="2633">
                    <name>August 8 — N10706_P0_Climb326</name>
                    <description>Shift: August 8 — N10706
Type: Continuous Climb
Length: 0.4 m
Gradient: 24.5 %</description>
                    <styleUrl>#1974</styleUrl>
                    <LineString id="2632">
                        <extrude>1</extrude>
                        <altitudeMode>relativeToGround</altitudeMode>
                        <coordinates>85.38333666666666,21.946955,3.0 85.383335,21.946951666666667,3.0</coordinates>
                    </LineString>
                </Placemark>
                <Placemark id="2637">
                    <name>August 8 — N10706_P0_Climb328</name>
                    <description>Shift: August 8 — N10706
Type: Continuous Climb
Length: 0.3 m
Gradient: 39.6 %</description>
                    <styleUrl>#1974</styleUrl>
                    <LineString id="2636">
                        <extrude>1</extrude>
                        <altitudeMode>relativeToGround</altitudeMode>
                        <coordinates>85.383335,21.946951666666667,3.0 85.38333666666666,21.94695,3.0</coordinates>
                    </LineString>
                </Placemark>
                <Placemark id="2641">
                    <name>August 8 — N10706_P0_Climb330</name>
                    <description>Shift: August 8 — N10706
Type: Continuous Climb
Length: 0.4 m
Gradient: 37.3 %</description>
                    <styleUrl>#1974</styleUrl>
                    <LineString id="2640">
                        <extrude>1</extrude>
                        <altitudeMode>relativeToGround</altitudeMode>
                        <coordinates>85.38333666666666,21.94695,3.0 85.38333666666666,21.94694833333333,3.0 85.38333833333333,21.94694833333333,3.0</coordinates>
                    </LineString>
                </Placemark>
                <Placemark id="2645">
                    <name>August 8 — N10706_P0_Climb332</name>
                    <description>Shift: August 8 — N10706
Type: Continuous Climb
Length: 0.3 m
Gradient: 13.2 %</description>
                    <styleUrl>#1974</styleUrl>
                    <LineString id="2644">
                        <extrude>1</extrude>
                        <altitudeMode>relativeToGround</altitudeMode>
                        <coordinates>85.38333833333333,21.946946666666665,3.0 85.38334,21.946945,3.0</coordinates>
                    </LineString>
                </Placemark>
                <Placemark id="2649">
                    <name>August 8 — N10706_P0_Climb334</name>
                    <description>Shift: August 8 — N10706
Type: Continuous Climb
Length: 0.3 m
Gradient: 26.4 %</description>
                    <styleUrl>#1974</styleUrl>
                    <LineString id="2648">
                        <extrude>1</extrude>
                        <altitudeMode>relativeToGround</altitudeMode>
                        <coordinates>85.38334166666667,21.946945,3.0 85.38334333333333,21.946943333333333,3.0</coordinates>
                    </LineString>
                </Placemark>
                <Placemark id="2653">
                    <name>August 8 — N10706_P0_Climb336</name>
                    <description>Shift: August 8 — N10706
Type: Continuous Climb
Length: 0.2 m
Gradient: 54.0 %</description>
                    <styleUrl>#1974</styleUrl>
                    <LineString id="2652">
                        <extrude>1</extrude>
                        <altitudeMode>relativeToGround</altitudeMode>
                        <coordinates>85.38334333333333,21.946943333333333,3.0 85.38334333333333,21.946941666666667,3.0</coordinates>
                    </LineString>
                </Placemark>
                <Placemark id="2657">
                    <name>August 8 — N10706_P0_Climb338</name>
                    <description>Shift: August 8 — N10706
Type: Continuous Climb
Length: 0.2 m
Gradient: 54.0 %</description>
                    <styleUrl>#1974</styleUrl>
                    <LineString id="2656">
                        <extrude>1</extrude>
                        <altitudeMode>relativeToGround</altitudeMode>
                        <coordinates>85.38334333333333,21.946941666666667,3.0 85.38334333333333,21.94694,3.0</coordinates>
                    </LineString>
                </Placemark>
                <Placemark id="2661">
                    <name>August 8 — N10706_P0_Climb340</name>
                    <description>Shift: August 8 — N10706
Type: Continuous Climb
Length: 0.2 m
Gradient: 18.0 %</description>
                    <styleUrl>#1974</styleUrl>
                    <LineString id="2660">
                        <extrude>1</extrude>
                        <altitudeMode>relativeToGround</altitudeMode>
                        <coordinates>85.38334333333333,21.94694,3.0 85.38334333333333,21.946938333333332,3.0</coordinates>
                    </LineString>
                </Placemark>
                <Placemark id="2665">
                    <name>August 8 — N10706_P0_Climb342</name>
                    <description>Shift: August 8 — N10706
Type: Continuous Climb
Length: 0.4 m
Gradient: 16.3 %</description>
                    <styleUrl>#1974</styleUrl>
                    <LineString id="2664">
                        <extrude>1</extrude>
                        <altitudeMode>relativeToGround</altitudeMode>
                        <coordinates>85.38334333333333,21.946938333333332,3.0 85.38334166666667,21.946935,3.0</coordinates>
                    </LineString>
                </Placemark>
                <Placemark id="2669">
                    <name>August 8 — N10706_P0_Climb344</name>
                    <description>Shift: August 8 — N10706
Type: Continuous Climb
Length: 0.2 m
Gradient: 18.0 %</description>
                    <styleUrl>#1974</styleUrl>
                    <LineString id="2668">
                        <extrude>1</extrude>
                        <altitudeMode>relativeToGround</altitudeMode>
                        <coordinates>85.38334166666667,21.946935,3.0 85.38334166666667,21.946933333333334,3.0</coordinates>
                    </LineString>
                </Placemark>
                <Placemark id="2673">
                    <name>August 8 — N10706_P0_Climb346</name>
                    <description>Shift: August 8 — N10706
Type: Continuous Climb
Length: 0.2 m
Gradient: 36.0 %</description>
                    <styleUrl>#1974</styleUrl>
                    <LineString id="2672">
                        <extrude>1</extrude>
                        <altitudeMode>relativeToGround</altitudeMode>
                        <coordinates>85.38334166666667,21.946933333333334,3.0 85.38334166666667,21.946931666666668,3.0</coordinates>
                    </LineString>
                </Placemark>
                <Placemark id="2677">
                    <name>August 8 — N10706_P0_Climb348</name>
                    <description>Shift: August 8 — N10706
Type: Continuous Climb
Length: 0.3 m
Gradient: 26.4 %</description>
                    <styleUrl>#1974</styleUrl>
                    <LineString id="2676">
                        <extrude>1</extrude>
                        <altitudeMode>relativeToGround</altitudeMode>
                        <coordinates>85.38334166666667,21.946931666666668,3.0 85.38334,21.946930000000002,3.0</coordinates>
                    </LineString>
                </Placemark>
                <Placemark id="2681">
                    <name>August 8 — N10706_P0_Climb350</name>
                    <description>Shift: August 8 — N10706
Type: Continuous Climb
Length: 15.2 m
Gradient: 12.1 %</description>
                    <styleUrl>#1974</styleUrl>
                    <LineString id="2680">
                        <extrude>1</extrude>
                        <altitudeMode>relativeToGround</altitudeMode>
                        <coordinates>85.38334333333333,21.946928333333332,3.0 85.38334666666667,21.946928333333332,3.0 85.383355,21.946928333333332,3.0 85.38336666666666,21.946928333333332,3.0 85.383385,21.946926666666666,3.0 85.38340666666667,21.946926666666666,3.0 85.38343166666667,21.946928333333332,3.0 85.38349,21.946936666666666,3.0</coordinates>
                    </LineString>
                </Placemark>
                <Placemark id="2685">
                    <name>August 8 — N10706_P0_Climb352</name>
                    <description>Shift: August 8 — N10706
Type: Continuous Climb
Length: 11.9 m
Gradient: 3.9 %</description>
                    <styleUrl>#1970</styleUrl>
                    <LineString id="2684">
                        <extrude>1</extrude>
                        <altitudeMode>relativeToGround</altitudeMode>
                        <coordinates>85.38349,21.946936666666666,3.0 85.38356,21.946955,3.0 85.3836,21.946968333333334,3.0</coordinates>
                    </LineString>
                </Placemark>
                <Placemark id="2689">
                    <name>August 8 — N10706_P0_Climb354</name>
                    <description>Shift: August 8 — N10706
Type: Continuous Climb
Length: 4.8 m
Gradient: 2.8 %</description>
                    <styleUrl>#1970</styleUrl>
                    <LineString id="2688">
                        <extrude>1</extrude>
                        <altitudeMode>relativeToGround</altitudeMode>
                        <coordinates>85.38364333333334,21.946981666666666,3.0 85.38368833333334,21.94699333333333,3.0</coordinates>
                    </LineString>
                </Placemark>
                <Placemark id="2693">
                    <name>August 8 — N10706_P0_Climb356</name>
                    <description>Shift: August 8 — N10706
Type: Continuous Climb
Length: 4.5 m
Gradient: 2.2 %</description>
                    <styleUrl>#1970</styleUrl>
                    <LineString id="2692">
                        <extrude>1</extrude>
                        <altitudeMode>relativeToGround</altitudeMode>
                        <coordinates>85.38378333333333,21.94701166666667,3.0 85.38382666666666,21.947018333333332,3.0</coordinates>
                    </LineString>
                </Placemark>
                <Placemark id="2697">
                    <name>August 8 — N10706_P0_Climb358</name>
                    <description>Shift: August 8 — N10706
Type: Continuous Climb
Length: 10.5 m
Gradient: 5.4 %</description>
                    <styleUrl>#1970</styleUrl>
                    <LineString id="2696">
                        <extrude>1</extrude>
                        <altitudeMode>relativeToGround</altitudeMode>
                        <coordinates>85.383985,21.947033333333334,3.0 85.38401666666667,21.947031666666668,3.0 85.38405,21.947025,3.0 85.38408333333334,21.94701166666667,3.0</coordinates>
                    </LineString>
                </Placemark>
                <Placemark id="2701">
                    <name>August 8 — N10706_P0_Climb360</name>
                    <description>Shift: August 8 — N10706
Type: Continuous Climb
Length: 23.8 m
Gradient: 4.9 %</description>
                    <styleUrl>#1970</styleUrl>
                    <LineString id="2700">
                        <extrude>1</extrude>
                        <altitudeMode>relativeToGround</altitudeMode>
                        <coordinates>85.38408333333334,21.94701166666667,3.0 85.38415166666667,21.94697,3.0 85.38418833333333,21.946943333333333,3.0 85.384225,21.946911666666665,3.0 85.38426333333334,21.946878333333334,3.0</coordinates>
                    </LineString>
                </Placemark>
                <Placemark id="2705">
                    <name>August 8 — N10706_P0_Climb362</name>
                    <description>Shift: August 8 — N10706
Type: Continuous Climb
Length: 39.4 m
Gradient: 7.4 %</description>
                    <styleUrl>#1972</styleUrl>
                    <LineString id="2704">
                        <extrude>1</extrude>
                        <altitudeMode>relativeToGround</altitudeMode>
                        <coordinates>85.38434333333333,21.946795,3.0 85.384385,21.946748333333332,3.0 85.38442666666667,21.946703333333332,3.0 85.38447333333333,21.94666,3.0 85.384525,21.946623333333335,3.0 85.38457833333334,21.946591666666666,3.0 85.38463333333333,21.946573333333333,3.0</coordinates>
                    </LineString>
                </Placemark>
                <Placemark id="2709">
                    <name>August 8 — N10706_P0_Climb364</name>
                    <description>Shift: August 8 — N10706
Type: Continuous Climb
Length: 56.9 m
Gradient: 3.5 %</description>
                    <styleUrl>#1970</styleUrl>
                    <LineString id="2708">
                        <extrude>1</extrude>
                        <altitudeMode>relativeToGround</altitudeMode>
                        <coordinates>85.38480333333334,21.946663333333333,3.0 85.38482166666667,21.94671,3.0 85.38483833333333,21.946765,3.0 85.38485666666666,21.946825,3.0 85.384875,21.946888333333334,3.0 85.38489666666666,21.946955,3.0 85.384915,21.947023333333334,3.0 85.38493166666666,21.947091666666665,3.0 85.38494166666666,21.947158333333334,3.0</coordinates>
                    </LineString>
                </Placemark>
                <Placemark id="2713">
                    <name>August 8 — N10706_P0_Climb366</name>
                    <description>Shift: August 8 — N10706
Type: Continuous Climb
Length: 7.4 m
Gradient: 3.2 %</description>
                    <styleUrl>#1970</styleUrl>
                    <LineString id="2712">
                        <extrude>1</extrude>
                        <altitudeMode>relativeToGround</altitudeMode>
                        <coordinates>85.38499166666666,21.947408333333332,3.0 85.38501833333333,21.94747,3.0</coordinates>
                    </LineString>
                </Placemark>
                <Placemark id="2717">
                    <name>August 8 — N10706_P0_Climb368</name>
                    <description>Shift: August 8 — N10706
Type: Continuous Climb
Length: 24.3 m
Gradient: 4.1 %</description>
                    <styleUrl>#1970</styleUrl>
                    <LineString id="2716">
                        <extrude>1</extrude>
                        <altitudeMode>relativeToGround</altitudeMode>
                        <coordinates>85.38523166666667,21.947908333333334,3.0 85.38526333333333,21.947973333333334,3.0 85.38529833333334,21.948038333333333,3.0 85.38533333333334,21.948104999999998,3.0</coordinates>
                    </LineString>
                </Placemark>
                <Placemark id="2721">
                    <name>August 8 — N10706_P0_Climb370</name>
                    <description>Shift: August 8 — N10706
Type: Continuous Climb
Length: 120.0 m
Gradient: 5.3 %</description>
                    <styleUrl>#1970</styleUrl>
                    <LineString id="2720">
                        <extrude>1</extrude>
                        <altitudeMode>relativeToGround</altitudeMode>
                        <coordinates>85.38541,21.948235,3.0 85.38544833333333,21.948301666666666,3.0 85.38548666666667,21.948366666666665,3.0 85.38552666666666,21.94843,3.0 85.38556666666666,21.94849333333333,3.0 85.38560833333334,21.948555,3.0 85.38565333333334,21.948613333333334,3.0 85.38569833333334,21.948671666666666,3.0 85.38574666666666,21.948725,3.0 85.385795,21.948775,3.0 85.38584333333333,21.948821666666667,3.0 85.38589166666667,21.948865,3.0 85.38594,21.948906666666666,3.0 85.385985,21.94895,3.0 85.38602833333333,21.948993333333334,3.0 85.38606833333333,21.94904,3.0 85.38610666666666,21.949091666666668,3.0</coordinates>
                    </LineString>
                </Placemark>
                <Placemark id="2725">
                    <name>August 8 — N10706_P0_Climb372</name>
                    <description>Shift: August 8 — N10706
Type: Continuous Climb
Length: 37.2 m
Gradient: 3.2 %</description>
                    <styleUrl>#1970</styleUrl>
                    <LineString id="2724">
                        <extrude>1</extrude>
                        <altitudeMode>relativeToGround</altitudeMode>
                        <coordinates>85.38614,21.949146666666667,3.0 85.38616666666667,21.949206666666665,3.0 85.38619333333334,21.949268333333332,3.0 85.386225,21.949326666666668,3.0 85.38626333333333,21.949385,3.0 85.38630666666667,21.949441666666665,3.0</coordinates>
                    </LineString>
                </Placemark>
                <Placemark id="2729">
                    <name>August 8 — N10706_P0_Climb374</name>
                    <description>Shift: August 8 — N10706
Type: Continuous Climb
Length: 7.8 m
Gradient: 2.1 %</description>
                    <styleUrl>#1970</styleUrl>
                    <LineString id="2728">
                        <extrude>1</extrude>
                        <altitudeMode>relativeToGround</altitudeMode>
                        <coordinates>85.38639666666667,21.949551666666668,3.0 85.38644333333333,21.949606666666668,3.0</coordinates>
                    </LineString>
                </Placemark>
                <Placemark id="2733">
                    <name>August 8 — N10706_P0_Climb376</name>
                    <description>Shift: August 8 — N10706
Type: Continuous Climb
Length: 33.7 m
Gradient: 4.0 %</description>
                    <styleUrl>#1970</styleUrl>
                    <LineString id="2732">
                        <extrude>1</extrude>
                        <altitudeMode>relativeToGround</altitudeMode>
                        <coordinates>85.38655,21.949718333333333,3.0 85.38661166666667,21.949773333333333,3.0 85.38667333333333,21.949828333333333,3.0 85.386735,21.949878333333334,3.0 85.38679,21.949923333333334,3.0</coordinates>
                    </LineString>
                </Placemark>
                <Placemark id="2737">
                    <name>August 8 — N10706_P0_Climb378</name>
                    <description>Shift: August 8 — N10706
Type: Continuous Climb
Length: 5.9 m
Gradient: 2.8 %</description>
                    <styleUrl>#1970</styleUrl>
                    <LineString id="2736">
                        <extrude>1</extrude>
                        <altitudeMode>relativeToGround</altitudeMode>
                        <coordinates>85.38699,21.950196666666667,3.0 85.38697,21.950246666666665,3.0</coordinates>
                    </LineString>
                </Placemark>
                <Placemark id="2741">
                    <name>August 8 — N10706_P0_Climb380</name>
                    <description>Shift: August 8 — N10706
Type: Continuous Climb
Length: 22.9 m
Gradient: 3.8 %</description>
                    <styleUrl>#1970</styleUrl>
                    <LineString id="2740">
                        <extrude>1</extrude>
                        <altitudeMode>relativeToGround</altitudeMode>
                        <coordinates>85.386665,21.950338333333335,3.0 85.38660833333333,21.950338333333335,3.0 85.38655,21.950336666666665,3.0 85.38649666666667,21.95034,3.0 85.38644333333333,21.950343333333333,3.0</coordinates>
                    </LineString>
                </Placemark>
                <Placemark id="2745">
                    <name>August 8 — N10706_P0_Climb382</name>
                    <description>Shift: August 8 — N10706
Type: Continuous Climb
Length: 159.7 m
Gradient: 7.3 %</description>
                    <styleUrl>#1972</styleUrl>
                    <LineString id="2744">
                        <extrude>1</extrude>
                        <altitudeMode>relativeToGround</altitudeMode>
                        <coordinates>85.38628666666666,21.950356666666668,3.0 85.38623333333334,21.950365,3.0 85.38617666666667,21.950375,3.0 85.38612,21.95039,3.0 85.386065,21.950406666666666,3.0 85.38601,21.95043,3.0 85.38595666666667,21.950455,3.0 85.38590666666667,21.950483333333334,3.0 85.38585666666667,21.950515,3.0 85.385815,21.95055,3.0 85.38577666666667,21.950586666666666,3.0 85.38574166666666,21.950623333333333,3.0 85.38570833333333,21.95066,3.0 85.38567666666667,21.950695,3.0 85.38564666666667,21.950728333333334,3.0 85.38561666666666,21.95076,3.0 85.38559,21.950786666666666,3.0 85.385565,21.950813333333333,3.0 85.38554333333333,21.950838333333333,3.0 85.38552166666666,21.95086166666667,3.0 85.38550333333333,21.950885,3.0 85.385485,21.950905,3.0 85.38546666666667,21.950926666666668,3.0 85.38544666666667,21.950948333333333,3.0 85.38543,21.95097,3.0 85.38541166666667,21.950993333333333,3.0 85.38539166666666,21.951014999999998,3.0 85.38537166666667,21.951038333333333,3.0 85.38535333333333,21.951061666666668,3.0 85.385335,21.951088333333335,3.0 85.38531833333333,21.951115,3.0 85.38530333333334,21.951143333333334,3.0 85.38529,21.951171666666667,3.0 85.38526666666667,21.951231666666665,3.0 85.38525833333334,21.951261666666667,3.0 85.38525,21.951293333333332,3.0 85.385245,21.951323333333335,3.0</coordinates>
                    </LineString>
                </Placemark>
                <Placemark id="2749">
                    <name>August 8 — N10706_P0_Climb384</name>
                    <description>Shift: August 8 — N10706
Type: Continuous Climb
Length: 17.7 m
Gradient: 10.2 %</description>
                    <styleUrl>#1974</styleUrl>
                    <LineString id="2748">
                        <extrude>1</extrude>
                        <altitudeMode>relativeToGround</altitudeMode>
                        <coordinates>85.385245,21.951323333333335,3.0 85.38524,21.951355,3.0 85.38523666666667,21.95142,3.0 85.38523833333333,21.951451666666667,3.0 85.38524166666667,21.951481666666666,3.0</coordinates>
                    </LineString>
                </Placemark>
                <Placemark id="2753">
                    <name>August 8 — N10706_P0_Climb386</name>
                    <description>Shift: August 8 — N10706
Type: Continuous Climb
Length: 9.7 m
Gradient: 2.8 %</description>
                    <styleUrl>#1970</styleUrl>
                    <LineString id="2752">
                        <extrude>1</extrude>
                        <altitudeMode>relativeToGround</altitudeMode>
                        <coordinates>85.38524166666667,21.951481666666666,3.0 85.38525833333334,21.951536666666666,3.0 85.38526833333333,21.951565,3.0</coordinates>
                    </LineString>
                </Placemark>
                <Placemark id="2757">
                    <name>August 8 — N10706_P0_Climb388</name>
                    <description>Shift: August 8 — N10706
Type: Continuous Climb
Length: 7.0 m
Gradient: 3.8 %</description>
                    <styleUrl>#1970</styleUrl>
                    <LineString id="2756">
                        <extrude>1</extrude>
                        <altitudeMode>relativeToGround</altitudeMode>
                        <coordinates>85.38526833333333,21.951565,3.0 85.38529,21.951625,3.0</coordinates>
                    </LineString>
                </Placemark>
                <Placemark id="2761">
                    <name>August 8 — N10706_P0_Climb390</name>
                    <description>Shift: August 8 — N10706
Type: Continuous Climb
Length: 18.2 m
Gradient: 4.2 %</description>
                    <styleUrl>#1970</styleUrl>
                    <LineString id="2760">
                        <extrude>1</extrude>
                        <altitudeMode>relativeToGround</altitudeMode>
                        <coordinates>85.38529,21.951625,3.0 85.38531333333333,21.951688333333333,3.0 85.38532666666667,21.951716666666666,3.0 85.38534,21.951746666666665,3.0 85.385355,21.951776666666667,3.0</coordinates>
                    </LineString>
                </Placemark>
                <Placemark id="2765">
                    <name>August 8 — N10706_P0_Climb392</name>
                    <description>Shift: August 8 — N10706
Type: Continuous Climb
Length: 7.9 m
Gradient: 3.4 %</description>
                    <styleUrl>#1970</styleUrl>
                    <LineString id="2764">
                        <extrude>1</extrude>
                        <altitudeMode>relativeToGround</altitudeMode>
                        <coordinates>85.38540833333333,21.951865,3.0 85.38542833333334,21.951893333333334,3.0 85.38545,21.951925,3.0</coordinates>
                    </LineString>
                </Placemark>
                <Placemark id="2769">
                    <name>August 8 — N10706_P0_Climb394</name>
                    <description>Shift: August 8 — N10706
Type: Continuous Climb
Length: 35.5 m
Gradient: 8.0 %</description>
                    <styleUrl>#1972</styleUrl>
                    <LineString id="2768">
                        <extrude>1</extrude>
                        <altitudeMode>relativeToGround</altitudeMode>
                        <coordinates>85.38545,21.951925,3.0 85.38549333333333,21.951983333333335,3.0 85.385515,21.952011666666667,3.0 85.385535,21.952036666666668,3.0 85.385555,21.952061666666665,3.0 85.38557333333333,21.952086666666666,3.0 85.38559166666667,21.952111666666667,3.0 85.38561,21.952136666666668,3.0 85.38562666666667,21.952161666666665,3.0 85.385645,21.952188333333332,3.0</coordinates>
                    </LineString>
                </Placemark>
                <Placemark id="2773">
                    <name>August 8 — N10706_P0_Climb396</name>
                    <description>Shift: August 8 — N10706
Type: Continuous Climb
Length: 28.9 m
Gradient: 4.3 %</description>
                    <styleUrl>#1970</styleUrl>
                    <LineString id="2772">
                        <extrude>1</extrude>
                        <altitudeMode>relativeToGround</altitudeMode>
                        <coordinates>85.385645,21.952188333333332,3.0 85.38568,21.95224333333333,3.0 85.38569666666666,21.952273333333334,3.0 85.38571333333333,21.952306666666665,3.0 85.38573,21.95234333333333,3.0 85.38574666666666,21.952381666666668,3.0 85.38576333333333,21.952423333333332,3.0</coordinates>
                    </LineString>
                </Placemark>
                <Placemark id="2777">
                    <name>August 8 — N10706_P0_Climb398</name>
                    <description>Shift: August 8 — N10706
Type: Continuous Climb
Length: 27.6 m
Gradient: 4.1 %</description>
                    <styleUrl>#1970</styleUrl>
                    <LineString id="2776">
                        <extrude>1</extrude>
                        <altitudeMode>relativeToGround</altitudeMode>
                        <coordinates>85.38584166666666,21.952655,3.0 85.38586333333333,21.952703333333332,3.0 85.38588333333334,21.95275,3.0 85.38589833333333,21.952798333333334,3.0 85.385905,21.952845,3.0 85.38589833333333,21.952893333333332,3.0</coordinates>
                    </LineString>
                </Placemark>
                <Placemark id="2781">
                    <name>August 8 — N10706_P0_Climb400</name>
                    <description>Shift: August 8 — N10706
Type: Continuous Climb
Length: 113.0 m
Gradient: 12.9 %</description>
                    <styleUrl>#1974</styleUrl>
                    <LineString id="2780">
                        <extrude>1</extrude>
                        <altitudeMode>relativeToGround</altitudeMode>
                        <coordinates>85.38586,21.952981666666666,3.0 85.38583333333334,21.953016666666667,3.0 85.38580333333333,21.953045,3.0 85.38577,21.953073333333332,3.0 85.38574,21.953093333333335,3.0 85.38571333333333,21.95311166666667,3.0 85.38569,21.95313,3.0 85.38566333333333,21.953141666666667,3.0 85.38563666666667,21.953153333333333,3.0 85.38561166666666,21.953165,3.0 85.385585,21.953178333333334,3.0 85.38556166666666,21.95319,3.0 85.38553833333333,21.953203333333335,3.0 85.38551666666666,21.953215,3.0 85.38549333333333,21.953228333333332,3.0 85.38547,21.95324,3.0 85.38544666666667,21.95325,3.0 85.38542333333334,21.953261666666666,3.0 85.38539666666667,21.953271666666666,3.0 85.38537,21.95328,3.0 85.38534666666666,21.953286666666667,3.0 85.385325,21.953291666666665,3.0 85.38530333333334,21.953298333333333,3.0 85.38528333333333,21.953303333333334,3.0 85.38526333333333,21.95331,3.0 85.38524333333334,21.953316666666666,3.0 85.385225,21.953323333333334,3.0 85.38520833333334,21.95332833333333,3.0 85.38519,21.953335,3.0 85.38517,21.953341666666667,3.0 85.38515,21.95334666666667,3.0 85.38512833333333,21.953351666666666,3.0 85.385105,21.953358333333334,3.0 85.38508,21.953361666666666,3.0 85.385055,21.953365,3.0 85.38503,21.953368333333334,3.0 85.385005,21.953368333333334,3.0 85.38497666666666,21.953368333333334,3.0 85.38494666666666,21.953366666666668,3.0 85.384915,21.953363333333332,3.0 85.38488333333333,21.953356666666668,3.0</coordinates>
                    </LineString>
                </Placemark>
                <Placemark id="2785">
                    <name>August 8 — N10706_P0_Climb402</name>
                    <description>Shift: August 8 — N10706
Type: Continuous Climb
Length: 38.8 m
Gradient: 6.7 %</description>
                    <styleUrl>#1972</styleUrl>
                    <LineString id="2784">
                        <extrude>1</extrude>
                        <altitudeMode>relativeToGround</altitudeMode>
                        <coordinates>85.384785,21.953316666666666,3.0 85.38474666666667,21.9533,3.0 85.38470833333334,21.953283333333335,3.0 85.38466833333334,21.953263333333332,3.0 85.38462666666666,21.953243333333333,3.0 85.38458833333334,21.953218333333332,3.0 85.38454833333333,21.953191666666665,3.0 85.38450833333333,21.953161666666666,3.0 85.38447,21.95313,3.0</coordinates>
                    </LineString>
                </Placemark>
                <Placemark id="2789">
                    <name>August 8 — N10706_P0_Climb404</name>
                    <description>Shift: August 8 — N10706
Type: Continuous Climb
Length: 63.8 m
Gradient: 7.8 %</description>
                    <styleUrl>#1972</styleUrl>
                    <LineString id="2788">
                        <extrude>1</extrude>
                        <altitudeMode>relativeToGround</altitudeMode>
                        <coordinates>85.38437166666667,21.95303,3.0 85.38433833333333,21.952998333333333,3.0 85.384305,21.95297,3.0 85.38427333333334,21.952941666666668,3.0 85.38424166666667,21.952915,3.0 85.38421333333334,21.95289,3.0 85.38418666666666,21.952866666666665,3.0 85.38416,21.952845,3.0 85.38413166666666,21.952825,3.0 85.38410333333333,21.952805,3.0 85.384075,21.95278,3.0 85.384045,21.952755,3.0 85.38401666666667,21.95273,3.0 85.38398833333333,21.9527,3.0 85.38396333333333,21.952663333333334,3.0 85.38395,21.95262,3.0</coordinates>
                    </LineString>
                </Placemark>
                <Placemark id="2793">
                    <name>August 8 — N10706_P0_Climb406</name>
                    <description>Shift: August 8 — N10706
Type: Continuous Climb
Length: 25.2 m
Gradient: 6.7 %</description>
                    <styleUrl>#1972</styleUrl>
                    <LineString id="2792">
                        <extrude>1</extrude>
                        <altitudeMode>relativeToGround</altitudeMode>
                        <coordinates>85.38394666666667,21.952526666666667,3.0 85.38396666666667,21.95247833333333,3.0 85.38399666666666,21.952438333333333,3.0 85.38403666666666,21.95241,3.0 85.384075,21.95238833333333,3.0 85.38411333333333,21.952375,3.0</coordinates>
                    </LineString>
                </Placemark>
                <Placemark id="2797">
                    <name>August 8 — N10706_P0_Climb408</name>
                    <description>Shift: August 8 — N10706
Type: Continuous Climb
Length: 25.8 m
Gradient: 7.4 %</description>
                    <styleUrl>#1972</styleUrl>
                    <LineString id="2796">
                        <extrude>1</extrude>
                        <altitudeMode>relativeToGround</altitudeMode>
                        <coordinates>85.38429666666667,21.952371666666668,3.0 85.38433666666667,21.95236,3.0 85.38437,21.95234,3.0 85.38439666666666,21.952315,3.0 85.38441833333333,21.952291666666667,3.0 85.38444166666666,21.952276666666666,3.0 85.384485,21.952261666666665,3.0 85.38449833333334,21.952258333333333,3.0 85.384505,21.952256666666667,3.0 85.38450666666667,21.952256666666667,3.0</coordinates>
                    </LineString>
                </Placemark>
                <Placemark id="2801">
                    <name>August 8 — N10706_P0_Climb410</name>
                    <description>Shift: August 8 — N10706
Type: Continuous Climb
Length: 1.1 m
Gradient: 9.5 %</description>
                    <styleUrl>#1972</styleUrl>
                    <LineString id="2800">
                        <extrude>1</extrude>
                        <altitudeMode>relativeToGround</altitudeMode>
                        <coordinates>85.38450666666667,21.952256666666667,3.0 85.38450333333333,21.952256666666667,3.0 85.38449666666666,21.952255,3.0</coordinates>
                    </LineString>
                </Placemark>
                <Placemark id="2805">
                    <name>August 8 — N10706_P0_Climb412</name>
                    <description>Shift: August 8 — N10706
Type: Continuous Climb
Length: 5.1 m
Gradient: 13.7 %</description>
                    <styleUrl>#1974</styleUrl>
                    <LineString id="2804">
                        <extrude>1</extrude>
                        <altitudeMode>relativeToGround</altitudeMode>
                        <coordinates>85.38447833333333,21.952251666666665,3.0 85.38446333333333,21.952251666666665,3.0 85.38444666666666,21.952255,3.0 85.38443,21.95226,3.0</coordinates>
                    </LineString>
                </Placemark>
                <Placemark id="2809">
                    <name>August 8 — N10706_P0_Climb414</name>
                    <description>Shift: August 8 — N10706
Type: Continuous Climb
Length: 10.5 m
Gradient: 5.7 %</description>
                    <styleUrl>#1970</styleUrl>
                    <LineString id="2808">
                        <extrude>1</extrude>
                        <altitudeMode>relativeToGround</altitudeMode>
                        <coordinates>85.38443,21.95226,3.0 85.38439833333334,21.952278333333332,3.0 85.38438666666667,21.952293333333333,3.0 85.38437833333333,21.95231,3.0 85.38437666666667,21.952333333333332,3.0</coordinates>
                    </LineString>
                </Placemark>
                <Placemark id="2813">
                    <name>August 8 — N10706_P0_Climb416</name>
                    <description>Shift: August 8 — N10706
Type: Continuous Climb
Length: 7.1 m
Gradient: 3.7 %</description>
                    <styleUrl>#1970</styleUrl>
                    <LineString id="2812">
                        <extrude>1</extrude>
                        <altitudeMode>relativeToGround</altitudeMode>
                        <coordinates>85.38437833333333,21.952355,3.0 85.38438166666667,21.952375,3.0 85.384385,21.952396666666665,3.0 85.38439,21.952418333333334,3.0</coordinates>
                    </LineString>
                </Placemark>
                <Placemark id="2817">
                    <name>August 8 — N10706_P0_Climb418</name>
                    <description>Shift: August 8 — N10706
Type: Continuous Climb
Length: 17.9 m
Gradient: 9.3 %</description>
                    <styleUrl>#1972</styleUrl>
                    <LineString id="2816">
                        <extrude>1</extrude>
                        <altitudeMode>relativeToGround</altitudeMode>
                        <coordinates>85.38439666666666,21.95246,3.0 85.38440166666666,21.952481666666667,3.0 85.38440666666666,21.952505,3.0 85.38441333333333,21.952525,3.0 85.38441833333333,21.952546666666667,3.0 85.38442166666667,21.952561666666668,3.0 85.384425,21.952575,3.0 85.384425,21.952586666666665,3.0 85.384425,21.95259666666667,3.0 85.38442666666667,21.952601666666666,3.0 85.38442833333333,21.952606666666668,3.0 85.38443166666667,21.952613333333332,3.0 85.38443333333333,21.952616666666668,3.0</coordinates>
                    </LineString>
                </Placemark>
                <Placemark id="2821">
                    <name>August 8 — N10706_P0_Climb420</name>
                    <description>Shift: August 8 — N10706
Type: Continuous Climb
Length: 0.4 m
Gradient: 68.5 %</description>
                    <styleUrl>#1974</styleUrl>
                    <LineString id="2820">
                        <extrude>1</extrude>
                        <altitudeMode>relativeToGround</altitudeMode>
                        <coordinates>85.38443333333333,21.952616666666668,3.0 85.38443333333333,21.952615,3.0 85.38443166666667,21.952613333333332,3.0</coordinates>
                    </LineString>
                </Placemark>
                <Placemark id="2825">
                    <name>August 8 — N10706_P0_Climb422</name>
                    <description>Shift: August 8 — N10706
Type: Continuous Climb
Length: 7.4 m
Gradient: 22.9 %</description>
                    <styleUrl>#1974</styleUrl>
                    <LineString id="2824">
                        <extrude>1</extrude>
                        <altitudeMode>relativeToGround</altitudeMode>
                        <coordinates>85.38443166666667,21.952613333333332,3.0 85.38443,21.952611666666666,3.0 85.38442666666667,21.952606666666668,3.0 85.38442166666667,21.952598333333334,3.0 85.38441833333333,21.95259,3.0 85.384415,21.952583333333333,3.0 85.38441333333333,21.95258,3.0 85.38441166666667,21.952576666666666,3.0 85.38441,21.952575,3.0 85.38440833333334,21.952573333333333,3.0 85.38440833333334,21.952571666666667,3.0 85.38440666666666,21.952565,3.0 85.38440166666666,21.952553333333334,3.0</coordinates>
                    </LineString>
                </Placemark>
                <Placemark id="2829">
                    <name>August 8 — N10706_P0_Climb424</name>
                    <description>Shift: August 8 — N10706
Type: Continuous Climb
Length: 80.4 m
Gradient: 6.8 %</description>
                    <styleUrl>#1972</styleUrl>
                    <LineString id="2828">
                        <extrude>1</extrude>
                        <altitudeMode>relativeToGround</altitudeMode>
                        <coordinates>85.38439666666666,21.952538333333333,3.0 85.38439166666667,21.952521666666666,3.0 85.38438666666667,21.952505,3.0 85.38438333333333,21.952488333333335,3.0 85.38437833333333,21.952471666666668,3.0 85.38437333333333,21.952455,3.0 85.38436666666666,21.952438333333333,3.0 85.38436,21.952421666666666,3.0 85.38435166666666,21.95240666666667,3.0 85.38434166666667,21.952393333333333,3.0 85.38433166666667,21.952381666666668,3.0 85.38432,21.952368333333332,3.0 85.384305,21.952355,3.0 85.38429,21.952341666666666,3.0 85.38425,21.952323333333332,3.0 85.384225,21.952315,3.0 85.38419666666667,21.952313333333333,3.0 85.38413166666666,21.952321666666666,3.0 85.384095,21.952333333333332,3.0 85.384055,21.952353333333335,3.0 85.38401666666667,21.952381666666668,3.0 85.38395,21.952458333333333,3.0 85.38391666666666,21.952576666666666,3.0</coordinates>
                    </LineString>
                </Placemark>
                <Placemark id="2833">
                    <name>August 8 — N10706_P0_Climb426</name>
                    <description>Shift: August 8 — N10706
Type: Continuous Climb
Length: 102.5 m
Gradient: 6.2 %</description>
                    <styleUrl>#1970</styleUrl>
                    <LineString id="2832">
                        <extrude>1</extrude>
                        <altitudeMode>relativeToGround</altitudeMode>
                        <coordinates>85.38391666666666,21.952576666666666,3.0 85.38395333333334,21.952696666666668,3.0 85.38402333333333,21.95279,3.0 85.38407,21.952823333333335,3.0 85.38412,21.952846666666666,3.0 85.384215,21.952911666666665,3.0 85.38426,21.952946666666666,3.0 85.38430833333334,21.95299,3.0 85.38436,21.953033333333334,3.0 85.38447166666667,21.953125,3.0 85.384595,21.953218333333332,3.0</coordinates>
                    </LineString>
                </Placemark>
                <Placemark id="2837">
                    <name>August 8 — N10706_P0_Climb428</name>
                    <description>Shift: August 8 — N10706
Type: Continuous Climb
Length: 96.3 m
Gradient: 6.5 %</description>
                    <styleUrl>#1972</styleUrl>
                    <LineString id="2836">
                        <extrude>1</extrude>
                        <altitudeMode>relativeToGround</altitudeMode>
                        <coordinates>85.384595,21.953218333333332,3.0 85.384725,21.953293333333335,3.0 85.38486166666667,21.953353333333332,3.0 85.38493333333334,21.95337333333333,3.0 85.38500666666667,21.953385,3.0 85.38507333333334,21.95339,3.0 85.38518333333333,21.953368333333334,3.0 85.38523333333333,21.953353333333332,3.0 85.38528166666667,21.953338333333335,3.0 85.38537333333333,21.953293333333335,3.0 85.385455,21.95325,3.0</coordinates>
                    </LineString>
                </Placemark>
                <Placemark id="2841">
                    <name>August 8 — N10706_P0_Climb430</name>
                    <description>Shift: August 8 — N10706
Type: Continuous Climb
Length: 9.5 m
Gradient: 2.4 %</description>
                    <styleUrl>#1970</styleUrl>
                    <LineString id="2840">
                        <extrude>1</extrude>
                        <altitudeMode>relativeToGround</altitudeMode>
                        <coordinates>85.385455,21.95325,3.0 85.38553666666667,21.95321,3.0</coordinates>
                    </LineString>
                </Placemark>
                <Placemark id="2845">
                    <name>August 8 — N10706_P0_Climb432</name>
                    <description>Shift: August 8 — N10706
Type: Continuous Climb
Length: 10.0 m
Gradient: 5.7 %</description>
                    <styleUrl>#1970</styleUrl>
                    <LineString id="2844">
                        <extrude>1</extrude>
                        <altitudeMode>relativeToGround</altitudeMode>
                        <coordinates>85.38561833333333,21.953166666666668,3.0 85.38566,21.953145,3.0 85.38570333333334,21.953123333333334,3.0</coordinates>
                    </LineString>
                </Placemark>
                <Placemark id="2849">
                    <name>August 8 — N10706_P0_Climb434</name>
                    <description>Shift: August 8 — N10706
Type: Continuous Climb
Length: 4.9 m
Gradient: 2.0 %</description>
                    <styleUrl>#1970</styleUrl>
                    <LineString id="2848">
                        <extrude>1</extrude>
                        <altitudeMode>relativeToGround</altitudeMode>
                        <coordinates>85.38578666666666,21.953068333333334,3.0 85.38582333333333,21.95304,3.0</coordinates>
                    </LineString>
                </Placemark>
                <Placemark id="2853">
                    <name>August 8 — N10706_P0_Climb436</name>
                    <description>Shift: August 8 — N10706
Type: Continuous Climb
Length: 19.8 m
Gradient: 3.4 %</description>
                    <styleUrl>#1970</styleUrl>
                    <LineString id="2852">
                        <extrude>1</extrude>
                        <altitudeMode>relativeToGround</altitudeMode>
                        <coordinates>85.38589,21.952975,3.0 85.38594166666667,21.952905,3.0 85.38597833333333,21.952818333333333,3.0</coordinates>
                    </LineString>
                </Placemark>
                <Placemark id="2857">
                    <name>August 8 — N10706_P0_Climb438</name>
                    <description>Shift: August 8 — N10706
Type: Continuous Climb
Length: 12.4 m
Gradient: 2.2 %</description>
                    <styleUrl>#1970</styleUrl>
                    <LineString id="2856">
                        <extrude>1</extrude>
                        <altitudeMode>relativeToGround</altitudeMode>
                        <coordinates>85.38597833333333,21.952818333333333,3.0 85.38599666666667,21.952708333333334,3.0</coordinates>
                    </LineString>
                </Placemark>
                <Placemark id="2861">
                    <name>August 8 — N10706_P0_Climb440</name>
                    <description>Shift: August 8 — N10706
Type: Continuous Climb
Length: 68.2 m
Gradient: 3.0 %</description>
                    <styleUrl>#1970</styleUrl>
                    <LineString id="2860">
                        <extrude>1</extrude>
                        <altitudeMode>relativeToGround</altitudeMode>
                        <coordinates>85.38599333333333,21.952648333333332,3.0 85.38598,21.952586666666665,3.0 85.385955,21.952525,3.0 85.38592666666666,21.952466666666666,3.0 85.38589833333333,21.952405,3.0 85.38586666666667,21.952341666666666,3.0 85.38583166666666,21.952278333333332,3.0 85.385795,21.952215,3.0 85.385755,21.95215333333333,3.0 85.38571833333333,21.952093333333334,3.0</coordinates>
                    </LineString>
                </Placemark>
                <Placemark id="2865">
                    <name>August 8 — N10706_P0_Climb442</name>
                    <description>Shift: August 8 — N10706
Type: Continuous Climb
Length: 8.0 m
Gradient: 5.0 %</description>
                    <styleUrl>#1970</styleUrl>
                    <LineString id="2864">
                        <extrude>1</extrude>
                        <altitudeMode>relativeToGround</altitudeMode>
                        <coordinates>85.38564166666667,21.951971666666665,3.0 85.38560166666667,21.95191,3.0</coordinates>
                    </LineString>
                </Placemark>
                <Placemark id="2869">
                    <name>August 8 — N10706_P0_Climb444</name>
                    <description>Shift: August 8 — N10706
Type: Continuous Climb
Length: 24.9 m
Gradient: 4.6 %</description>
                    <styleUrl>#1970</styleUrl>
                    <LineString id="2868">
                        <extrude>1</extrude>
                        <altitudeMode>relativeToGround</altitudeMode>
                        <coordinates>85.38560166666667,21.95191,3.0 85.38551833333334,21.951783333333335,3.0 85.38547666666666,21.951718333333332,3.0</coordinates>
                    </LineString>
                </Placemark>
                <Placemark id="2873">
                    <name>August 8 — N10706_P0_Climb446</name>
                    <description>Shift: August 8 — N10706
Type: Continuous Climb
Length: 57.4 m
Gradient: 7.9 %</description>
                    <styleUrl>#1972</styleUrl>
                    <LineString id="2872">
                        <extrude>1</extrude>
                        <altitudeMode>relativeToGround</altitudeMode>
                        <coordinates>85.38547666666666,21.951718333333332,3.0 85.38544,21.951653333333333,3.0 85.385405,21.951588333333333,3.0 85.38535,21.951451666666667,3.0 85.38534,21.95137666666667,3.0 85.38533833333334,21.951301666666666,3.0 85.38534666666666,21.951228333333333,3.0</coordinates>
                    </LineString>
                </Placemark>
                <Placemark id="2877">
                    <name>August 8 — N10706_P0_Climb448</name>
                    <description>Shift: August 8 — N10706
Type: Continuous Climb
Length: 24.8 m
Gradient: 5.6 %</description>
                    <styleUrl>#1970</styleUrl>
                    <LineString id="2876">
                        <extrude>1</extrude>
                        <altitudeMode>relativeToGround</altitudeMode>
                        <coordinates>85.38534666666666,21.951228333333333,3.0 85.38539666666667,21.951086666666665,3.0 85.38543166666666,21.95102,3.0</coordinates>
                    </LineString>
                </Placemark>
                <Placemark id="2881">
                    <name>August 8 — N10706_P0_Climb450</name>
                    <description>Shift: August 8 — N10706
Type: Continuous Climb
Length: 16.3 m
Gradient: 3.3 %</description>
                    <styleUrl>#1970</styleUrl>
                    <LineString id="2880">
                        <extrude>1</extrude>
                        <altitudeMode>relativeToGround</altitudeMode>
                        <coordinates>85.38543166666666,21.95102,3.0 85.38552166666666,21.9509,3.0</coordinates>
                    </LineString>
                </Placemark>
                <Placemark id="2885">
                    <name>August 8 — N10706_P0_Climb452</name>
                    <description>Shift: August 8 — N10706
Type: Continuous Climb
Length: 40.5 m
Gradient: 8.7 %</description>
                    <styleUrl>#1972</styleUrl>
                    <LineString id="2884">
                        <extrude>1</extrude>
                        <altitudeMode>relativeToGround</altitudeMode>
                        <coordinates>85.38552166666666,21.9509,3.0 85.38562,21.950786666666666,3.0 85.38567166666667,21.950731666666666,3.0 85.38572333333333,21.950676666666666,3.0 85.38577666666667,21.950623333333333,3.0</coordinates>
                    </LineString>
                </Placemark>
                <Placemark id="2889">
                    <name>August 8 — N10706_P0_Climb454</name>
                    <description>Shift: August 8 — N10706
Type: Continuous Climb
Length: 39.7 m
Gradient: 7.0 %</description>
                    <styleUrl>#1972</styleUrl>
                    <LineString id="2888">
                        <extrude>1</extrude>
                        <altitudeMode>relativeToGround</altitudeMode>
                        <coordinates>85.38577666666667,21.950623333333333,3.0 85.38588666666666,21.950523333333333,3.0 85.38594666666667,21.950478333333333,3.0 85.38601,21.95043666666667,3.0 85.38607666666667,21.950403333333334,3.0</coordinates>
                    </LineString>
                </Placemark>
                <Placemark id="2893">
                    <name>August 8 — N10706_P0_Climb456</name>
                    <description>Shift: August 8 — N10706
Type: Continuous Climb
Length: 38.3 m
Gradient: 2.9 %</description>
                    <styleUrl>#1970</styleUrl>
                    <LineString id="2892">
                        <extrude>1</extrude>
                        <altitudeMode>relativeToGround</altitudeMode>
                        <coordinates>85.38607666666667,21.950403333333334,3.0 85.38621666666667,21.95036,3.0 85.38628666666666,21.95034666666667,3.0 85.38636,21.950335,3.0 85.38643666666667,21.950323333333333,3.0</coordinates>
                    </LineString>
                </Placemark>
                <Placemark id="2897">
                    <name>August 8 — N10706_P0_Climb458</name>
                    <description>Shift: August 8 — N10706
Type: Continuous Climb
Length: 28.0 m
Gradient: 4.9 %</description>
                    <styleUrl>#1970</styleUrl>
                    <LineString id="2896">
                        <extrude>1</extrude>
                        <altitudeMode>relativeToGround</altitudeMode>
                        <coordinates>85.386605,21.950306666666666,3.0 85.38669333333333,21.950296666666667,3.0 85.386785,21.95029,3.0 85.386875,21.950283333333335,3.0</coordinates>
                    </LineString>
                </Placemark>
                <Placemark id="2901">
                    <name>August 8 — N10706_P0_Climb460</name>
                    <description>Shift: August 8 — N10706
Type: Continuous Climb
Length: 7.0 m
Gradient: 2.4 %</description>
                    <styleUrl>#1970</styleUrl>
                    <LineString id="2900">
                        <extrude>1</extrude>
                        <altitudeMode>relativeToGround</altitudeMode>
                        <coordinates>85.38711666666667,21.950286666666667,3.0 85.38718333333334,21.9503,3.0</coordinates>
                    </LineString>
                </Placemark>
                <Placemark id="2905">
                    <name>August 8 — N10706_P0_Climb462</name>
                    <description>Shift: August 8 — N10706
Type: Continuous Climb
Length: 4.8 m
Gradient: 2.1 %</description>
                    <styleUrl>#1970</styleUrl>
                    <LineString id="2904">
                        <extrude>1</extrude>
                        <altitudeMode>relativeToGround</altitudeMode>
                        <coordinates>85.38747666666667,21.950376666666667,3.0 85.38749833333334,21.950338333333335,3.0</coordinates>
                    </LineString>
                </Placemark>
                <Placemark id="2909">
                    <name>August 8 — N10706_P0_Climb464</name>
                    <description>Shift: August 8 — N10706
Type: Continuous Climb
Length: 108.2 m
Gradient: 4.8 %</description>
                    <styleUrl>#1970</styleUrl>
                    <LineString id="2908">
                        <extrude>1</extrude>
                        <altitudeMode>relativeToGround</altitudeMode>
                        <coordinates>85.38747333333333,21.95025,3.0 85.38744,21.950213333333334,3.0 85.38739,21.95018,3.0 85.38734666666667,21.95014,3.0 85.38730166666667,21.950095,3.0 85.38725166666667,21.950046666666665,3.0 85.38719833333333,21.949995,3.0 85.38714166666666,21.94994,3.0 85.38708166666666,21.949888333333334,3.0 85.387015,21.949840000000002,3.0 85.38694833333334,21.949793333333332,3.0 85.38688333333333,21.949746666666666,3.0 85.38682166666666,21.949698333333334,3.0 85.38676166666667,21.949648333333332,3.0 85.38670166666667,21.949595,3.0</coordinates>
                    </LineString>
                </Placemark>
                <Placemark id="2913">
                    <name>August 8 — N10706_P0_Climb466</name>
                    <description>Shift: August 8 — N10706
Type: Continuous Climb
Length: 39.0 m
Gradient: 4.6 %</description>
                    <styleUrl>#1970</styleUrl>
                    <LineString id="2912">
                        <extrude>1</extrude>
                        <altitudeMode>relativeToGround</altitudeMode>
                        <coordinates>85.38659333333334,21.949488333333335,3.0 85.38654166666667,21.949438333333333,3.0 85.38649166666667,21.949386666666665,3.0 85.386445,21.949331666666666,3.0 85.38640166666667,21.949276666666666,3.0 85.386355,21.94921666666667,3.0</coordinates>
                    </LineString>
                </Placemark>
                <Placemark id="2917">
                    <name>August 8 — N10706_P0_Climb468</name>
                    <description>Shift: August 8 — N10706
Type: Continuous Climb
Length: 8.2 m
Gradient: 2.0 %</description>
                    <styleUrl>#1970</styleUrl>
                    <LineString id="2916">
                        <extrude>1</extrude>
                        <altitudeMode>relativeToGround</altitudeMode>
                        <coordinates>85.38622166666667,21.949041666666666,3.0 85.386175,21.94898166666667,3.0</coordinates>
                    </LineString>
                </Placemark>
                <Placemark id="2921">
                    <name>August 8 — N10706_P0_Climb470</name>
                    <description>Shift: August 8 — N10706
Type: Continuous Climb
Length: 151.0 m
Gradient: 4.9 %</description>
                    <styleUrl>#1970</styleUrl>
                    <LineString id="2920">
                        <extrude>1</extrude>
                        <altitudeMode>relativeToGround</altitudeMode>
                        <coordinates>85.38608,21.948863333333332,3.0 85.386035,21.948805,3.0 85.38598833333333,21.948743333333333,3.0 85.38594166666667,21.948678333333334,3.0 85.385895,21.948611666666668,3.0 85.38584833333333,21.94854,3.0 85.38580333333333,21.94847,3.0 85.38576,21.9484,3.0 85.38572166666667,21.948335,3.0 85.385685,21.948273333333333,3.0 85.38565333333334,21.948215,3.0 85.38562333333333,21.948156666666666,3.0 85.38559333333333,21.948098333333334,3.0 85.38556333333334,21.948038333333333,3.0 85.38553,21.947971666666668,3.0 85.38549333333333,21.947903333333333,3.0 85.38545333333333,21.947828333333334,3.0 85.385415,21.947751666666665,3.0 85.38537833333334,21.947675,3.0</coordinates>
                    </LineString>
                </Placemark>
                <Placemark id="2925">
                    <name>August 8 — N10706_P0_Climb472</name>
                    <description>Shift: August 8 — N10706
Type: Continuous Climb
Length: 45.5 m
Gradient: 2.6 %</description>
                    <styleUrl>#1970</styleUrl>
                    <LineString id="2924">
                        <extrude>1</extrude>
                        <altitudeMode>relativeToGround</altitudeMode>
                        <coordinates>85.38500333333333,21.946773333333333,3.0 85.384985,21.946701666666666,3.0 85.384965,21.946631666666665,3.0 85.38494333333334,21.946561666666668,3.0 85.38491833333333,21.946493333333333,3.0 85.38488833333334,21.946435,3.0 85.384855,21.946391666666667,3.0</coordinates>
                    </LineString>
                </Placemark>
                <Placemark id="2929">
                    <name>August 8 — N10706_P0_Climb474</name>
                    <description>Shift: August 8 — N10706
Type: Continuous Climb
Length: 130.2 m
Gradient: 4.0 %</description>
                    <styleUrl>#1970</styleUrl>
                    <LineString id="2928">
                        <extrude>1</extrude>
                        <altitudeMode>relativeToGround</altitudeMode>
                        <coordinates>85.38476333333334,21.946353333333334,3.0 85.38470666666667,21.946365,3.0 85.38465666666667,21.946395,3.0 85.384615,21.946438333333333,3.0 85.38457666666666,21.946486666666665,3.0 85.38453833333334,21.946538333333333,3.0 85.384495,21.946585,3.0 85.38444333333334,21.946631666666665,3.0 85.38438666666667,21.946675,3.0 85.38432666666667,21.946718333333333,3.0 85.38426333333334,21.946765,3.0 85.38419833333333,21.94681,3.0 85.38413333333334,21.946856666666665,3.0 85.38406833333333,21.946901666666665,3.0 85.384,21.946936666666666,3.0 85.38392833333333,21.946956666666665,3.0 85.38386166666666,21.946961666666667,3.0 85.383805,21.946958333333335,3.0 85.38376833333334,21.94695,3.0 85.38374666666667,21.946945,3.0</coordinates>
                    </LineString>
                </Placemark>
                <Placemark id="2933">
                    <name>August 8 — N10706_P0_Climb476</name>
                    <description>Shift: August 8 — N10706
Type: Continuous Climb
Length: 1.0 m
Gradient: 3.2 %</description>
                    <styleUrl>#1970</styleUrl>
                    <LineString id="2932">
                        <extrude>1</extrude>
                        <altitudeMode>relativeToGround</altitudeMode>
                        <coordinates>85.383705,21.946938333333332,3.0 85.383695,21.946938333333332,3.0</coordinates>
                    </LineString>
                </Placemark>
                <Placemark id="2937">
                    <name>August 8 — N10706_P0_Climb478</name>
                    <description>Shift: August 8 — N10706
Type: Continuous Climb
Length: 7.8 m
Gradient: 6.0 %</description>
                    <styleUrl>#1970</styleUrl>
                    <LineString id="2936">
                        <extrude>1</extrude>
                        <altitudeMode>relativeToGround</altitudeMode>
                        <coordinates>85.383665,21.946975,3.0 85.38365166666667,21.946996666666667,3.0 85.38364666666666,21.947018333333332,3.0 85.38364666666666,21.947041666666667,3.0</coordinates>
                    </LineString>
                </Placemark>
                <Placemark id="2941">
                    <name>August 8 — N10706_P0_Climb480</name>
                    <description>Shift: August 8 — N10706
Type: Continuous Climb
Length: 5.6 m
Gradient: 4.8 %</description>
                    <styleUrl>#1970</styleUrl>
                    <LineString id="2940">
                        <extrude>1</extrude>
                        <altitudeMode>relativeToGround</altitudeMode>
                        <coordinates>85.38364666666666,21.947041666666667,3.0 85.38366666666667,21.947088333333333,3.0</coordinates>
                    </LineString>
                </Placemark>
                <Placemark id="2945">
                    <name>August 8 — N10706_P0_Climb482</name>
                    <description>Shift: August 8 — N10706
Type: Continuous Climb
Length: 11.1 m
Gradient: 10.5 %</description>
                    <styleUrl>#1974</styleUrl>
                    <LineString id="2944">
                        <extrude>1</extrude>
                        <altitudeMode>relativeToGround</altitudeMode>
                        <coordinates>85.383685,21.94711,3.0 85.38371166666667,21.947131666666667,3.0 85.383745,21.947145,3.0 85.38378,21.947151666666667,3.0</coordinates>
                    </LineString>
                </Placemark>
            </Folder>
            <Folder id="1968">
                <name>Plan Paths (Roads)</name>
                <Placemark id="1981">
                    <name>August 8 — N10706_P0_Flat1</name>
                    <description>Shift: August 8 — N10706
Type: Plan Path
Length: 11.6 m</description>
                    <styleUrl>#1970</styleUrl>
                    <LineString id="1980">
                        <altitudeMode>relativeToGround</altitudeMode>
                        <coordinates>85.38550333333333,21.940583333333333,3.0 85.38545,21.9406,3.0 85.38540166666667,21.940626666666667,3.0</coordinates>
                    </LineString>
                </Placemark>
                <Placemark id="1985">
                    <name>August 8 — N10706_P0_Flat3</name>
                    <description>Shift: August 8 — N10706
Type: Plan Path
Length: 21.0 m</description>
                    <styleUrl>#1970</styleUrl>
                    <LineString id="1984">
                        <altitudeMode>relativeToGround</altitudeMode>
                        <coordinates>85.38466666666666,21.941653333333335,3.0 85.38464166666667,21.941708333333334,3.0 85.38461666666667,21.941766666666666,3.0 85.38459,21.941828333333333,3.0</coordinates>
                    </LineString>
                </Placemark>
                <Placemark id="1989">
                    <name>August 8 — N10706_P0_Flat5</name>
                    <description>Shift: August 8 — N10706
Type: Plan Path
Length: 48.9 m</description>
                    <styleUrl>#1970</styleUrl>
                    <LineString id="1988">
                        <altitudeMode>relativeToGround</altitudeMode>
                        <coordinates>85.38456333333333,21.941893333333333,3.0 85.384535,21.941958333333332,3.0 85.38450666666667,21.942023333333335,3.0 85.38447666666667,21.942093333333332,3.0 85.384445,21.942161666666667,3.0 85.384415,21.942228333333333,3.0 85.38439333333334,21.942303333333335,3.0</coordinates>
                    </LineString>
                </Placemark>
                <Placemark id="1993">
                    <name>August 8 — N10706_P0_Flat7</name>
                    <description>Shift: August 8 — N10706
Type: Plan Path
Length: 16.1 m</description>
                    <styleUrl>#1970</styleUrl>
                    <LineString id="1992">
                        <altitudeMode>relativeToGround</altitudeMode>
                        <coordinates>85.38425333333333,21.942651666666666,3.0 85.38424,21.942723333333333,3.0 85.384235,21.942795,3.0</coordinates>
                    </LineString>
                </Placemark>
                <Placemark id="1997">
                    <name>August 8 — N10706_P0_Flat9</name>
                    <description>Shift: August 8 — N10706
Type: Plan Path
Length: 16.3 m</description>
                    <styleUrl>#1970</styleUrl>
                    <LineString id="1996">
                        <altitudeMode>relativeToGround</altitudeMode>
                        <coordinates>85.384235,21.942866666666667,3.0 85.38423666666667,21.94294,3.0 85.38424166666667,21.943013333333333,3.0</coordinates>
                    </LineString>
                </Placemark>
                <Placemark id="2001">
                    <name>August 8 — N10706_P0_Flat11</name>
                    <description>Shift: August 8 — N10706
Type: Plan Path
Length: 42.1 m</description>
                    <styleUrl>#1970</styleUrl>
                    <LineString id="2000">
                        <altitudeMode>relativeToGround</altitudeMode>
                        <coordinates>85.38426,21.943231666666666,3.0 85.38426833333334,21.943303333333333,3.0 85.38427666666666,21.94337833333333,3.0 85.384285,21.943455,3.0 85.38429166666667,21.943533333333335,3.0 85.384295,21.943608333333334,3.0</coordinates>
                    </LineString>
                </Placemark>
                <Placemark id="2005">
                    <name>August 8 — N10706_P0_Flat13</name>
                    <description>Shift: August 8 — N10706
Type: Plan Path
Length: 25.7 m</description>
                    <styleUrl>#1970</styleUrl>
                    <LineString id="2004">
                        <altitudeMode>relativeToGround</altitudeMode>
                        <coordinates>85.38432,21.94434,3.0 85.38433333333333,21.944415,3.0 85.38433333333333,21.944415,3.0 85.384345,21.944491666666668,3.0 85.38435833333334,21.944568333333333,3.0</coordinates>
                    </LineString>
                </Placemark>
                <Placemark id="2009">
                    <name>August 8 — N10706_P0_Flat15</name>
                    <description>Shift: August 8 — N10706
Type: Plan Path
Length: 0.0 m</description>
                    <styleUrl>#1970</styleUrl>
                    <LineString id="2008">
                        <altitudeMode>relativeToGround</altitudeMode>
                        <coordinates>85.3844,21.944788333333335,3.0 85.3844,21.944788333333335,3.0</coordinates>
                    </LineString>
                </Placemark>
                <Placemark id="2013">
                    <name>August 8 — N10706_P0_Flat17</name>
                    <description>Shift: August 8 — N10706
Type: Plan Path
Length: 33.2 m</description>
                    <styleUrl>#1970</styleUrl>
                    <LineString id="2012">
                        <altitudeMode>relativeToGround</altitudeMode>
                        <coordinates>85.38446333333333,21.945145,3.0 85.38446333333333,21.945145,3.0 85.38446666666667,21.945293333333332,3.0 85.38446666666667,21.945293333333332,3.0 85.38447333333333,21.945443333333333,3.0</coordinates>
                    </LineString>
                </Placemark>
                <Placemark id="2017">
                    <name>August 8 — N10706_P0_Flat19</name>
                    <description>Shift: August 8 — N10706
Type: Plan Path
Length: 16.5 m</description>
                    <styleUrl>#1970</styleUrl>
                    <LineString id="2016">
                        <altitudeMode>relativeToGround</altitudeMode>
                        <coordinates>85.38448333333334,21.945516666666666,3.0 85.38448333333334,21.945516666666666,3.0 85.384495,21.945664999999998,3.0</coordinates>
                    </LineString>
                </Placemark>
                <Placemark id="2021">
                    <name>August 8 — N10706_P0_Flat21</name>
                    <description>Shift: August 8 — N10706
Type: Plan Path
Length: 43.1 m</description>
                    <styleUrl>#1970</styleUrl>
                    <LineString id="2020">
                        <altitudeMode>relativeToGround</altitudeMode>
                        <coordinates>85.38450166666667,21.94581833333333,3.0 85.38451,21.945895,3.0 85.38451,21.945895,3.0 85.38454666666667,21.946046666666668,3.0 85.38457166666667,21.94612,3.0 85.384595,21.946195,3.0</coordinates>
                    </LineString>
                </Placemark>
                <Placemark id="2025">
                    <name>August 8 — N10706_P0_Flat23</name>
                    <description>Shift: August 8 — N10706
Type: Plan Path
Length: 7.7 m</description>
                    <styleUrl>#1970</styleUrl>
                    <LineString id="2024">
                        <altitudeMode>relativeToGround</altitudeMode>
                        <coordinates>85.384615,21.946498333333334,3.0 85.38459,21.946563333333334,3.0</coordinates>
                    </LineString>
                </Placemark>
                <Placemark id="2029">
                    <name>August 8 — N10706_P0_Flat25</name>
                    <description>Shift: August 8 — N10706
Type: Plan Path
Length: 0.0 m</description>
                    <styleUrl>#1970</styleUrl>
                    <LineString id="2028">
                        <altitudeMode>relativeToGround</altitudeMode>
                        <coordinates>85.384555,21.946625,3.0 85.384555,21.946625,3.0</coordinates>
                    </LineString>
                </Placemark>
                <Placemark id="2033">
                    <name>August 8 — N10706_P0_Flat27</name>
                    <description>Shift: August 8 — N10706
Type: Plan Path
Length: 23.3 m</description>
                    <styleUrl>#1970</styleUrl>
                    <LineString id="2032">
                        <altitudeMode>relativeToGround</altitudeMode>
                        <coordinates>85.38431333333334,21.94682,3.0 85.38425166666667,21.946865,3.0 85.38418666666666,21.946906666666667,3.0 85.38412833333334,21.94694,3.0</coordinates>
                    </LineString>
                </Placemark>
                <Placemark id="2037">
                    <name>August 8 — N10706_P0_Flat29</name>
                    <description>Shift: August 8 — N10706
Type: Plan Path
Length: 17.3 m</description>
                    <styleUrl>#1970</styleUrl>
                    <LineString id="2036">
                        <altitudeMode>relativeToGround</altitudeMode>
                        <coordinates>85.38407,21.946965,3.0 85.38401166666667,21.946983333333332,3.0 85.38395666666666,21.946991666666666,3.0 85.38390666666666,21.946996666666667,3.0</coordinates>
                    </LineString>
                </Placemark>
                <Placemark id="2041">
                    <name>August 8 — N10706_P0_Flat31</name>
                    <description>Shift: August 8 — N10706
Type: Plan Path
Length: 4.3 m</description>
                    <styleUrl>#1970</styleUrl>
                    <LineString id="2040">
                        <altitudeMode>relativeToGround</altitudeMode>
                        <coordinates>85.38381666666666,21.94699,3.0 85.383775,21.946986666666668,3.0</coordinates>
                    </LineString>
                </Placemark>
                <Placemark id="2045">
                    <name>August 8 — N10706_P0_Flat33</name>
                    <description>Shift: August 8 — N10706
Type: Plan Path
Length: 2.9 m</description>
                    <styleUrl>#1970</styleUrl>
                    <LineString id="2044">
                        <altitudeMode>relativeToGround</altitudeMode>
                        <coordinates>85.383665,21.94697,3.0 85.38363666666666,21.946971666666666,3.0</coordinates>
                    </LineString>
                </Placemark>
                <Placemark id="2049">
                    <name>August 8 — N10706_P0_Flat35</name>
                    <description>Shift: August 8 — N10706
Type: Plan Path
Length: 2.5 m</description>
                    <styleUrl>#1970</styleUrl>
                    <LineString id="2048">
                        <altitudeMode>relativeToGround</altitudeMode>
                        <coordinates>85.38353666666667,21.947018333333332,3.0 85.383525,21.94703833333333,3.0</coordinates>
                    </LineString>
                </Placemark>
                <Placemark id="2053">
                    <name>August 8 — N10706_P0_Flat37</name>
                    <description>Shift: August 8 — N10706
Type: Plan Path
Length: 0.4 m</description>
                    <styleUrl>#1970</styleUrl>
                    <LineString id="2052">
                        <altitudeMode>relativeToGround</altitudeMode>
                        <coordinates>85.38351666666667,21.947055,3.0 85.38351666666667,21.947055,3.0 85.38351666666667,21.947055,3.0 85.38351666666667,21.947055,3.0 85.38351666666667,21.947055,3.0 85.38351666666667,21.947055,3.0 85.38351666666667,21.947055,3.0 85.38351666666667,21.947055,3.0 85.38351666666667,21.947055,3.0 85.38351666666667,21.947055,3.0 85.38351666666667,21.947055,3.0 85.38351666666667,21.947055,3.0 85.38351666666667,21.947055,3.0 85.38351666666667,21.947055,3.0 85.38351666666667,21.947055,3.0 85.38351666666667,21.947055,3.0 85.38351666666667,21.947055,3.0 85.38351666666667,21.947055,3.0 85.38351666666667,21.947055,3.0 85.38351666666667,21.947055,3.0 85.38351666666667,21.947055,3.0 85.38351666666667,21.947055,3.0 85.38351666666667,21.947055,3.0 85.38351666666667,21.947055,3.0 85.383515,21.947055,3.0 85.383515,21.94705666666667,3.0 85.383515,21.94705666666667,3.0 85.383515,21.94705666666667,3.0 85.383515,21.94705666666667,3.0 85.383515,21.94705666666667,3.0 85.383515,21.94705666666667,3.0 85.383515,21.94705666666667,3.0 85.383515,21.94705666666667,3.0 85.383515,21.94705666666667,3.0 85.383515,21.94705666666667,3.0 85.383515,21.94705666666667,3.0 85.383515,21.94705666666667,3.0 85.383515,21.94705666666667,3.0 85.383515,21.94705666666667,3.0 85.383515,21.94705666666667,3.0 85.383515,21.94705666666667,3.0 85.383515,21.94705666666667,3.0 85.383515,21.94705666666667,3.0 85.383515,21.94705666666667,3.0 85.383515,21.94705666666667,3.0 85.383515,21.94705666666667,3.0</coordinates>
                    </LineString>
                </Placemark>
                <Placemark id="2057">
                    <name>August 8 — N10706_P0_Flat39</name>
                    <description>Shift: August 8 — N10706
Type: Plan Path
Length: 20.6 m</description>
                    <styleUrl>#1970</styleUrl>
                    <LineString id="2056">
                        <altitudeMode>relativeToGround</altitudeMode>
                        <coordinates>85.38351666666667,21.947091666666665,3.0 85.38351833333333,21.947121666666668,3.0 85.38353,21.947151666666667,3.0 85.38355166666666,21.947176666666667,3.0 85.38358,21.9472,3.0 85.38360833333333,21.947218333333332,3.0 85.38363,21.947231666666667,3.0</coordinates>
                    </LineString>
                </Placemark>
                <Placemark id="2061">
                    <name>August 8 — N10706_P0_Flat41</name>
                    <description>Shift: August 8 — N10706
Type: Plan Path
Length: 0.2 m</description>
                    <styleUrl>#1970</styleUrl>
                    <LineString id="2060">
                        <altitudeMode>relativeToGround</altitudeMode>
                        <coordinates>85.38364,21.947238333333335,3.0 85.38364166666666,21.947238333333335,3.0</coordinates>
                    </LineString>
                </Placemark>
                <Placemark id="2065">
                    <name>August 8 — N10706_P0_Flat43</name>
                    <description>Shift: August 8 — N10706
Type: Plan Path
Length: 8.7 m</description>
                    <styleUrl>#1970</styleUrl>
                    <LineString id="2064">
                        <altitudeMode>relativeToGround</altitudeMode>
                        <coordinates>85.38362666666667,21.94722,3.0 85.38361166666667,21.947203333333334,3.0 85.38358833333334,21.947185,3.0 85.38356333333333,21.947168333333334,3.0</coordinates>
                    </LineString>
                </Placemark>
                <Placemark id="2069">
                    <name>August 8 — N10706_P0_Flat45</name>
                    <description>Shift: August 8 — N10706
Type: Plan Path
Length: 5.0 m</description>
                    <styleUrl>#1970</styleUrl>
                    <LineString id="2068">
                        <altitudeMode>relativeToGround</altitudeMode>
                        <coordinates>85.38353833333333,21.947151666666667,3.0 85.383515,21.947138333333335,3.0 85.383495,21.947133333333333,3.0</coordinates>
                    </LineString>
                </Placemark>
                <Placemark id="2073">
                    <name>August 8 — N10706_P0_Flat47</name>
                    <description>Shift: August 8 — N10706
Type: Plan Path
Length: 2.0 m</description>
                    <styleUrl>#1970</styleUrl>
                    <LineString id="2072">
                        <altitudeMode>relativeToGround</altitudeMode>
                        <coordinates>85.38345833333334,21.94715,3.0 85.38345833333334,21.947148333333335,3.0 85.38345833333334,21.947148333333335,3.0 85.38345833333334,21.947148333333335,3.0 85.38345833333334,21.947148333333335,3.0 85.38345833333334,21.947148333333335,3.0 85.38345833333334,21.947148333333335,3.0 85.38345833333334,21.947148333333335,3.0 85.38345833333334,21.947148333333335,3.0 85.38345833333334,21.947148333333335,3.0 85.38345833333334,21.947148333333335,3.0 85.38345833333334,21.947148333333335,3.0 85.38345833333334,21.947148333333335,3.0 85.38345833333334,21.947148333333335,3.0 85.38345833333334,21.947148333333335,3.0 85.38345833333334,21.947148333333335,3.0 85.38345833333334,21.947148333333335,3.0 85.38345833333334,21.947148333333335,3.0 85.38345833333334,21.947148333333335,3.0 85.38345833333334,21.947148333333335,3.0 85.38345833333334,21.947148333333335,3.0 85.38345833333334,21.947148333333335,3.0 85.38345833333334,21.947148333333335,3.0 85.38345833333334,21.947148333333335,3.0 85.38345833333334,21.947148333333335,3.0 85.38345833333334,21.947148333333335,3.0 85.38345833333334,21.947148333333335,3.0 85.38345833333334,21.947148333333335,3.0 85.38345833333334,21.947148333333335,3.0 85.38345833333334,21.947148333333335,3.0 85.38345833333334,21.947148333333335,3.0 85.38345833333334,21.947148333333335,3.0 85.38345833333334,21.947148333333335,3.0 85.38345833333334,21.947146666666665,3.0 85.38345833333334,21.947146666666665,3.0 85.38345833333334,21.947146666666665,3.0 85.38345833333334,21.947146666666665,3.0 85.38345833333334,21.947146666666665,3.0 85.38345833333334,21.947146666666665,3.0 85.38345833333334,21.947146666666665,3.0 85.38345833333334,21.947146666666665,3.0 85.38345833333334,21.947146666666665,3.0 85.38345833333334,21.947146666666665,3.0 85.38345833333334,21.947146666666665,3.0 85.38345833333334,21.947146666666665,3.0 85.38345833333334,21.947146666666665,3.0 85.38345833333334,21.947146666666665,3.0 85.38345833333334,21.947146666666665,3.0 85.38345833333334,21.947146666666665,3.0 85.38345833333334,21.947146666666665,3.0 85.38345833333334,21.947146666666665,3.0 85.38345833333334,21.947146666666665,3.0 85.38345833333334,21.947146666666665,3.0 85.38345833333334,21.947146666666665,3.0 85.38345833333334,21.947146666666665,3.0 85.38345833333334,21.947146666666665,3.0 85.38345833333334,21.947146666666665,3.0 85.38345833333334,21.947146666666665,3.0 85.38345833333334,21.947146666666665,3.0 85.38345833333334,21.947146666666665,3.0 85.38345833333334,21.947146666666665,3.0 85.38345833333334,21.947146666666665,3.0 85.38345833333334,21.947146666666665,3.0 85.38345833333334,21.947146666666665,3.0 85.38345833333334,21.947146666666665,3.0 85.38345833333334,21.947146666666665,3.0 85.38345833333334,21.947145,3.0 85.38345833333334,21.947145,3.0 85.38345833333334,21.947145,3.0 85.38345833333334,21.947145,3.0 85.38345833333334,21.947145,3.0 85.38345833333334,21.947145,3.0 85.38345833333334,21.947145,3.0 85.38345833333334,21.947145,3.0 85.38345833333334,21.947145,3.0 85.38345833333334,21.947145,3.0 85.38345833333334,21.947145,3.0 85.38345833333334,21.947145,3.0 85.38345833333334,21.947145,3.0 85.38345833333334,21.947145,3.0 85.38346,21.947145,3.0 85.38346,21.947145,3.0 85.38346,21.947145,3.0 85.38346,21.947145,3.0 85.38346,21.947145,3.0 85.38346,21.947145,3.0 85.38346,21.947145,3.0 85.38346,21.947145,3.0 85.38346,21.947145,3.0 85.38346,21.947145,3.0 85.38346,21.947145,3.0 85.38346,21.947145,3.0 85.38346,21.947145,3.0 85.38346,21.947145,3.0 85.38346,21.947145,3.0 85.38346,21.947145,3.0 85.38346,21.947145,3.0 85.38346,21.947145,3.0 85.38346,21.947145,3.0 85.38346,21.947145,3.0 85.38346,21.947145,3.0 85.38346,21.947145,3.0 85.38346,21.947143333333333,3.0 85.38346,21.947143333333333,3.0 85.38346,21.947143333333333,3.0 85.38346,21.947143333333333,3.0 85.38346,21.947143333333333,3.0 85.38346,21.947143333333333,3.0 85.38346,21.947143333333333,3.0 85.38346166666666,21.947143333333333,3.0 85.38346166666666,21.947143333333333,3.0 85.38346166666666,21.947143333333333,3.0 85.38346166666666,21.947143333333333,3.0 85.38346166666666,21.947143333333333,3.0 85.38346166666666,21.947143333333333,3.0 85.38346166666666,21.947143333333333,3.0 85.38346166666666,21.947143333333333,3.0 85.38346166666666,21.947143333333333,3.0 85.38346166666666,21.947143333333333,3.0 85.38346166666666,21.947143333333333,3.0 85.38346166666666,21.947143333333333,3.0 85.38346166666666,21.947143333333333,3.0 85.38346166666666,21.947143333333333,3.0 85.38346166666666,21.947143333333333,3.0 85.38346166666666,21.947143333333333,3.0 85.38346166666666,21.947143333333333,3.0 85.38346166666666,21.947143333333333,3.0 85.38346166666666,21.947143333333333,3.0 85.38346166666666,21.947143333333333,3.0 85.38346166666666,21.947143333333333,3.0 85.38346166666666,21.947143333333333,3.0 85.38346166666666,21.947143333333333,3.0 85.38346166666666,21.947143333333333,3.0 85.38346333333334,21.947143333333333,3.0 85.38346333333334,21.947143333333333,3.0 85.38346333333334,21.947143333333333,3.0 85.38346333333334,21.947143333333333,3.0 85.38346333333334,21.947143333333333,3.0 85.38346333333334,21.947143333333333,3.0 85.38346333333334,21.947143333333333,3.0 85.38346333333334,21.947141666666667,3.0 85.38346333333334,21.947141666666667,3.0 85.38346333333334,21.947141666666667,3.0 85.38346333333334,21.947141666666667,3.0 85.38346333333334,21.947141666666667,3.0 85.38346333333334,21.947141666666667,3.0 85.38346333333334,21.947141666666667,3.0 85.38346333333334,21.947141666666667,3.0 85.38346333333334,21.947141666666667,3.0 85.38346333333334,21.947141666666667,3.0 85.38346333333334,21.947141666666667,3.0 85.38346333333334,21.947141666666667,3.0 85.38346333333334,21.947141666666667,3.0 85.38346333333334,21.947141666666667,3.0 85.38346333333334,21.947141666666667,3.0 85.38346333333334,21.947141666666667,3.0 85.38346333333334,21.947141666666667,3.0 85.38346333333334,21.947141666666667,3.0 85.38346333333334,21.947141666666667,3.0 85.38346333333334,21.947141666666667,3.0 85.38346333333334,21.947141666666667,3.0 85.38346333333334,21.947141666666667,3.0 85.38346333333334,21.947141666666667,3.0 85.38346333333334,21.947141666666667,3.0 85.38346333333334,21.947141666666667,3.0 85.38346333333334,21.947141666666667,3.0 85.38346333333334,21.947141666666667,3.0 85.38346333333334,21.947141666666667,3.0 85.38346333333334,21.947141666666667,3.0 85.38346333333334,21.94714,3.0 85.38346333333334,21.94714,3.0 85.38346333333334,21.94714,3.0 85.38346333333334,21.94714,3.0 85.38346333333334,21.94714,3.0 85.38346333333334,21.94714,3.0 85.38346333333334,21.94714,3.0 85.38346333333334,21.94714,3.0 85.38346333333334,21.94714,3.0 85.38346333333334,21.94714,3.0 85.38346333333334,21.94714,3.0 85.38346333333334,21.94714,3.0 85.38346333333334,21.94714,3.0 85.38346333333334,21.94714,3.0 85.38346333333334,21.94714,3.0 85.383465,21.94714,3.0 85.383465,21.94714,3.0 85.383465,21.94714,3.0 85.383465,21.94714,3.0 85.383465,21.94714,3.0 85.383465,21.94714,3.0 85.383465,21.94714,3.0 85.383465,21.94714,3.0 85.383465,21.94714,3.0 85.383465,21.94714,3.0 85.383465,21.94714,3.0 85.383465,21.94714,3.0 85.383465,21.94714,3.0 85.383465,21.94714,3.0 85.383465,21.94714,3.0 85.383465,21.94714,3.0 85.383465,21.94714,3.0 85.383465,21.94714,3.0 85.383465,21.94714,3.0 85.383465,21.94714,3.0 85.383465,21.94714,3.0 85.383465,21.94714,3.0 85.383465,21.94714,3.0 85.383465,21.94714,3.0 85.383465,21.94714,3.0 85.383465,21.94714,3.0 85.383465,21.947138333333335,3.0 85.383465,21.947138333333335,3.0 85.383465,21.947138333333335,3.0 85.383465,21.947138333333335,3.0 85.383465,21.947138333333335,3.0 85.383465,21.947138333333335,3.0 85.383465,21.947138333333335,3.0 85.383465,21.947138333333335,3.0 85.383465,21.947138333333335,3.0 85.383465,21.947138333333335,3.0</coordinates>
                    </LineString>
                </Placemark>
                <Placemark id="2077">
                    <name>August 8 — N10706_P0_Flat49</name>
                    <description>Shift: August 8 — N10706
Type: Plan Path
Length: 0.0 m</description>
                    <styleUrl>#1970</styleUrl>
                    <LineString id="2076">
                        <altitudeMode>relativeToGround</altitudeMode>
                        <coordinates>85.383475,21.947131666666667,3.0 85.383475,21.947131666666667,3.0</coordinates>
                    </LineString>
                </Placemark>
                <Placemark id="2081">
                    <name>August 8 — N10706_P0_Flat51</name>
                    <description>Shift: August 8 — N10706
Type: Plan Path
Length: 0.8 m</description>
                    <styleUrl>#1970</styleUrl>
                    <LineString id="2080">
                        <altitudeMode>relativeToGround</altitudeMode>
                        <coordinates>85.38348666666667,21.947121666666668,3.0 85.38349,21.947115,3.0</coordinates>
                    </LineString>
                </Placemark>
                <Placemark id="2085">
                    <name>August 8 — N10706_P0_Flat53</name>
                    <description>Shift: August 8 — N10706
Type: Plan Path
Length: 2.3 m</description>
                    <styleUrl>#1970</styleUrl>
                    <LineString id="2084">
                        <altitudeMode>relativeToGround</altitudeMode>
                        <coordinates>85.38349833333334,21.947105,3.0 85.38351333333334,21.94709,3.0</coordinates>
                    </LineString>
                </Placemark>
                <Placemark id="2089">
                    <name>August 8 — N10706_P0_Flat55</name>
                    <description>Shift: August 8 — N10706
Type: Plan Path
Length: 5.0 m</description>
                    <styleUrl>#1970</styleUrl>
                    <LineString id="2088">
                        <altitudeMode>relativeToGround</altitudeMode>
                        <coordinates>85.38353166666667,21.947076666666668,3.0 85.38355166666666,21.947063333333332,3.0 85.38357333333333,21.947053333333333,3.0</coordinates>
                    </LineString>
                </Placemark>
                <Placemark id="2093">
                    <name>August 8 — N10706_P0_Flat57</name>
                    <description>Shift: August 8 — N10706
Type: Plan Path
Length: 9.3 m</description>
                    <styleUrl>#1970</styleUrl>
                    <LineString id="2092">
                        <altitudeMode>relativeToGround</altitudeMode>
                        <coordinates>85.38376666666667,21.947046666666665,3.0 85.38380833333333,21.94703833333333,3.0 85.383855,21.94703,3.0</coordinates>
                    </LineString>
                </Placemark>
                <Placemark id="2097">
                    <name>August 8 — N10706_P0_Flat59</name>
                    <description>Shift: August 8 — N10706
Type: Plan Path
Length: 136.5 m</description>
                    <styleUrl>#1970</styleUrl>
                    <LineString id="2096">
                        <altitudeMode>relativeToGround</altitudeMode>
                        <coordinates>85.38451666666667,21.946646666666666,3.0 85.38457166666667,21.94659,3.0 85.38462333333334,21.946531666666665,3.0 85.38467,21.946473333333333,3.0 85.38471,21.946416666666668,3.0 85.384745,21.946363333333334,3.0 85.384775,21.94631,3.0 85.38479833333334,21.946253333333335,3.0 85.38481,21.946196666666665,3.0 85.38481,21.946138333333334,3.0 85.38479833333334,21.946083333333334,3.0 85.38477833333333,21.94603,3.0 85.38476166666666,21.945975,3.0 85.38474333333333,21.945915,3.0 85.38472666666667,21.945853333333332,3.0 85.38470833333334,21.94579,3.0 85.38469166666667,21.945728333333335,3.0 85.384675,21.945661666666666,3.0 85.38466,21.945591666666665,3.0 85.38465166666667,21.94552,3.0</coordinates>
                    </LineString>
                </Placemark>
                <Placemark id="2101">
                    <name>August 8 — N10706_P0_Flat61</name>
                    <description>Shift: August 8 — N10706
Type: Plan Path
Length: 93.2 m</description>
                    <styleUrl>#1970</styleUrl>
                    <LineString id="2100">
                        <altitudeMode>relativeToGround</altitudeMode>
                        <coordinates>85.38457166666667,21.944316666666666,3.0 85.38455666666667,21.944241666666667,3.0 85.38454166666666,21.944168333333334,3.0 85.38453333333334,21.944095,3.0 85.38452833333334,21.94402,3.0 85.38452833333334,21.943946666666665,3.0 85.38453666666666,21.943796666666668,3.0 85.38453833333334,21.94372,3.0 85.38453833333334,21.94372,3.0 85.38454,21.943641666666668,3.0 85.38453833333334,21.943563333333334,3.0 85.38453333333334,21.943481666666667,3.0</coordinates>
                    </LineString>
                </Placemark>
                <Placemark id="2105">
                    <name>August 8 — N10706_P0_Flat63</name>
                    <description>Shift: August 8 — N10706
Type: Plan Path
Length: 0.0 m</description>
                    <styleUrl>#1970</styleUrl>
                    <LineString id="2104">
                        <altitudeMode>relativeToGround</altitudeMode>
                        <coordinates>85.384415,21.942976666666667,3.0 85.384415,21.942976666666667,3.0</coordinates>
                    </LineString>
                </Placemark>
                <Placemark id="2109">
                    <name>August 8 — N10706_P0_Flat65</name>
                    <description>Shift: August 8 — N10706
Type: Plan Path
Length: 0.0 m</description>
                    <styleUrl>#1970</styleUrl>
                    <LineString id="2108">
                        <altitudeMode>relativeToGround</altitudeMode>
                        <coordinates>85.38431,21.942633333333333,3.0 85.38431,21.942633333333333,3.0</coordinates>
                    </LineString>
                </Placemark>
                <Placemark id="2113">
                    <name>August 8 — N10706_P0_Flat67</name>
                    <description>Shift: August 8 — N10706
Type: Plan Path
Length: 33.6 m</description>
                    <styleUrl>#1970</styleUrl>
                    <LineString id="2112">
                        <altitudeMode>relativeToGround</altitudeMode>
                        <coordinates>85.38432666666667,21.94244,3.0 85.38434833333334,21.942371666666666,3.0 85.384375,21.942301666666665,3.0 85.384375,21.942301666666665,3.0 85.38443833333334,21.942156666666666,3.0</coordinates>
                    </LineString>
                </Placemark>
                <Placemark id="2117">
                    <name>August 8 — N10706_P0_Flat69</name>
                    <description>Shift: August 8 — N10706
Type: Plan Path
Length: 0.0 m</description>
                    <styleUrl>#1970</styleUrl>
                    <LineString id="2116">
                        <altitudeMode>relativeToGround</altitudeMode>
                        <coordinates>85.38453333333334,21.941935,3.0 85.38453333333334,21.941935,3.0</coordinates>
                    </LineString>
                </Placemark>
                <Placemark id="2121">
                    <name>August 8 — N10706_P0_Flat71</name>
                    <description>Shift: August 8 — N10706
Type: Plan Path
Length: 8.2 m</description>
                    <styleUrl>#1970</styleUrl>
                    <LineString id="2120">
                        <altitudeMode>relativeToGround</altitudeMode>
                        <coordinates>85.38466333333334,21.94166166666667,3.0 85.38469333333333,21.941593333333334,3.0</coordinates>
                    </LineString>
                </Placemark>
                <Placemark id="2125">
                    <name>August 8 — N10706_P0_Flat73</name>
                    <description>Shift: August 8 — N10706
Type: Plan Path
Length: 16.6 m</description>
                    <styleUrl>#1970</styleUrl>
                    <LineString id="2124">
                        <altitudeMode>relativeToGround</altitudeMode>
                        <coordinates>85.38499333333333,21.94115,3.0 85.38504666666667,21.941093333333335,3.0 85.38509833333333,21.941036666666665,3.0</coordinates>
                    </LineString>
                </Placemark>
                <Placemark id="2129">
                    <name>August 8 — N10706_P0_Flat75</name>
                    <description>Shift: August 8 — N10706
Type: Plan Path
Length: 17.5 m</description>
                    <styleUrl>#1970</styleUrl>
                    <LineString id="2128">
                        <altitudeMode>relativeToGround</altitudeMode>
                        <coordinates>85.38515166666667,21.940978333333334,3.0 85.38515166666667,21.940978333333334,3.0 85.38525666666666,21.940855,3.0</coordinates>
                    </LineString>
                </Placemark>
                <Placemark id="2133">
                    <name>August 8 — N10706_P0_Flat77</name>
                    <description>Shift: August 8 — N10706
Type: Plan Path
Length: 34.1 m</description>
                    <styleUrl>#1970</styleUrl>
                    <LineString id="2132">
                        <altitudeMode>relativeToGround</altitudeMode>
                        <coordinates>85.385245,21.93971,3.0 85.38518833333333,21.939651666666666,3.0 85.38513166666667,21.939595,3.0 85.385075,21.93954,3.0 85.38501333333333,21.939491666666665,3.0</coordinates>
                    </LineString>
                </Placemark>
                <Placemark id="2137">
                    <name>August 8 — N10706_P0_Flat79</name>
                    <description>Shift: August 8 — N10706
Type: Plan Path
Length: 8.1 m</description>
                    <styleUrl>#1970</styleUrl>
                    <LineString id="2136">
                        <altitudeMode>relativeToGround</altitudeMode>
                        <coordinates>85.384435,21.939415,3.0 85.38436166666666,21.939441666666667,3.0</coordinates>
                    </LineString>
                </Placemark>
                <Placemark id="2141">
                    <name>August 8 — N10706_P0_Flat81</name>
                    <description>Shift: August 8 — N10706
Type: Plan Path
Length: 32.9 m</description>
                    <styleUrl>#1970</styleUrl>
                    <LineString id="2140">
                        <altitudeMode>relativeToGround</altitudeMode>
                        <coordinates>85.38361333333333,21.93972,3.0 85.38356833333333,21.939683333333335,3.0 85.38352166666667,21.939643333333333,3.0 85.38347666666667,21.939601666666668,3.0 85.38342833333333,21.93956,3.0 85.38338,21.939518333333332,3.0</coordinates>
                    </LineString>
                </Placemark>
                <Placemark id="2145">
                    <name>August 8 — N10706_P0_Flat83</name>
                    <description>Shift: August 8 — N10706
Type: Plan Path
Length: 14.8 m</description>
                    <styleUrl>#1970</styleUrl>
                    <LineString id="2144">
                        <altitudeMode>relativeToGround</altitudeMode>
                        <coordinates>85.38301666666666,21.939215,3.0 85.38296166666666,21.939171666666667,3.0 85.38291,21.939126666666667,3.0</coordinates>
                    </LineString>
                </Placemark>
                <Placemark id="2149">
                    <name>August 8 — N10706_P0_Flat85</name>
                    <description>Shift: August 8 — N10706
Type: Plan Path
Length: 13.1 m</description>
                    <styleUrl>#1970</styleUrl>
                    <LineString id="2148">
                        <altitudeMode>relativeToGround</altitudeMode>
                        <coordinates>85.38207166666666,21.938653333333335,3.0 85.38200833333333,21.938641666666665,3.0 85.38194666666666,21.938631666666666,3.0</coordinates>
                    </LineString>
                </Placemark>
                <Placemark id="2153">
                    <name>August 8 — N10706_P0_Flat87</name>
                    <description>Shift: August 8 — N10706
Type: Plan Path
Length: 4.3 m</description>
                    <styleUrl>#1970</styleUrl>
                    <LineString id="2152">
                        <altitudeMode>relativeToGround</altitudeMode>
                        <coordinates>85.38136833333333,21.938586666666666,3.0 85.38134666666667,21.938585,3.0 85.38132666666667,21.938583333333334,3.0</coordinates>
                    </LineString>
                </Placemark>
                <Placemark id="2157">
                    <name>August 8 — N10706_P0_Flat89</name>
                    <description>Shift: August 8 — N10706
Type: Plan Path
Length: 0.0 m</description>
                    <styleUrl>#1970</styleUrl>
                    <LineString id="2156">
                        <altitudeMode>relativeToGround</altitudeMode>
                        <coordinates>85.381085,21.938553333333335,3.0 85.381085,21.938553333333335,3.0</coordinates>
                    </LineString>
                </Placemark>
                <Placemark id="2161">
                    <name>August 8 — N10706_P0_Flat91</name>
                    <description>Shift: August 8 — N10706
Type: Plan Path
Length: 0.0 m</description>
                    <styleUrl>#1970</styleUrl>
                    <LineString id="2160">
                        <altitudeMode>relativeToGround</altitudeMode>
                        <coordinates>85.38089666666667,21.938546666666667,3.0 85.38089666666667,21.938546666666667,3.0</coordinates>
                    </LineString>
                </Placemark>
                <Placemark id="2165">
                    <name>August 8 — N10706_P0_Flat93</name>
                    <description>Shift: August 8 — N10706
Type: Plan Path
Length: 15.6 m</description>
                    <styleUrl>#1970</styleUrl>
                    <LineString id="2164">
                        <altitudeMode>relativeToGround</altitudeMode>
                        <coordinates>85.38072,21.93856,3.0 85.38072,21.93856,3.0 85.38064666666666,21.938571666666668,3.0 85.38060833333333,21.938578333333332,3.0 85.38057166666667,21.938586666666666,3.0</coordinates>
                    </LineString>
                </Placemark>
                <Placemark id="2169">
                    <name>August 8 — N10706_P0_Flat95</name>
                    <description>Shift: August 8 — N10706
Type: Plan Path
Length: 0.0 m</description>
                    <styleUrl>#1970</styleUrl>
                    <LineString id="2168">
                        <altitudeMode>relativeToGround</altitudeMode>
                        <coordinates>85.38053333333333,21.938596666666665,3.0 85.38053333333333,21.938596666666665,3.0</coordinates>
                    </LineString>
                </Placemark>
                <Placemark id="2173">
                    <name>August 8 — N10706_P0_Flat97</name>
                    <description>Shift: August 8 — N10706
Type: Plan Path
Length: 0.0 m</description>
                    <styleUrl>#1970</styleUrl>
                    <LineString id="2172">
                        <altitudeMode>relativeToGround</altitudeMode>
                        <coordinates>85.38018833333334,21.938833333333335,3.0 85.38018833333334,21.938833333333335,3.0</coordinates>
                    </LineString>
                </Placemark>
                <Placemark id="2177">
                    <name>August 8 — N10706_P0_Flat99</name>
                    <description>Shift: August 8 — N10706
Type: Plan Path
Length: 17.6 m</description>
                    <styleUrl>#1970</styleUrl>
                    <LineString id="2176">
                        <altitudeMode>relativeToGround</altitudeMode>
                        <coordinates>85.37978833333334,21.939183333333332,3.0 85.37975166666666,21.93922,3.0 85.37971166666667,21.939258333333335,3.0 85.37967333333333,21.9393,3.0</coordinates>
                    </LineString>
                </Placemark>
                <Placemark id="2181">
                    <name>August 8 — N10706_P0_Flat101</name>
                    <description>Shift: August 8 — N10706
Type: Plan Path
Length: 36.8 m</description>
                    <styleUrl>#1970</styleUrl>
                    <LineString id="2180">
                        <altitudeMode>relativeToGround</altitudeMode>
                        <coordinates>85.37963,21.939345,3.0 85.379585,21.93939,3.0 85.37953666666667,21.939438333333335,3.0 85.379485,21.939486666666667,3.0 85.379435,21.939536666666665,3.0 85.37938666666666,21.939586666666667,3.0</coordinates>
                    </LineString>
                </Placemark>
                <Placemark id="2185">
                    <name>August 8 — N10706_P0_Flat103</name>
                    <description>Shift: August 8 — N10706
Type: Plan Path
Length: 14.5 m</description>
                    <styleUrl>#1970</styleUrl>
                    <LineString id="2184">
                        <altitudeMode>relativeToGround</altitudeMode>
                        <coordinates>85.37933333333334,21.93962833333333,3.0 85.379275,21.939665,3.0 85.37921166666666,21.939693333333334,3.0</coordinates>
                    </LineString>
                </Placemark>
                <Placemark id="2189">
                    <name>August 8 — N10706_P0_Flat105</name>
                    <description>Shift: August 8 — N10706
Type: Plan Path
Length: 5.6 m</description>
                    <styleUrl>#1970</styleUrl>
                    <LineString id="2188">
                        <altitudeMode>relativeToGround</altitudeMode>
                        <coordinates>85.37902833333334,21.93969166666667,3.0 85.37897833333334,21.939671666666666,3.0</coordinates>
                    </LineString>
                </Placemark>
                <Placemark id="2193">
                    <name>August 8 — N10706_P0_Flat107</name>
                    <description>Shift: August 8 — N10706
Type: Plan Path
Length: 4.7 m</description>
                    <styleUrl>#1970</styleUrl>
                    <LineString id="2192">
                        <altitudeMode>relativeToGround</altitudeMode>
                        <coordinates>85.37885833333333,21.93954,3.0 85.37885166666666,21.939498333333333,3.0</coordinates>
                    </LineString>
                </Placemark>
                <Placemark id="2197">
                    <name>August 8 — N10706_P0_Flat109</name>
                    <description>Shift: August 8 — N10706
Type: Plan Path
Length: 1.9 m</description>
                    <styleUrl>#1970</styleUrl>
                    <LineString id="2196">
                        <altitudeMode>relativeToGround</altitudeMode>
                        <coordinates>85.37895833333333,21.939143333333334,3.0 85.37896,21.939126666666667,3.0</coordinates>
                    </LineString>
                </Placemark>
                <Placemark id="2201">
                    <name>August 8 — N10706_P0_Flat111</name>
                    <description>Shift: August 8 — N10706
Type: Plan Path
Length: 0.2 m</description>
                    <styleUrl>#1970</styleUrl>
                    <LineString id="2200">
                        <altitudeMode>relativeToGround</altitudeMode>
                        <coordinates>85.37890333333333,21.939045,3.0 85.37890333333333,21.939045,3.0 85.37890333333333,21.939045,3.0 85.37890333333333,21.939045,3.0 85.37890333333333,21.939043333333334,3.0 85.37890333333333,21.939043333333334,3.0 85.37890333333333,21.939043333333334,3.0 85.37890333333333,21.939043333333334,3.0 85.37890333333333,21.939043333333334,3.0 85.37890333333333,21.939043333333334,3.0</coordinates>
                    </LineString>
                </Placemark>
                <Placemark id="2205">
                    <name>August 8 — N10706_P0_Flat113</name>
                    <description>Shift: August 8 — N10706
Type: Plan Path
Length: 1.9 m</description>
                    <styleUrl>#1970</styleUrl>
                    <LineString id="2204">
                        <altitudeMode>relativeToGround</altitudeMode>
                        <coordinates>85.37889,21.93904,3.0 85.37888166666667,21.939038333333333,3.0 85.37887166666667,21.939036666666667,3.0</coordinates>
                    </LineString>
                </Placemark>
                <Placemark id="2209">
                    <name>August 8 — N10706_P0_Flat115</name>
                    <description>Shift: August 8 — N10706
Type: Plan Path
Length: 2.1 m</description>
                    <styleUrl>#1970</styleUrl>
                    <LineString id="2208">
                        <altitudeMode>relativeToGround</altitudeMode>
                        <coordinates>85.37873833333333,21.939095000000002,3.0 85.37872333333334,21.939108333333333,3.0</coordinates>
                    </LineString>
                </Placemark>
                <Placemark id="2213">
                    <name>August 8 — N10706_P0_Flat117</name>
                    <description>Shift: August 8 — N10706
Type: Plan Path
Length: 1.6 m</description>
                    <styleUrl>#1970</styleUrl>
                    <LineString id="2212">
                        <altitudeMode>relativeToGround</altitudeMode>
                        <coordinates>85.37870333333333,21.93924,3.0 85.37870833333334,21.939253333333333,3.0</coordinates>
                    </LineString>
                </Placemark>
                <Placemark id="2217">
                    <name>August 8 — N10706_P0_Flat119</name>
                    <description>Shift: August 8 — N10706
Type: Plan Path
Length: 1.1 m</description>
                    <styleUrl>#1970</styleUrl>
                    <LineString id="2216">
                        <altitudeMode>relativeToGround</altitudeMode>
                        <coordinates>85.37870833333334,21.93926,3.0 85.37870666666667,21.93926,3.0 85.37870833333334,21.939258333333335,3.0 85.37871166666666,21.939253333333333,3.0</coordinates>
                    </LineString>
                </Placemark>
                <Placemark id="2221">
                    <name>August 8 — N10706_P0_Flat121</name>
                    <description>Shift: August 8 — N10706
Type: Plan Path
Length: 71.8 m</description>
                    <styleUrl>#1970</styleUrl>
                    <LineString id="2220">
                        <altitudeMode>relativeToGround</altitudeMode>
                        <coordinates>85.37864,21.939093333333332,3.0 85.37864,21.939093333333332,3.0 85.37864,21.939093333333332,3.0 85.37864,21.939093333333332,3.0 85.37864,21.939093333333332,3.0 85.37864,21.939093333333332,3.0 85.37864,21.939093333333332,3.0 85.37864,21.939093333333332,3.0 85.37864,21.939093333333332,3.0 85.37864,21.939093333333332,3.0 85.37864,21.939093333333332,3.0 85.37864,21.939093333333332,3.0 85.37864,21.939093333333332,3.0 85.37893166666667,21.93968,3.0</coordinates>
                    </LineString>
                </Placemark>
                <Placemark id="2225">
                    <name>August 8 — N10706_P0_Flat123</name>
                    <description>Shift: August 8 — N10706
Type: Plan Path
Length: 25.6 m</description>
                    <styleUrl>#1970</styleUrl>
                    <LineString id="2224">
                        <altitudeMode>relativeToGround</altitudeMode>
                        <coordinates>85.37982,21.939231666666668,3.0 85.37987333333334,21.939173333333333,3.0 85.37998333333333,21.93905833333333,3.0</coordinates>
                    </LineString>
                </Placemark>
                <Placemark id="2229">
                    <name>August 8 — N10706_P0_Flat125</name>
                    <description>Shift: August 8 — N10706
Type: Plan Path
Length: 0.0 m</description>
                    <styleUrl>#1970</styleUrl>
                    <LineString id="2228">
                        <altitudeMode>relativeToGround</altitudeMode>
                        <coordinates>85.38036,21.938713333333332,3.0 85.38036,21.938713333333332,3.0</coordinates>
                    </LineString>
                </Placemark>
                <Placemark id="2233">
                    <name>August 8 — N10706_P0_Flat127</name>
                    <description>Shift: August 8 — N10706
Type: Plan Path
Length: 29.8 m</description>
                    <styleUrl>#1970</styleUrl>
                    <LineString id="2232">
                        <altitudeMode>relativeToGround</altitudeMode>
                        <coordinates>85.38050333333334,21.938643333333335,3.0 85.38057833333333,21.938625000000002,3.0 85.38072,21.938608333333335,3.0 85.38078833333333,21.938606666666665,3.0</coordinates>
                    </LineString>
                </Placemark>
                <Placemark id="2237">
                    <name>August 8 — N10706_P0_Flat129</name>
                    <description>Shift: August 8 — N10706
Type: Plan Path
Length: 49.2 m</description>
                    <styleUrl>#1970</styleUrl>
                    <LineString id="2236">
                        <altitudeMode>relativeToGround</altitudeMode>
                        <coordinates>85.38342833333333,21.93958,3.0 85.38342833333333,21.93958,3.0 85.383545,21.93968,3.0 85.38360333333334,21.93973,3.0 85.38360333333334,21.93973,3.0 85.38371666666667,21.939805,3.0 85.38371666666667,21.939805,3.0 85.38381333333334,21.939828333333335,3.0</coordinates>
                    </LineString>
                </Placemark>
                <Placemark id="2241">
                    <name>August 8 — N10706_P0_Flat131</name>
                    <description>Shift: August 8 — N10706
Type: Plan Path
Length: 0.0 m</description>
                    <styleUrl>#1970</styleUrl>
                    <LineString id="2240">
                        <altitudeMode>relativeToGround</altitudeMode>
                        <coordinates>85.38395,21.939799999999998,3.0 85.38395,21.939799999999998,3.0</coordinates>
                    </LineString>
                </Placemark>
                <Placemark id="2245">
                    <name>August 8 — N10706_P0_Flat133</name>
                    <description>Shift: August 8 — N10706
Type: Plan Path
Length: 90.2 m</description>
                    <styleUrl>#1970</styleUrl>
                    <LineString id="2244">
                        <altitudeMode>relativeToGround</altitudeMode>
                        <coordinates>85.38412666666666,21.939678333333333,3.0 85.38417333333334,21.939641666666667,3.0 85.38417333333334,21.939641666666667,3.0 85.38428833333333,21.939566666666668,3.0 85.384355,21.939531666666667,3.0 85.38442333333333,21.9395,3.0 85.384495,21.939471666666666,3.0 85.38456833333333,21.93945,3.0 85.384635,21.939438333333335,3.0 85.38469666666667,21.939431666666668,3.0 85.38476,21.939431666666668,3.0 85.38481833333333,21.939436666666666,3.0 85.38481833333333,21.939436666666666,3.0 85.38492333333333,21.939475,3.0</coordinates>
                    </LineString>
                </Placemark>
                <Placemark id="2249">
                    <name>August 8 — N10706_P0_Flat135</name>
                    <description>Shift: August 8 — N10706
Type: Plan Path
Length: 5.0 m</description>
                    <styleUrl>#1970</styleUrl>
                    <LineString id="2248">
                        <altitudeMode>relativeToGround</altitudeMode>
                        <coordinates>85.38509166666667,21.939605,3.0 85.38512166666666,21.93964,3.0</coordinates>
                    </LineString>
                </Placemark>
                <Placemark id="2253">
                    <name>August 8 — N10706_P0_Flat137</name>
                    <description>Shift: August 8 — N10706
Type: Plan Path
Length: 21.3 m</description>
                    <styleUrl>#1970</styleUrl>
                    <LineString id="2252">
                        <altitudeMode>relativeToGround</altitudeMode>
                        <coordinates>85.38537833333334,21.93993,3.0 85.38541666666667,21.93998,3.0 85.38545166666667,21.940035,3.0 85.38548166666666,21.940095,3.0</coordinates>
                    </LineString>
                </Placemark>
                <Placemark id="2257">
                    <name>August 8 — N10706_P0_Flat139</name>
                    <description>Shift: August 8 — N10706
Type: Plan Path
Length: 77.4 m</description>
                    <styleUrl>#1970</styleUrl>
                    <LineString id="2256">
                        <altitudeMode>relativeToGround</altitudeMode>
                        <coordinates>85.38497833333334,21.941193333333334,3.0 85.38493,21.941256666666668,3.0 85.38488,21.94132,3.0 85.38483166666667,21.941383333333334,3.0 85.38478333333333,21.941448333333334,3.0 85.38473833333333,21.941516666666665,3.0 85.38469833333333,21.941586666666666,3.0 85.384665,21.941655,3.0 85.38463333333333,21.941721666666666,3.0 85.38460166666667,21.941791666666667,3.0</coordinates>
                    </LineString>
                </Placemark>
                <Placemark id="2263">
                    <name>August 8 — N10706_P0_Flat141</name>
                    <description>Shift: August 8 — N10706
Type: Plan Path
Length: 24.8 m</description>
                    <styleUrl>#1970</styleUrl>
                    <LineString id="2262">
                        <altitudeMode>relativeToGround</altitudeMode>
                        <coordinates>85.38426,21.942555,3.0 85.384245,21.94262833333333,3.0 85.38423166666666,21.9427,3.0 85.38422333333334,21.942775,3.0</coordinates>
                    </LineString>
                </Placemark>
                <Placemark id="2267">
                    <name>August 8 — N10706_P0_Flat143</name>
                    <description>Shift: August 8 — N10706
Type: Plan Path
Length: 40.3 m</description>
                    <styleUrl>#1970</styleUrl>
                    <LineString id="2266">
                        <altitudeMode>relativeToGround</altitudeMode>
                        <coordinates>85.38425333333333,21.943375,3.0 85.38425666666667,21.943448333333333,3.0 85.38425666666667,21.943521666666665,3.0 85.38425333333333,21.943595,3.0 85.38424833333333,21.943666666666665,3.0 85.384245,21.943736666666666,3.0</coordinates>
                    </LineString>
                </Placemark>
                <Placemark id="2271">
                    <name>August 8 — N10706_P0_Flat145</name>
                    <description>Shift: August 8 — N10706
Type: Plan Path
Length: 117.0 m</description>
                    <styleUrl>#1970</styleUrl>
                    <LineString id="2270">
                        <altitudeMode>relativeToGround</altitudeMode>
                        <coordinates>85.38428333333333,21.944231666666667,3.0 85.3843,21.944293333333334,3.0 85.38431666666666,21.944353333333332,3.0 85.38433166666667,21.944411666666667,3.0 85.384345,21.944471666666665,3.0 85.38435666666666,21.944533333333332,3.0 85.38436833333333,21.94459833333333,3.0 85.38438,21.944665,3.0 85.38439,21.944735,3.0 85.38439,21.944735,3.0 85.38441,21.944876666666666,3.0 85.38442333333333,21.944946666666667,3.0 85.38443333333333,21.945011666666666,3.0 85.38444166666666,21.945075,3.0 85.384445,21.945138333333333,3.0 85.38444666666666,21.945201666666666,3.0 85.38444666666666,21.94527,3.0</coordinates>
                    </LineString>
                </Placemark>
                <Placemark id="2275">
                    <name>August 8 — N10706_P0_Flat147</name>
                    <description>Shift: August 8 — N10706
Type: Plan Path
Length: 139.5 m</description>
                    <styleUrl>#1970</styleUrl>
                    <LineString id="2274">
                        <altitudeMode>relativeToGround</altitudeMode>
                        <coordinates>85.38447,21.945555,3.0 85.38447666666667,21.94563,3.0 85.38448333333334,21.945705,3.0 85.38448833333334,21.94578,3.0 85.38449666666666,21.945855,3.0 85.38450833333333,21.945928333333335,3.0 85.38452666666667,21.946,3.0 85.38454833333333,21.94607166666667,3.0 85.384595,21.946215,3.0 85.38462,21.94636,3.0 85.38461833333334,21.946433333333335,3.0 85.38460333333333,21.946506666666668,3.0 85.38457833333334,21.946571666666667,3.0 85.38448,21.946681666666667,3.0 85.38441666666667,21.946728333333333,3.0</coordinates>
                    </LineString>
                </Placemark>
                <Placemark id="2279">
                    <name>August 8 — N10706_P0_Flat149</name>
                    <description>Shift: August 8 — N10706
Type: Plan Path
Length: 68.9 m</description>
                    <styleUrl>#1970</styleUrl>
                    <LineString id="2278">
                        <altitudeMode>relativeToGround</altitudeMode>
                        <coordinates>85.38410833333333,21.946921666666668,3.0 85.38410833333333,21.946921666666668,3.0 85.38349333333333,21.94716,3.0 85.38349333333333,21.94716,3.0 85.38349333333333,21.94716,3.0 85.38349333333333,21.94716,3.0 85.38349333333333,21.94716,3.0 85.38349333333333,21.94716,3.0 85.38349333333333,21.94716,3.0 85.38349333333333,21.94716,3.0 85.38349333333333,21.94716,3.0 85.38349333333333,21.94716,3.0 85.38349333333333,21.94716,3.0 85.38349333333333,21.94716,3.0 85.38349333333333,21.94716,3.0 85.38349333333333,21.94716,3.0 85.38349333333333,21.94716,3.0 85.38349333333333,21.94716,3.0 85.38349333333333,21.94716,3.0 85.38349333333333,21.94716,3.0 85.38349333333333,21.94716,3.0 85.38349333333333,21.94716,3.0 85.38349333333333,21.94716,3.0 85.38349333333333,21.94716,3.0 85.38349333333333,21.94716,3.0 85.38349333333333,21.94716,3.0 85.38349166666667,21.94716,3.0 85.38349166666667,21.94716,3.0 85.38349166666667,21.94716,3.0 85.38349166666667,21.94716,3.0 85.38349166666667,21.94716,3.0 85.38349166666667,21.94716,3.0 85.38349166666667,21.94716,3.0 85.38349166666667,21.94716,3.0 85.38349166666667,21.94716,3.0 85.38349166666667,21.94716,3.0 85.38349166666667,21.94716,3.0 85.38349166666667,21.94716,3.0 85.38349166666667,21.94716,3.0 85.38349166666667,21.94716,3.0 85.38349166666667,21.94716,3.0 85.38349166666667,21.94716,3.0 85.38349166666667,21.94716,3.0 85.38349166666667,21.94716,3.0 85.38349166666667,21.94716,3.0 85.38349166666667,21.94716,3.0 85.38349166666667,21.94716,3.0 85.38349166666667,21.94716,3.0 85.38349166666667,21.94716,3.0 85.38349166666667,21.94716,3.0 85.38349166666667,21.94716,3.0 85.38349166666667,21.94716,3.0 85.38349166666667,21.94716,3.0 85.38349166666667,21.94716,3.0 85.38349166666667,21.94716,3.0 85.38349166666667,21.94716,3.0 85.38349166666667,21.94716,3.0 85.38349166666667,21.94716,3.0 85.38349166666667,21.94716,3.0 85.38349166666667,21.94716,3.0 85.38349166666667,21.94716,3.0 85.38349166666667,21.94716,3.0 85.38349166666667,21.94716,3.0 85.38349166666667,21.94716,3.0 85.38349166666667,21.94716,3.0 85.38349166666667,21.94716,3.0 85.38349166666667,21.94716,3.0 85.38349166666667,21.94716,3.0 85.38349166666667,21.94716,3.0 85.38349166666667,21.94716,3.0 85.38349166666667,21.94716,3.0 85.38349166666667,21.94716,3.0 85.38349166666667,21.94716,3.0 85.38349166666667,21.94716,3.0 85.38349166666667,21.94716,3.0 85.38349166666667,21.94716,3.0 85.38349166666667,21.94716,3.0 85.38349166666667,21.94716,3.0 85.38349166666667,21.94716,3.0 85.38349166666667,21.94716,3.0 85.38349166666667,21.94716,3.0 85.38349166666667,21.94716,3.0 85.38349166666667,21.94716,3.0 85.38349166666667,21.94716,3.0 85.38349166666667,21.94716,3.0 85.38349166666667,21.94716,3.0 85.38349166666667,21.94716,3.0 85.38349166666667,21.94716,3.0 85.38349166666667,21.94716,3.0 85.38349166666667,21.94716,3.0 85.38349166666667,21.94716,3.0 85.38349166666667,21.94716,3.0 85.38349166666667,21.94716,3.0 85.38349166666667,21.94716,3.0 85.38349166666667,21.94716,3.0 85.38349166666667,21.94716,3.0 85.38349166666667,21.94716,3.0 85.38349166666667,21.94716,3.0 85.38349166666667,21.94716,3.0 85.38349166666667,21.94716,3.0 85.38349166666667,21.94716,3.0 85.38349166666667,21.94716,3.0 85.38349166666667,21.94716,3.0 85.38349166666667,21.94716,3.0 85.38349166666667,21.94716,3.0 85.38349166666667,21.94716,3.0 85.38349166666667,21.94716,3.0 85.38349166666667,21.94716,3.0 85.38349166666667,21.94716,3.0 85.38349166666667,21.94716,3.0 85.38349166666667,21.94716,3.0 85.38349166666667,21.94716,3.0 85.38349166666667,21.94716,3.0 85.38349166666667,21.94716,3.0 85.38349166666667,21.94716,3.0 85.38349166666667,21.94716,3.0 85.38349166666667,21.94716,3.0 85.38349166666667,21.94716,3.0 85.38349166666667,21.94716,3.0 85.38349166666667,21.94716,3.0 85.38349166666667,21.94716,3.0 85.38349166666667,21.94716,3.0 85.38349166666667,21.94716,3.0 85.38349166666667,21.94716,3.0 85.38349166666667,21.94716,3.0 85.38349166666667,21.94716,3.0 85.38349166666667,21.94716,3.0 85.38349166666667,21.94716,3.0 85.38349166666667,21.94716,3.0 85.38349166666667,21.94716,3.0 85.38349166666667,21.94716,3.0 85.38349166666667,21.94716,3.0 85.38349166666667,21.94716,3.0 85.38349166666667,21.94716,3.0 85.38349166666667,21.94716,3.0 85.38349166666667,21.94716,3.0 85.38349166666667,21.94716,3.0 85.38349166666667,21.94716,3.0 85.38349166666667,21.94716,3.0 85.38349166666667,21.94716,3.0 85.38349166666667,21.94716,3.0 85.38349166666667,21.94716,3.0 85.38349166666667,21.94716,3.0 85.38349166666667,21.94716,3.0 85.38349166666667,21.94716,3.0 85.38349166666667,21.94716,3.0 85.38349166666667,21.94716,3.0 85.38349166666667,21.94716,3.0 85.38349166666667,21.94716,3.0 85.38349166666667,21.94716,3.0 85.38349166666667,21.94716,3.0 85.38349166666667,21.94716,3.0 85.38349166666667,21.94716,3.0 85.38349166666667,21.94716,3.0 85.38349166666667,21.94716,3.0 85.38349166666667,21.94716,3.0</coordinates>
                    </LineString>
                </Placemark>
                <Placemark id="2283">
                    <name>August 8 — N10706_P0_Flat151</name>
                    <description>Shift: August 8 — N10706
Type: Plan Path
Length: 0.0 m</description>
                    <styleUrl>#1970</styleUrl>
                    <LineString id="2282">
                        <altitudeMode>relativeToGround</altitudeMode>
                        <coordinates>85.38349,21.94716,3.0 85.38349,21.94716,3.0 85.38349,21.94716,3.0 85.38349,21.94716,3.0 85.38349,21.94716,3.0 85.38349,21.94716,3.0 85.38349,21.94716,3.0 85.38349,21.94716,3.0 85.38349,21.94716,3.0 85.38349,21.94716,3.0 85.38349,21.94716,3.0 85.38349,21.94716,3.0 85.38349,21.94716,3.0 85.38349,21.94716,3.0 85.38349,21.94716,3.0 85.38349,21.94716,3.0 85.38349,21.94716,3.0 85.38349,21.94716,3.0 85.38349,21.94716,3.0 85.38349,21.94716,3.0</coordinates>
                    </LineString>
                </Placemark>
                <Placemark id="2287">
                    <name>August 8 — N10706_P0_Flat153</name>
                    <description>Shift: August 8 — N10706
Type: Plan Path
Length: 0.0 m</description>
                    <styleUrl>#1970</styleUrl>
                    <LineString id="2286">
                        <altitudeMode>relativeToGround</altitudeMode>
                        <coordinates>85.38348833333333,21.94716,3.0 85.38348833333333,21.94716,3.0</coordinates>
                    </LineString>
                </Placemark>
                <Placemark id="2291">
                    <name>August 8 — N10706_P0_Flat155</name>
                    <description>Shift: August 8 — N10706
Type: Plan Path
Length: 0.0 m</description>
                    <styleUrl>#1970</styleUrl>
                    <LineString id="2290">
                        <altitudeMode>relativeToGround</altitudeMode>
                        <coordinates>85.38348666666667,21.94716,3.0 85.38348666666667,21.94716,3.0 85.38348666666667,21.94716,3.0 85.38348666666667,21.94716,3.0 85.38348666666667,21.94716,3.0 85.38348666666667,21.94716,3.0 85.38348666666667,21.94716,3.0 85.38348666666667,21.94716,3.0</coordinates>
                    </LineString>
                </Placemark>
                <Placemark id="2295">
                    <name>August 8 — N10706_P0_Flat157</name>
                    <description>Shift: August 8 — N10706
Type: Plan Path
Length: 0.4 m</description>
                    <styleUrl>#1970</styleUrl>
                    <LineString id="2294">
                        <altitudeMode>relativeToGround</altitudeMode>
                        <coordinates>85.383485,21.947161666666666,3.0 85.383485,21.947161666666666,3.0 85.383485,21.947161666666666,3.0 85.383485,21.947161666666666,3.0 85.383485,21.947161666666666,3.0 85.38348666666667,21.947161666666666,3.0 85.38348666666667,21.947161666666666,3.0 85.38348666666667,21.947161666666666,3.0 85.38348666666667,21.94716,3.0 85.38348666666667,21.94716,3.0 85.38348666666667,21.94716,3.0 85.38348666666667,21.94716,3.0 85.38348666666667,21.94716,3.0 85.38348666666667,21.94716,3.0 85.38348666666667,21.94716,3.0 85.38348666666667,21.94716,3.0 85.38348666666667,21.94716,3.0 85.38348666666667,21.94716,3.0 85.38348666666667,21.94716,3.0 85.38348666666667,21.94716,3.0 85.38348666666667,21.94716,3.0 85.38348666666667,21.94716,3.0</coordinates>
                    </LineString>
                </Placemark>
                <Placemark id="2299">
                    <name>August 8 — N10706_P0_Flat159</name>
                    <description>Shift: August 8 — N10706
Type: Plan Path
Length: 104.2 m</description>
                    <styleUrl>#1970</styleUrl>
                    <LineString id="2298">
                        <altitudeMode>relativeToGround</altitudeMode>
                        <coordinates>85.38375166666667,21.947005,3.0 85.38375166666667,21.947005,3.0 85.38384166666667,21.94699,3.0 85.383895,21.946985,3.0 85.38394833333334,21.946976666666668,3.0 85.38400666666666,21.946965,3.0 85.38406666666667,21.946946666666665,3.0 85.38412833333334,21.946921666666668,3.0 85.38419,21.94689,3.0 85.38425166666667,21.946853333333333,3.0 85.38431,21.946813333333335,3.0 85.38437166666667,21.94677,3.0 85.38442833333333,21.946726666666667,3.0 85.38448166666667,21.946685,3.0 85.38453166666666,21.946645,3.0 85.38457833333334,21.946608333333334,3.0 85.38462666666666,21.94658,3.0</coordinates>
                    </LineString>
                </Placemark>
                <Placemark id="2303">
                    <name>August 8 — N10706_P0_Flat161</name>
                    <description>Shift: August 8 — N10706
Type: Plan Path
Length: 31.9 m</description>
                    <styleUrl>#1970</styleUrl>
                    <LineString id="2302">
                        <altitudeMode>relativeToGround</altitudeMode>
                        <coordinates>85.38467833333333,21.946563333333334,3.0 85.38472833333333,21.946565,3.0 85.38477166666667,21.946585,3.0 85.38480666666666,21.946618333333333,3.0 85.38483166666667,21.946658333333332,3.0 85.38484666666666,21.946706666666667,3.0 85.384865,21.946756666666666,3.0</coordinates>
                    </LineString>
                </Placemark>
                <Placemark id="2307">
                    <name>August 8 — N10706_P0_Flat163</name>
                    <description>Shift: August 8 — N10706
Type: Plan Path
Length: 16.2 m</description>
                    <styleUrl>#1970</styleUrl>
                    <LineString id="2306">
                        <altitudeMode>relativeToGround</altitudeMode>
                        <coordinates>85.38496,21.947065,3.0 85.385005,21.947205,3.0 85.385005,21.947205,3.0</coordinates>
                    </LineString>
                </Placemark>
                <Placemark id="2311">
                    <name>August 8 — N10706_P0_Flat165</name>
                    <description>Shift: August 8 — N10706
Type: Plan Path
Length: 15.5 m</description>
                    <styleUrl>#1970</styleUrl>
                    <LineString id="2310">
                        <altitudeMode>relativeToGround</altitudeMode>
                        <coordinates>85.38512666666666,21.94756,3.0 85.38512666666666,21.94756,3.0 85.38517,21.947693333333333,3.0</coordinates>
                    </LineString>
                </Placemark>
                <Placemark id="2315">
                    <name>August 8 — N10706_P0_Flat167</name>
                    <description>Shift: August 8 — N10706
Type: Plan Path
Length: 7.9 m</description>
                    <styleUrl>#1970</styleUrl>
                    <LineString id="2314">
                        <altitudeMode>relativeToGround</altitudeMode>
                        <coordinates>85.38519166666667,21.94776,3.0 85.38521833333333,21.947826666666668,3.0</coordinates>
                    </LineString>
                </Placemark>
                <Placemark id="2319">
                    <name>August 8 — N10706_P0_Flat169</name>
                    <description>Shift: August 8 — N10706
Type: Plan Path
Length: 0.0 m</description>
                    <styleUrl>#1970</styleUrl>
                    <LineString id="2318">
                        <altitudeMode>relativeToGround</altitudeMode>
                        <coordinates>85.38524833333334,21.94789,3.0 85.38524833333334,21.94789,3.0</coordinates>
                    </LineString>
                </Placemark>
                <Placemark id="2323">
                    <name>August 8 — N10706_P0_Flat171</name>
                    <description>Shift: August 8 — N10706
Type: Plan Path
Length: 8.2 m</description>
                    <styleUrl>#1970</styleUrl>
                    <LineString id="2322">
                        <altitudeMode>relativeToGround</altitudeMode>
                        <coordinates>85.38534833333334,21.948086666666665,3.0 85.38538666666666,21.948151666666668,3.0</coordinates>
                    </LineString>
                </Placemark>
                <Placemark id="2327">
                    <name>August 8 — N10706_P0_Flat173</name>
                    <description>Shift: August 8 — N10706
Type: Plan Path
Length: 0.0 m</description>
                    <styleUrl>#1970</styleUrl>
                    <LineString id="2326">
                        <altitudeMode>relativeToGround</altitudeMode>
                        <coordinates>85.385425,21.948218333333333,3.0 85.385425,21.948218333333333,3.0</coordinates>
                    </LineString>
                </Placemark>
                <Placemark id="2331">
                    <name>August 8 — N10706_P0_Flat175</name>
                    <description>Shift: August 8 — N10706
Type: Plan Path
Length: 0.0 m</description>
                    <styleUrl>#1970</styleUrl>
                    <LineString id="2330">
                        <altitudeMode>relativeToGround</altitudeMode>
                        <coordinates>85.38582666666667,21.948793333333334,3.0 85.38582666666667,21.948793333333334,3.0</coordinates>
                    </LineString>
                </Placemark>
                <Placemark id="2335">
                    <name>August 8 — N10706_P0_Flat177</name>
                    <description>Shift: August 8 — N10706
Type: Plan Path
Length: 49.3 m</description>
                    <styleUrl>#1970</styleUrl>
                    <LineString id="2334">
                        <altitudeMode>relativeToGround</altitudeMode>
                        <coordinates>85.38616166666667,21.94917166666667,3.0 85.386185,21.949228333333334,3.0 85.38621166666667,21.949285,3.0 85.386245,21.94934,3.0 85.38628333333334,21.949391666666667,3.0 85.38632666666666,21.949443333333335,3.0 85.38636833333334,21.949495,3.0 85.38640833333334,21.949548333333333,3.0</coordinates>
                    </LineString>
                </Placemark>
                <Placemark id="2339">
                    <name>August 8 — N10706_P0_Flat179</name>
                    <description>Shift: August 8 — N10706
Type: Plan Path
Length: 11.0 m</description>
                    <styleUrl>#1970</styleUrl>
                    <LineString id="2338">
                        <altitudeMode>relativeToGround</altitudeMode>
                        <coordinates>85.386875,21.950308333333332,3.0 85.386825,21.950323333333333,3.0 85.38677166666666,21.950331666666667,3.0</coordinates>
                    </LineString>
                </Placemark>
                <Placemark id="2343">
                    <name>August 8 — N10706_P0_Flat181</name>
                    <description>Shift: August 8 — N10706
Type: Plan Path
Length: 22.5 m</description>
                    <styleUrl>#1970</styleUrl>
                    <LineString id="2342">
                        <altitudeMode>relativeToGround</altitudeMode>
                        <coordinates>85.38671333333333,21.950335,3.0 85.38665833333333,21.950333333333333,3.0 85.38660166666666,21.950333333333333,3.0 85.38654666666666,21.950333333333333,3.0 85.386495,21.950336666666665,3.0</coordinates>
                    </LineString>
                </Placemark>
                <Placemark id="2347">
                    <name>August 8 — N10706_P0_Flat183</name>
                    <description>Shift: August 8 — N10706
Type: Plan Path
Length: 10.4 m</description>
                    <styleUrl>#1970</styleUrl>
                    <LineString id="2346">
                        <altitudeMode>relativeToGround</altitudeMode>
                        <coordinates>85.38634666666667,21.950348333333334,3.0 85.38629833333333,21.950353333333332,3.0 85.38624666666666,21.950361666666666,3.0</coordinates>
                    </LineString>
                </Placemark>
                <Placemark id="2351">
                    <name>August 8 — N10706_P0_Flat185</name>
                    <description>Shift: August 8 — N10706
Type: Plan Path
Length: 15.9 m</description>
                    <styleUrl>#1970</styleUrl>
                    <LineString id="2350">
                        <altitudeMode>relativeToGround</altitudeMode>
                        <coordinates>85.385885,21.950461666666666,3.0 85.38584,21.950486666666666,3.0 85.38579666666666,21.950513333333333,3.0 85.38575666666667,21.95054,3.0</coordinates>
                    </LineString>
                </Placemark>
                <Placemark id="2355">
                    <name>August 8 — N10706_P0_Flat187</name>
                    <description>Shift: August 8 — N10706
Type: Plan Path
Length: 8.3 m</description>
                    <styleUrl>#1970</styleUrl>
                    <LineString id="2354">
                        <altitudeMode>relativeToGround</altitudeMode>
                        <coordinates>85.38544333333333,21.951863333333332,3.0 85.38544333333333,21.951863333333332,3.0 85.38547,21.951893333333334,3.0 85.385495,21.95192,3.0</coordinates>
                    </LineString>
                </Placemark>
                <Placemark id="2359">
                    <name>August 8 — N10706_P0_Flat189</name>
                    <description>Shift: August 8 — N10706
Type: Plan Path
Length: 0.0 m</description>
                    <styleUrl>#1970</styleUrl>
                    <LineString id="2358">
                        <altitudeMode>relativeToGround</altitudeMode>
                        <coordinates>85.3856,21.952061666666665,3.0 85.3856,21.952061666666665,3.0</coordinates>
                    </LineString>
                </Placemark>
                <Placemark id="2363">
                    <name>August 8 — N10706_P0_Flat191</name>
                    <description>Shift: August 8 — N10706
Type: Plan Path
Length: 7.2 m</description>
                    <styleUrl>#1970</styleUrl>
                    <LineString id="2362">
                        <altitudeMode>relativeToGround</altitudeMode>
                        <coordinates>85.38568333333333,21.952186666666666,3.0 85.38568333333333,21.952186666666666,3.0 85.38571666666667,21.95224333333333,3.0</coordinates>
                    </LineString>
                </Placemark>
                <Placemark id="2367">
                    <name>August 8 — N10706_P0_Flat193</name>
                    <description>Shift: August 8 — N10706
Type: Plan Path
Length: 37.5 m</description>
                    <styleUrl>#1970</styleUrl>
                    <LineString id="2366">
                        <altitudeMode>relativeToGround</altitudeMode>
                        <coordinates>85.38576833333333,21.95234333333333,3.0 85.38576833333333,21.95234333333333,3.0 85.38580333333333,21.952421666666666,3.0 85.38582333333333,21.952463333333334,3.0 85.38584333333333,21.952505,3.0 85.385865,21.95255166666667,3.0 85.385865,21.95255166666667,3.0 85.38591166666667,21.952653333333334,3.0</coordinates>
                    </LineString>
                </Placemark>
                <Placemark id="2371">
                    <name>August 8 — N10706_P0_Flat195</name>
                    <description>Shift: August 8 — N10706
Type: Plan Path
Length: 13.1 m</description>
                    <styleUrl>#1970</styleUrl>
                    <LineString id="2370">
                        <altitudeMode>relativeToGround</altitudeMode>
                        <coordinates>85.38594,21.952823333333335,3.0 85.38594,21.952823333333335,3.0 85.385905,21.952936666666666,3.0</coordinates>
                    </LineString>
                </Placemark>
                <Placemark id="2375">
                    <name>August 8 — N10706_P0_Flat197</name>
                    <description>Shift: August 8 — N10706
Type: Plan Path
Length: 2.3 m</description>
                    <styleUrl>#1970</styleUrl>
                    <LineString id="2374">
                        <altitudeMode>relativeToGround</altitudeMode>
                        <coordinates>85.3855,21.953235,3.0 85.38548,21.953243333333333,3.0</coordinates>
                    </LineString>
                </Placemark>
                <Placemark id="2379">
                    <name>August 8 — N10706_P0_Flat199</name>
                    <description>Shift: August 8 — N10706
Type: Plan Path
Length: 4.4 m</description>
                    <styleUrl>#1970</styleUrl>
                    <LineString id="2378">
                        <altitudeMode>relativeToGround</altitudeMode>
                        <coordinates>85.38534166666666,21.953295,3.0 85.38532166666667,21.95330166666667,3.0 85.38530166666666,21.953308333333332,3.0</coordinates>
                    </LineString>
                </Placemark>
                <Placemark id="2383">
                    <name>August 8 — N10706_P0_Flat201</name>
                    <description>Shift: August 8 — N10706
Type: Plan Path
Length: 1.1 m</description>
                    <styleUrl>#1970</styleUrl>
                    <LineString id="2382">
                        <altitudeMode>relativeToGround</altitudeMode>
                        <coordinates>85.38400833333333,21.952651666666668,3.0 85.38400333333334,21.952643333333334,3.0</coordinates>
                    </LineString>
                </Placemark>
                <Placemark id="2387">
                    <name>August 8 — N10706_P0_Flat203</name>
                    <description>Shift: August 8 — N10706
Type: Plan Path
Length: 0.3 m</description>
                    <styleUrl>#1970</styleUrl>
                    <LineString id="2386">
                        <altitudeMode>relativeToGround</altitudeMode>
                        <coordinates>85.38400166666666,21.952641666666665,3.0 85.38400333333334,21.952643333333334,3.0 85.38400333333334,21.952643333333334,3.0 85.38400333333334,21.952643333333334,3.0 85.38400333333334,21.952643333333334,3.0 85.38400333333334,21.952643333333334,3.0 85.38400333333334,21.952643333333334,3.0 85.38400333333334,21.952643333333334,3.0 85.38400333333334,21.952643333333334,3.0 85.38400333333334,21.952643333333334,3.0 85.38400333333334,21.952643333333334,3.0 85.38400333333334,21.952643333333334,3.0 85.38400333333334,21.952643333333334,3.0 85.38400333333334,21.952643333333334,3.0 85.38400333333334,21.952643333333334,3.0 85.38400333333334,21.952643333333334,3.0 85.38400333333334,21.952643333333334,3.0 85.38400333333334,21.952643333333334,3.0 85.38400333333334,21.952643333333334,3.0 85.38400333333334,21.952643333333334,3.0 85.38400333333334,21.952643333333334,3.0 85.38400333333334,21.952643333333334,3.0</coordinates>
                    </LineString>
                </Placemark>
                <Placemark id="2391">
                    <name>August 8 — N10706_P0_Flat205</name>
                    <description>Shift: August 8 — N10706
Type: Plan Path
Length: 4.0 m</description>
                    <styleUrl>#1970</styleUrl>
                    <LineString id="2390">
                        <altitudeMode>relativeToGround</altitudeMode>
                        <coordinates>85.38416,21.952323333333332,3.0 85.38419666666667,21.952311666666667,3.0</coordinates>
                    </LineString>
                </Placemark>
                <Placemark id="2395">
                    <name>August 8 — N10706_P0_Flat207</name>
                    <description>Shift: August 8 — N10706
Type: Plan Path
Length: 0.0 m</description>
                    <styleUrl>#1970</styleUrl>
                    <LineString id="2394">
                        <altitudeMode>relativeToGround</altitudeMode>
                        <coordinates>85.38433166666667,21.952336666666667,3.0 85.38433166666667,21.952336666666667,3.0</coordinates>
                    </LineString>
                </Placemark>
                <Placemark id="2399">
                    <name>August 8 — N10706_P0_Flat209</name>
                    <description>Shift: August 8 — N10706
Type: Plan Path
Length: 4.3 m</description>
                    <styleUrl>#1970</styleUrl>
                    <LineString id="2398">
                        <altitudeMode>relativeToGround</altitudeMode>
                        <coordinates>85.38434833333334,21.952351666666665,3.0 85.38436166666666,21.95238833333333,3.0</coordinates>
                    </LineString>
                </Placemark>
                <Placemark id="2403">
                    <name>August 8 — N10706_P0_Flat211</name>
                    <description>Shift: August 8 — N10706
Type: Plan Path
Length: 3.8 m</description>
                    <styleUrl>#1970</styleUrl>
                    <LineString id="2402">
                        <altitudeMode>relativeToGround</altitudeMode>
                        <coordinates>85.38436,21.952426666666668,3.0 85.38436,21.952426666666668,3.0 85.38435166666666,21.95246,3.0</coordinates>
                    </LineString>
                </Placemark>
                <Placemark id="2407">
                    <name>August 8 — N10706_P0_Flat213</name>
                    <description>Shift: August 8 — N10706
Type: Plan Path
Length: 0.0 m</description>
                    <styleUrl>#1970</styleUrl>
                    <LineString id="2406">
                        <altitudeMode>relativeToGround</altitudeMode>
                        <coordinates>85.38435166666666,21.952468333333332,3.0 85.38435166666666,21.952468333333332,3.0</coordinates>
                    </LineString>
                </Placemark>
                <Placemark id="2411">
                    <name>August 8 — N10706_P0_Flat215</name>
                    <description>Shift: August 8 — N10706
Type: Plan Path
Length: 0.0 m</description>
                    <styleUrl>#1970</styleUrl>
                    <LineString id="2410">
                        <altitudeMode>relativeToGround</altitudeMode>
                        <coordinates>85.38435333333334,21.952466666666666,3.0 85.38435333333334,21.952466666666666,3.0</coordinates>
                    </LineString>
                </Placemark>
                <Placemark id="2415">
                    <name>August 8 — N10706_P0_Flat217</name>
                    <description>Shift: August 8 — N10706
Type: Plan Path
Length: 0.0 m</description>
                    <styleUrl>#1970</styleUrl>
                    <LineString id="2414">
                        <altitudeMode>relativeToGround</altitudeMode>
                        <coordinates>85.38434,21.95245166666667,3.0 85.38434,21.95245166666667,3.0</coordinates>
                    </LineString>
                </Placemark>
                <Placemark id="2419">
                    <name>August 8 — N10706_P0_Flat219</name>
                    <description>Shift: August 8 — N10706
Type: Plan Path
Length: 0.0 m</description>
                    <styleUrl>#1970</styleUrl>
                    <LineString id="2418">
                        <altitudeMode>relativeToGround</altitudeMode>
                        <coordinates>85.38430333333334,21.952403333333333,3.0 85.38430333333334,21.952403333333333,3.0</coordinates>
                    </LineString>
                </Placemark>
                <Placemark id="2423">
                    <name>August 8 — N10706_P0_Flat221</name>
                    <description>Shift: August 8 — N10706
Type: Plan Path
Length: 0.0 m</description>
                    <styleUrl>#1970</styleUrl>
                    <LineString id="2422">
                        <altitudeMode>relativeToGround</altitudeMode>
                        <coordinates>85.384325,21.952356666666667,3.0 85.384325,21.952356666666667,3.0</coordinates>
                    </LineString>
                </Placemark>
                <Placemark id="2427">
                    <name>August 8 — N10706_P0_Flat223</name>
                    <description>Shift: August 8 — N10706
Type: Plan Path
Length: 1.9 m</description>
                    <styleUrl>#1970</styleUrl>
                    <LineString id="2426">
                        <altitudeMode>relativeToGround</altitudeMode>
                        <coordinates>85.38451333333333,21.952261666666665,3.0 85.38453,21.952255,3.0</coordinates>
                    </LineString>
                </Placemark>
                <Placemark id="2431">
                    <name>August 8 — N10706_P0_Flat225</name>
                    <description>Shift: August 8 — N10706
Type: Plan Path
Length: 3.8 m</description>
                    <styleUrl>#1970</styleUrl>
                    <LineString id="2430">
                        <altitudeMode>relativeToGround</altitudeMode>
                        <coordinates>85.384545,21.952251666666665,3.0 85.38456166666667,21.95225,3.0 85.38458166666666,21.952248333333333,3.0 85.38458166666666,21.952248333333333,3.0</coordinates>
                    </LineString>
                </Placemark>
                <Placemark id="2435">
                    <name>August 8 — N10706_P0_Flat227</name>
                    <description>Shift: August 8 — N10706
Type: Plan Path
Length: 0.0 m</description>
                    <styleUrl>#1970</styleUrl>
                    <LineString id="2434">
                        <altitudeMode>relativeToGround</altitudeMode>
                        <coordinates>85.38464333333333,21.952215,3.0 85.38464333333333,21.952215,3.0</coordinates>
                    </LineString>
                </Placemark>
                <Placemark id="2439">
                    <name>August 8 — N10706_P0_Flat229</name>
                    <description>Shift: August 8 — N10706
Type: Plan Path
Length: 0.0 m</description>
                    <styleUrl>#1970</styleUrl>
                    <LineString id="2438">
                        <altitudeMode>relativeToGround</altitudeMode>
                        <coordinates>85.38464166666667,21.952215,3.0 85.38464166666667,21.952215,3.0</coordinates>
                    </LineString>
                </Placemark>
                <Placemark id="2443">
                    <name>August 8 — N10706_P0_Flat231</name>
                    <description>Shift: August 8 — N10706
Type: Plan Path
Length: 0.0 m</description>
                    <styleUrl>#1970</styleUrl>
                    <LineString id="2442">
                        <altitudeMode>relativeToGround</altitudeMode>
                        <coordinates>85.384635,21.9522,3.0 85.384635,21.9522,3.0 85.384635,21.9522,3.0</coordinates>
                    </LineString>
                </Placemark>
                <Placemark id="2447">
                    <name>August 8 — N10706_P0_Flat233</name>
                    <description>Shift: August 8 — N10706
Type: Plan Path
Length: 0.5 m</description>
                    <styleUrl>#1970</styleUrl>
                    <LineString id="2446">
                        <altitudeMode>relativeToGround</altitudeMode>
                        <coordinates>85.384635,21.952201666666667,3.0 85.384635,21.952203333333333,3.0 85.384635,21.952203333333333,3.0 85.384635,21.952203333333333,3.0 85.384635,21.952203333333333,3.0 85.384635,21.952203333333333,3.0 85.384635,21.952203333333333,3.0 85.384635,21.952203333333333,3.0 85.384635,21.952203333333333,3.0 85.384635,21.952201666666667,3.0 85.384635,21.952201666666667,3.0 85.384635,21.952201666666667,3.0 85.384635,21.952201666666667,3.0 85.384635,21.952201666666667,3.0 85.384635,21.952201666666667,3.0 85.38463666666667,21.952201666666667,3.0 85.38463666666667,21.952201666666667,3.0 85.38463666666667,21.952201666666667,3.0</coordinates>
                    </LineString>
                </Placemark>
                <Placemark id="2451">
                    <name>August 8 — N10706_P0_Flat235</name>
                    <description>Shift: August 8 — N10706
Type: Plan Path
Length: 0.6 m</description>
                    <styleUrl>#1970</styleUrl>
                    <LineString id="2450">
                        <altitudeMode>relativeToGround</altitudeMode>
                        <coordinates>85.38464,21.952205,3.0 85.38463833333333,21.95221,3.0</coordinates>
                    </LineString>
                </Placemark>
                <Placemark id="2455">
                    <name>August 8 — N10706_P0_Flat237</name>
                    <description>Shift: August 8 — N10706
Type: Plan Path
Length: 0.7 m</description>
                    <styleUrl>#1970</styleUrl>
                    <LineString id="2454">
                        <altitudeMode>relativeToGround</altitudeMode>
                        <coordinates>85.38462166666666,21.95223,3.0 85.38461833333334,21.952235,3.0</coordinates>
                    </LineString>
                </Placemark>
                <Placemark id="2459">
                    <name>August 8 — N10706_P0_Flat239</name>
                    <description>Shift: August 8 — N10706
Type: Plan Path
Length: 2.2 m</description>
                    <styleUrl>#1970</styleUrl>
                    <LineString id="2458">
                        <altitudeMode>relativeToGround</altitudeMode>
                        <coordinates>85.38459833333333,21.952245,3.0 85.38458833333334,21.952248333333333,3.0 85.38457833333334,21.952251666666665,3.0</coordinates>
                    </LineString>
                </Placemark>
                <Placemark id="2463">
                    <name>August 8 — N10706_P0_Flat241</name>
                    <description>Shift: August 8 — N10706
Type: Plan Path
Length: 4.0 m</description>
                    <styleUrl>#1970</styleUrl>
                    <LineString id="2462">
                        <altitudeMode>relativeToGround</altitudeMode>
                        <coordinates>85.384385,21.952296666666665,3.0 85.38436666666666,21.952296666666665,3.0 85.38434666666667,21.952295,3.0</coordinates>
                    </LineString>
                </Placemark>
                <Placemark id="2467">
                    <name>August 8 — N10706_P0_Flat243</name>
                    <description>Shift: August 8 — N10706
Type: Plan Path
Length: 1.5 m</description>
                    <styleUrl>#1970</styleUrl>
                    <LineString id="2466">
                        <altitudeMode>relativeToGround</altitudeMode>
                        <coordinates>85.38431333333334,21.952293333333333,3.0 85.38429833333333,21.952293333333333,3.0</coordinates>
                    </LineString>
                </Placemark>
                <Placemark id="2471">
                    <name>August 8 — N10706_P0_Flat245</name>
                    <description>Shift: August 8 — N10706
Type: Plan Path
Length: 1.4 m</description>
                    <styleUrl>#1970</styleUrl>
                    <LineString id="2470">
                        <altitudeMode>relativeToGround</altitudeMode>
                        <coordinates>85.38427,21.952293333333333,3.0 85.38425666666667,21.952293333333333,3.0</coordinates>
                    </LineString>
                </Placemark>
                <Placemark id="2475">
                    <name>August 8 — N10706_P0_Flat247</name>
                    <description>Shift: August 8 — N10706
Type: Plan Path
Length: 2.9 m</description>
                    <styleUrl>#1970</styleUrl>
                    <LineString id="2474">
                        <altitudeMode>relativeToGround</altitudeMode>
                        <coordinates>85.38417,21.952311666666667,3.0 85.38414333333333,21.95232,3.0</coordinates>
                    </LineString>
                </Placemark>
                <Placemark id="2479">
                    <name>August 8 — N10706_P0_Flat249</name>
                    <description>Shift: August 8 — N10706
Type: Plan Path
Length: 2.8 m</description>
                    <styleUrl>#1970</styleUrl>
                    <LineString id="2478">
                        <altitudeMode>relativeToGround</altitudeMode>
                        <coordinates>85.38409,21.95234333333333,3.0 85.38406666666667,21.952356666666667,3.0</coordinates>
                    </LineString>
                </Placemark>
                <Placemark id="2483">
                    <name>August 8 — N10706_P0_Flat251</name>
                    <description>Shift: August 8 — N10706
Type: Plan Path
Length: 22.6 m</description>
                    <styleUrl>#1970</styleUrl>
                    <LineString id="2482">
                        <altitudeMode>relativeToGround</altitudeMode>
                        <coordinates>85.38402333333333,21.952791666666666,3.0 85.384065,21.952821666666665,3.0 85.38410833333333,21.952851666666668,3.0 85.38415,21.952885,3.0 85.38419166666667,21.95292166666667,3.0</coordinates>
                    </LineString>
                </Placemark>
                <Placemark id="2487">
                    <name>August 8 — N10706_P0_Flat253</name>
                    <description>Shift: August 8 — N10706
Type: Plan Path
Length: 0.0 m</description>
                    <styleUrl>#1970</styleUrl>
                    <LineString id="2486">
                        <altitudeMode>relativeToGround</altitudeMode>
                        <coordinates>85.384395,21.953101666666665,3.0 85.384395,21.953101666666665,3.0</coordinates>
                    </LineString>
                </Placemark>
                <Placemark id="2491">
                    <name>August 8 — N10706_P0_Flat255</name>
                    <description>Shift: August 8 — N10706
Type: Plan Path
Length: 0.0 m</description>
                    <styleUrl>#1970</styleUrl>
                    <LineString id="2490">
                        <altitudeMode>relativeToGround</altitudeMode>
                        <coordinates>85.38472333333333,21.953325,3.0 85.38472333333333,21.953325,3.0</coordinates>
                    </LineString>
                </Placemark>
                <Placemark id="2495">
                    <name>August 8 — N10706_P0_Flat257</name>
                    <description>Shift: August 8 — N10706
Type: Plan Path
Length: 12.9 m</description>
                    <styleUrl>#1970</styleUrl>
                    <LineString id="2494">
                        <altitudeMode>relativeToGround</altitudeMode>
                        <coordinates>85.38509,21.953403333333334,3.0 85.38509,21.953403333333334,3.0 85.38521,21.953371666666666,3.0</coordinates>
                    </LineString>
                </Placemark>
                <Placemark id="2499">
                    <name>August 8 — N10706_P0_Flat259</name>
                    <description>Shift: August 8 — N10706
Type: Plan Path
Length: 0.0 m</description>
                    <styleUrl>#1970</styleUrl>
                    <LineString id="2498">
                        <altitudeMode>relativeToGround</altitudeMode>
                        <coordinates>85.38538,21.953293333333335,3.0 85.38538,21.953293333333335,3.0</coordinates>
                    </LineString>
                </Placemark>
                <Placemark id="2503">
                    <name>August 8 — N10706_P0_Flat261</name>
                    <description>Shift: August 8 — N10706
Type: Plan Path
Length: 13.7 m</description>
                    <styleUrl>#1970</styleUrl>
                    <LineString id="2502">
                        <altitudeMode>relativeToGround</altitudeMode>
                        <coordinates>85.38565333333334,21.953153333333333,3.0 85.38565333333334,21.953153333333333,3.0 85.385765,21.953086666666668,3.0</coordinates>
                    </LineString>
                </Placemark>
                <Placemark id="2507">
                    <name>August 8 — N10706_P0_Flat263</name>
                    <description>Shift: August 8 — N10706
Type: Plan Path
Length: 60.3 m</description>
                    <styleUrl>#1970</styleUrl>
                    <LineString id="2506">
                        <altitudeMode>relativeToGround</altitudeMode>
                        <coordinates>85.386,21.952756666666666,3.0 85.386,21.952756666666666,3.0 85.38599333333333,21.952645,3.0 85.38597666666666,21.952583333333333,3.0 85.38595333333333,21.952518333333334,3.0 85.385925,21.95245166666667,3.0 85.385895,21.952383333333334,3.0 85.38586166666667,21.952313333333333,3.0 85.385825,21.952245,3.0</coordinates>
                    </LineString>
                </Placemark>
                <Placemark id="2511">
                    <name>August 8 — N10706_P0_Flat265</name>
                    <description>Shift: August 8 — N10706
Type: Plan Path
Length: 0.0 m</description>
                    <styleUrl>#1970</styleUrl>
                    <LineString id="2510">
                        <altitudeMode>relativeToGround</altitudeMode>
                        <coordinates>85.38661666666667,21.95031,3.0 85.38661666666667,21.95031,3.0</coordinates>
                    </LineString>
                </Placemark>
                <Placemark id="2515">
                    <name>August 8 — N10706_P0_Flat267</name>
                    <description>Shift: August 8 — N10706
Type: Plan Path
Length: 20.6 m</description>
                    <styleUrl>#1970</styleUrl>
                    <LineString id="2514">
                        <altitudeMode>relativeToGround</altitudeMode>
                        <coordinates>85.38704333333334,21.95029,3.0 85.38712333333334,21.950296666666667,3.0 85.38719,21.950308333333332,3.0 85.38723833333333,21.950325,3.0</coordinates>
                    </LineString>
                </Placemark>
                <Placemark id="2519">
                    <name>August 8 — N10706_P0_Flat269</name>
                    <description>Shift: August 8 — N10706
Type: Plan Path
Length: 4.8 m</description>
                    <styleUrl>#1970</styleUrl>
                    <LineString id="2518">
                        <altitudeMode>relativeToGround</altitudeMode>
                        <coordinates>85.38750333333333,21.950311666666668,3.0 85.38749166666666,21.95027,3.0</coordinates>
                    </LineString>
                </Placemark>
                <Placemark id="2523">
                    <name>August 8 — N10706_P0_Flat271</name>
                    <description>Shift: August 8 — N10706
Type: Plan Path
Length: 25.1 m</description>
                    <styleUrl>#1970</styleUrl>
                    <LineString id="2522">
                        <altitudeMode>relativeToGround</altitudeMode>
                        <coordinates>85.38692,21.949761666666667,3.0 85.38685833333334,21.949711666666666,3.0 85.38679833333333,21.949661666666668,3.0 85.38673833333333,21.949611666666666,3.0</coordinates>
                    </LineString>
                </Placemark>
                <Placemark id="2527">
                    <name>August 8 — N10706_P0_Flat273</name>
                    <description>Shift: August 8 — N10706
Type: Plan Path
Length: 8.3 m</description>
                    <styleUrl>#1970</styleUrl>
                    <LineString id="2526">
                        <altitudeMode>relativeToGround</altitudeMode>
                        <coordinates>85.386075,21.948858333333334,3.0 85.386025,21.9488,3.0</coordinates>
                    </LineString>
                </Placemark>
                <Placemark id="2531">
                    <name>August 8 — N10706_P0_Flat275</name>
                    <description>Shift: August 8 — N10706
Type: Plan Path
Length: 20.7 m</description>
                    <styleUrl>#1970</styleUrl>
                    <LineString id="2530">
                        <altitudeMode>relativeToGround</altitudeMode>
                        <coordinates>85.38555166666667,21.948015,3.0 85.38552333333334,21.947958333333332,3.0 85.38549666666667,21.947905,3.0 85.38546666666667,21.947846666666667,3.0</coordinates>
                    </LineString>
                </Placemark>
                <Placemark id="2535">
                    <name>August 8 — N10706_P0_Flat277</name>
                    <description>Shift: August 8 — N10706
Type: Plan Path
Length: 41.9 m</description>
                    <styleUrl>#1970</styleUrl>
                    <LineString id="2534">
                        <altitudeMode>relativeToGround</altitudeMode>
                        <coordinates>85.38540666666667,21.947721666666666,3.0 85.385375,21.947653333333335,3.0 85.385315,21.947513333333333,3.0 85.385315,21.947513333333333,3.0 85.38525666666666,21.947371666666665,3.0</coordinates>
                    </LineString>
                </Placemark>
                <Placemark id="2539">
                    <name>August 8 — N10706_P0_Flat279</name>
                    <description>Shift: August 8 — N10706
Type: Plan Path
Length: 66.4 m</description>
                    <styleUrl>#1970</styleUrl>
                    <LineString id="2538">
                        <altitudeMode>relativeToGround</altitudeMode>
                        <coordinates>85.3852,21.947233333333333,3.0 85.3852,21.947233333333333,3.0 85.38516833333334,21.947165,3.0 85.38510333333333,21.947028333333332,3.0 85.38507333333334,21.946956666666665,3.0 85.38504833333333,21.946886666666668,3.0 85.38502333333334,21.946813333333335,3.0 85.38502333333334,21.946813333333335,3.0 85.38498666666666,21.946671666666667,3.0</coordinates>
                    </LineString>
                </Placemark>
                <Placemark id="2543">
                    <name>August 8 — N10706_P0_Flat281</name>
                    <description>Shift: August 8 — N10706
Type: Plan Path
Length: 18.3 m</description>
                    <styleUrl>#1970</styleUrl>
                    <LineString id="2542">
                        <altitudeMode>relativeToGround</altitudeMode>
                        <coordinates>85.38494666666666,21.946536666666667,3.0 85.38492666666667,21.946475,3.0 85.38492666666667,21.946475,3.0 85.38488333333333,21.946383333333333,3.0</coordinates>
                    </LineString>
                </Placemark>
                <Placemark id="2547">
                    <name>August 8 — N10706_P0_Flat283</name>
                    <description>Shift: August 8 — N10706
Type: Plan Path
Length: 10.2 m</description>
                    <styleUrl>#1970</styleUrl>
                    <LineString id="2546">
                        <altitudeMode>relativeToGround</altitudeMode>
                        <coordinates>85.38477666666667,21.946316666666668,3.0 85.38477666666667,21.946316666666668,3.0 85.38468666666667,21.946355,3.0</coordinates>
                    </LineString>
                </Placemark>
                <Placemark id="2551">
                    <name>August 8 — N10706_P0_Flat285</name>
                    <description>Shift: August 8 — N10706
Type: Plan Path
Length: 40.7 m</description>
                    <styleUrl>#1970</styleUrl>
                    <LineString id="2550">
                        <altitudeMode>relativeToGround</altitudeMode>
                        <coordinates>85.38464333333333,21.946395,3.0 85.38460666666667,21.946443333333335,3.0 85.38457666666666,21.946493333333333,3.0 85.38457666666666,21.946493333333333,3.0 85.38449,21.946581666666667,3.0 85.38443833333334,21.946625,3.0 85.38438333333333,21.946666666666665,3.0</coordinates>
                    </LineString>
                </Placemark>
                <Placemark id="2555">
                    <name>August 8 — N10706_P0_Flat287</name>
                    <description>Shift: August 8 — N10706
Type: Plan Path
Length: 17.4 m</description>
                    <styleUrl>#1970</styleUrl>
                    <LineString id="2554">
                        <altitudeMode>relativeToGround</altitudeMode>
                        <coordinates>85.38421833333334,21.946785,3.0 85.38416833333333,21.946821666666665,3.0 85.384125,21.946855,3.0 85.38408833333334,21.946885,3.0</coordinates>
                    </LineString>
                </Placemark>
                <Placemark id="2559">
                    <name>August 8 — N10706_P0_Flat289</name>
                    <description>Shift: August 8 — N10706
Type: Plan Path
Length: 0.3 m</description>
                    <styleUrl>#1970</styleUrl>
                    <LineString id="2558">
                        <altitudeMode>relativeToGround</altitudeMode>
                        <coordinates>85.38403166666667,21.946925,3.0 85.38403,21.946925,3.0 85.38403,21.946925,3.0 85.38403,21.946925,3.0 85.38403,21.946925,3.0 85.38402833333333,21.946925,3.0 85.38402833333333,21.946925,3.0</coordinates>
                    </LineString>
                </Placemark>
                <Placemark id="2563">
                    <name>August 8 — N10706_P0_Flat291</name>
                    <description>Shift: August 8 — N10706
Type: Plan Path
Length: 0.0 m</description>
                    <styleUrl>#1970</styleUrl>
                    <LineString id="2562">
                        <altitudeMode>relativeToGround</altitudeMode>
                        <coordinates>85.38402833333333,21.946926666666666,3.0 85.38402833333333,21.946926666666666,3.0 85.38402833333333,21.946926666666666,3.0 85.38402833333333,21.946926666666666,3.0 85.38402833333333,21.946926666666666,3.0 85.38402833333333,21.946926666666666,3.0 85.38402833333333,21.946926666666666,3.0 85.38402833333333,21.946926666666666,3.0 85.38402833333333,21.946926666666666,3.0 85.38402833333333,21.946926666666666,3.0 85.38402833333333,21.946926666666666,3.0</coordinates>
                    </LineString>
                </Placemark>
                <Placemark id="2567">
                    <name>August 8 — N10706_P0_Flat293</name>
                    <description>Shift: August 8 — N10706
Type: Plan Path
Length: 0.0 m</description>
                    <styleUrl>#1970</styleUrl>
                    <LineString id="2566">
                        <altitudeMode>relativeToGround</altitudeMode>
                        <coordinates>85.38402666666667,21.946928333333332,3.0 85.38402666666667,21.946928333333332,3.0 85.38402666666667,21.946928333333332,3.0 85.38402666666667,21.946928333333332,3.0 85.38402666666667,21.946928333333332,3.0 85.38402666666667,21.946928333333332,3.0 85.38402666666667,21.946928333333332,3.0 85.38402666666667,21.946928333333332,3.0 85.38402666666667,21.946928333333332,3.0 85.38402666666667,21.946928333333332,3.0 85.38402666666667,21.946928333333332,3.0</coordinates>
                    </LineString>
                </Placemark>
                <Placemark id="2571">
                    <name>August 8 — N10706_P0_Flat295</name>
                    <description>Shift: August 8 — N10706
Type: Plan Path
Length: 0.0 m</description>
                    <styleUrl>#1970</styleUrl>
                    <LineString id="2570">
                        <altitudeMode>relativeToGround</altitudeMode>
                        <coordinates>85.383695,21.946953333333333,3.0 85.383695,21.946953333333333,3.0 85.383695,21.946953333333333,3.0</coordinates>
                    </LineString>
                </Placemark>
                <Placemark id="2575">
                    <name>August 8 — N10706_P0_Flat297</name>
                    <description>Shift: August 8 — N10706
Type: Plan Path
Length: 0.7 m</description>
                    <styleUrl>#1970</styleUrl>
                    <LineString id="2574">
                        <altitudeMode>relativeToGround</altitudeMode>
                        <coordinates>85.38369333333333,21.946953333333333,3.0 85.38369333333333,21.946953333333333,3.0 85.38369333333333,21.946953333333333,3.0 85.38369333333333,21.946953333333333,3.0 85.38369333333333,21.946953333333333,3.0 85.38369333333333,21.946953333333333,3.0 85.38369333333333,21.946953333333333,3.0 85.38369333333333,21.946953333333333,3.0 85.38369166666666,21.946953333333333,3.0 85.38369166666666,21.946953333333333,3.0 85.38369166666666,21.946953333333333,3.0 85.38369166666666,21.946953333333333,3.0 85.38369166666666,21.946953333333333,3.0 85.38369166666666,21.946953333333333,3.0 85.38369166666666,21.946953333333333,3.0 85.38369166666666,21.946953333333333,3.0 85.38369166666666,21.946953333333333,3.0 85.38369,21.946953333333333,3.0 85.38369,21.946953333333333,3.0 85.38369,21.946953333333333,3.0 85.38369,21.946953333333333,3.0 85.38369,21.946953333333333,3.0 85.38369,21.946953333333333,3.0 85.38369,21.946953333333333,3.0 85.38368833333334,21.946953333333333,3.0 85.38368833333334,21.946953333333333,3.0 85.38368833333334,21.946953333333333,3.0 85.38368833333334,21.946953333333333,3.0 85.38368833333334,21.946953333333333,3.0 85.38368833333334,21.946953333333333,3.0 85.38368833333334,21.946953333333333,3.0 85.38368666666666,21.946953333333333,3.0</coordinates>
                    </LineString>
                </Placemark>
                <Placemark id="2579">
                    <name>August 8 — N10706_P0_Flat299</name>
                    <description>Shift: August 8 — N10706
Type: Plan Path
Length: 0.2 m</description>
                    <styleUrl>#1970</styleUrl>
                    <LineString id="2578">
                        <altitudeMode>relativeToGround</altitudeMode>
                        <coordinates>85.38368166666666,21.946955,3.0 85.38368166666666,21.946955,3.0 85.38368166666666,21.946955,3.0 85.38368166666666,21.946955,3.0 85.38368,21.946955,3.0</coordinates>
                    </LineString>
                </Placemark>
                <Placemark id="2583">
                    <name>August 8 — N10706_P0_Flat301</name>
                    <description>Shift: August 8 — N10706
Type: Plan Path
Length: 0.2 m</description>
                    <styleUrl>#1970</styleUrl>
                    <LineString id="2582">
                        <altitudeMode>relativeToGround</altitudeMode>
                        <coordinates>85.38368,21.946956666666665,3.0 85.38368,21.946956666666665,3.0 85.38368,21.946956666666665,3.0 85.38368,21.946956666666665,3.0 85.38368,21.946956666666665,3.0 85.38368,21.946956666666665,3.0 85.38368,21.946956666666665,3.0 85.38367833333334,21.946956666666665,3.0 85.38367833333334,21.946956666666665,3.0 85.38367833333334,21.946956666666665,3.0 85.38367833333334,21.946956666666665,3.0 85.38367833333334,21.946956666666665,3.0 85.38367833333334,21.946956666666665,3.0 85.38367833333334,21.946956666666665,3.0 85.38367833333334,21.946956666666665,3.0</coordinates>
                    </LineString>
                </Placemark>
                <Placemark id="2587">
                    <name>August 8 — N10706_P0_Flat303</name>
                    <description>Shift: August 8 — N10706
Type: Plan Path
Length: 1.6 m</description>
                    <styleUrl>#1970</styleUrl>
                    <LineString id="2586">
                        <altitudeMode>relativeToGround</altitudeMode>
                        <coordinates>85.38367666666667,21.946956666666665,3.0 85.38367666666667,21.946956666666665,3.0 85.38367666666667,21.946956666666665,3.0 85.38367666666667,21.946956666666665,3.0 85.38367666666667,21.946956666666665,3.0 85.383675,21.946956666666665,3.0 85.383675,21.946956666666665,3.0 85.383675,21.946956666666665,3.0 85.383675,21.946956666666665,3.0 85.383675,21.946956666666665,3.0 85.383675,21.946956666666665,3.0 85.38367333333333,21.946956666666665,3.0 85.38367333333333,21.946956666666665,3.0 85.38367333333333,21.946956666666665,3.0 85.38367333333333,21.946956666666665,3.0 85.38367166666667,21.946958333333335,3.0 85.38367166666667,21.946958333333335,3.0 85.38367166666667,21.946958333333335,3.0 85.38367166666667,21.946958333333335,3.0 85.38367166666667,21.946958333333335,3.0 85.38367,21.946958333333335,3.0 85.38367,21.946958333333335,3.0 85.38367,21.946958333333335,3.0 85.38367,21.946958333333335,3.0 85.38367,21.946958333333335,3.0 85.38367,21.946958333333335,3.0 85.38367,21.946958333333335,3.0 85.38367,21.946958333333335,3.0 85.38367,21.946958333333335,3.0 85.38366833333333,21.946958333333335,3.0 85.38366833333333,21.946958333333335,3.0 85.38366833333333,21.946958333333335,3.0 85.38366833333333,21.946958333333335,3.0 85.38366833333333,21.946958333333335,3.0 85.38366833333333,21.946958333333335,3.0 85.38366833333333,21.946958333333335,3.0 85.38366833333333,21.946958333333335,3.0 85.38366833333333,21.946958333333335,3.0 85.38366666666667,21.946958333333335,3.0 85.38366666666667,21.946958333333335,3.0 85.38366666666667,21.946958333333335,3.0 85.38366666666667,21.946958333333335,3.0 85.38366666666667,21.946958333333335,3.0 85.38366666666667,21.946958333333335,3.0 85.38366666666667,21.946958333333335,3.0 85.38366666666667,21.946958333333335,3.0 85.38366666666667,21.946958333333335,3.0 85.38366666666667,21.946958333333335,3.0 85.38366666666667,21.946958333333335,3.0 85.38366666666667,21.946958333333335,3.0 85.38366666666667,21.946958333333335,3.0 85.383665,21.946958333333335,3.0 85.383665,21.946958333333335,3.0 85.383665,21.946958333333335,3.0 85.383665,21.946958333333335,3.0 85.383665,21.946958333333335,3.0 85.383665,21.946958333333335,3.0 85.383665,21.946958333333335,3.0 85.383665,21.946958333333335,3.0 85.383665,21.946958333333335,3.0 85.383665,21.946958333333335,3.0 85.383665,21.946958333333335,3.0 85.383665,21.946958333333335,3.0 85.383665,21.946958333333335,3.0 85.383665,21.946958333333335,3.0 85.383665,21.946958333333335,3.0 85.383665,21.946958333333335,3.0 85.383665,21.946958333333335,3.0 85.383665,21.946958333333335,3.0 85.383665,21.946958333333335,3.0 85.383665,21.946958333333335,3.0 85.383665,21.946958333333335,3.0 85.38366333333333,21.946958333333335,3.0 85.38366333333333,21.946958333333335,3.0 85.38366333333333,21.946958333333335,3.0 85.38366333333333,21.946958333333335,3.0 85.38366333333333,21.946958333333335,3.0 85.38366333333333,21.946958333333335,3.0 85.38366333333333,21.946958333333335,3.0 85.38366333333333,21.946958333333335,3.0 85.38366333333333,21.946958333333335,3.0 85.38366333333333,21.946958333333335,3.0 85.38366333333333,21.946958333333335,3.0 85.38366333333333,21.946958333333335,3.0 85.38366166666667,21.946958333333335,3.0 85.38366166666667,21.946958333333335,3.0 85.38366166666667,21.946958333333335,3.0 85.38366166666667,21.946958333333335,3.0 85.38366166666667,21.946958333333335,3.0 85.38366166666667,21.946958333333335,3.0 85.38366166666667,21.946958333333335,3.0 85.38366166666667,21.946958333333335,3.0 85.38366166666667,21.946958333333335,3.0 85.38366166666667,21.946958333333335,3.0 85.38366166666667,21.946958333333335,3.0 85.38366166666667,21.946958333333335,3.0 85.38366166666667,21.946958333333335,3.0 85.38366166666667,21.946958333333335,3.0 85.38366166666667,21.946958333333335,3.0</coordinates>
                    </LineString>
                </Placemark>
                <Placemark id="2591">
                    <name>August 8 — N10706_P0_Flat305</name>
                    <description>Shift: August 8 — N10706
Type: Plan Path
Length: 0.5 m</description>
                    <styleUrl>#1970</styleUrl>
                    <LineString id="2590">
                        <altitudeMode>relativeToGround</altitudeMode>
                        <coordinates>85.38366166666667,21.94696,3.0 85.38366166666667,21.94696,3.0 85.38366166666667,21.94696,3.0 85.38366166666667,21.94696,3.0 85.38366166666667,21.94696,3.0 85.38366,21.94696,3.0 85.38366,21.94696,3.0 85.38366,21.94696,3.0 85.38366,21.94696,3.0 85.38366,21.94696,3.0 85.38366,21.94696,3.0 85.38366,21.94696,3.0 85.38366,21.94696,3.0 85.38366,21.94696,3.0 85.38366,21.94696,3.0 85.38365833333333,21.94696,3.0 85.38365833333333,21.94696,3.0 85.38365833333333,21.94696,3.0 85.38365833333333,21.94696,3.0 85.38365833333333,21.94696,3.0 85.38365833333333,21.94696,3.0 85.38365833333333,21.94696,3.0 85.38365833333333,21.94696,3.0 85.38365833333333,21.94696,3.0 85.38365833333333,21.94696,3.0 85.38365833333333,21.94696,3.0 85.38365833333333,21.94696,3.0 85.38365833333333,21.94696,3.0 85.38365833333333,21.94696,3.0 85.38365833333333,21.94696,3.0 85.38365833333333,21.94696,3.0 85.38365833333333,21.94696,3.0 85.38365833333333,21.94696,3.0 85.38365666666667,21.94696,3.0 85.38365666666667,21.94696,3.0 85.38365666666667,21.94696,3.0 85.38365666666667,21.94696,3.0 85.38365666666667,21.94696,3.0 85.38365666666667,21.94696,3.0 85.38365666666667,21.94696,3.0 85.38365666666667,21.94696,3.0 85.38365666666667,21.94696,3.0 85.38365666666667,21.94696,3.0 85.38365666666667,21.94696,3.0 85.38365666666667,21.94696,3.0 85.38365666666667,21.94696,3.0 85.38365666666667,21.94696,3.0 85.38365666666667,21.94696,3.0 85.38365666666667,21.94696,3.0 85.38365666666667,21.94696,3.0 85.38365666666667,21.94696,3.0 85.38365666666667,21.94696,3.0 85.38365666666667,21.94696,3.0</coordinates>
                    </LineString>
                </Placemark>
                <Placemark id="2595">
                    <name>August 8 — N10706_P0_Flat307</name>
                    <description>Shift: August 8 — N10706
Type: Plan Path
Length: 0.7 m</description>
                    <styleUrl>#1970</styleUrl>
                    <LineString id="2594">
                        <altitudeMode>relativeToGround</altitudeMode>
                        <coordinates>85.383655,21.94696,3.0 85.383655,21.94696,3.0 85.383655,21.94696,3.0 85.383655,21.94696,3.0 85.383655,21.94696,3.0 85.383655,21.94696,3.0 85.383655,21.94696,3.0 85.383655,21.94696,3.0 85.383655,21.94696,3.0 85.383655,21.94696,3.0 85.383655,21.94696,3.0 85.383655,21.94696,3.0 85.383655,21.94696,3.0 85.383655,21.94696,3.0 85.383655,21.94696,3.0 85.383655,21.94696,3.0 85.383655,21.94696,3.0 85.38365333333333,21.94696,3.0 85.38365333333333,21.94696,3.0 85.38365333333333,21.94696,3.0 85.38365333333333,21.94696,3.0 85.38365333333333,21.94696,3.0 85.38365333333333,21.94696,3.0 85.38365333333333,21.94696,3.0 85.38365333333333,21.94696,3.0 85.38365333333333,21.94696,3.0 85.38365333333333,21.94696,3.0 85.38365333333333,21.94696,3.0 85.38365333333333,21.94696,3.0 85.38365333333333,21.94696,3.0 85.38365166666667,21.94696,3.0 85.38365166666667,21.94696,3.0 85.38365166666667,21.94696,3.0 85.38365166666667,21.94696,3.0 85.38365166666667,21.94696,3.0 85.38365166666667,21.94696,3.0 85.38365166666667,21.94696,3.0 85.38365,21.94696,3.0 85.38365,21.94696,3.0 85.38365,21.94696,3.0 85.38365,21.94696,3.0 85.38365,21.94696,3.0 85.38365,21.94696,3.0 85.38365,21.94696,3.0 85.38364833333333,21.94696,3.0 85.38364833333333,21.94696,3.0 85.38364833333333,21.94696,3.0 85.38364833333333,21.94696,3.0 85.38364833333333,21.94696,3.0 85.38364833333333,21.94696,3.0 85.38364833333333,21.94696,3.0 85.38364833333333,21.94696,3.0 85.38364833333333,21.94696,3.0 85.38364833333333,21.94696,3.0 85.38364833333333,21.94696,3.0 85.38364833333333,21.94696,3.0 85.38364833333333,21.94696,3.0 85.38364833333333,21.94696,3.0 85.38364833333333,21.94696,3.0 85.38364833333333,21.94696,3.0</coordinates>
                    </LineString>
                </Placemark>
                <Placemark id="2599">
                    <name>August 8 — N10706_P0_Flat309</name>
                    <description>Shift: August 8 — N10706
Type: Plan Path
Length: 0.0 m</description>
                    <styleUrl>#1970</styleUrl>
                    <LineString id="2598">
                        <altitudeMode>relativeToGround</altitudeMode>
                        <coordinates>85.38364,21.94696,3.0 85.38364,21.94696,3.0 85.38364,21.94696,3.0 85.38364,21.94696,3.0</coordinates>
                    </LineString>
                </Placemark>
                <Placemark id="2603">
                    <name>August 8 — N10706_P0_Flat311</name>
                    <description>Shift: August 8 — N10706
Type: Plan Path
Length: 0.3 m</description>
                    <styleUrl>#1970</styleUrl>
                    <LineString id="2602">
                        <altitudeMode>relativeToGround</altitudeMode>
                        <coordinates>85.38349833333334,21.946975,3.0 85.38349666666667,21.946973333333332,3.0 85.38349666666667,21.946973333333332,3.0 85.38349666666667,21.946973333333332,3.0 85.38349666666667,21.946973333333332,3.0 85.38349666666667,21.946973333333332,3.0 85.38349666666667,21.946973333333332,3.0 85.38349666666667,21.946973333333332,3.0 85.38349666666667,21.946973333333332,3.0 85.38349666666667,21.946973333333332,3.0 85.38349666666667,21.946973333333332,3.0 85.38349666666667,21.946973333333332,3.0 85.38349666666667,21.946973333333332,3.0 85.38349666666667,21.946973333333332,3.0 85.38349666666667,21.946973333333332,3.0 85.38349666666667,21.946973333333332,3.0 85.38349666666667,21.946973333333332,3.0 85.38349666666667,21.946973333333332,3.0 85.38349666666667,21.946973333333332,3.0</coordinates>
                    </LineString>
                </Placemark>
                <Placemark id="2607">
                    <name>August 8 — N10706_P0_Flat313</name>
                    <description>Shift: August 8 — N10706
Type: Plan Path
Length: 0.0 m</description>
                    <styleUrl>#1970</styleUrl>
                    <LineString id="2606">
                        <altitudeMode>relativeToGround</altitudeMode>
                        <coordinates>85.383485,21.946971666666666,3.0 85.383485,21.946971666666666,3.0</coordinates>
                    </LineString>
                </Placemark>
                <Placemark id="2611">
                    <name>August 8 — N10706_P0_Flat315</name>
                    <description>Shift: August 8 — N10706
Type: Plan Path
Length: 6.0 m</description>
                    <styleUrl>#1970</styleUrl>
                    <LineString id="2610">
                        <altitudeMode>relativeToGround</altitudeMode>
                        <coordinates>85.383425,21.94698,3.0 85.38339666666667,21.947026666666666,3.0 85.38339666666667,21.947026666666666,3.0</coordinates>
                    </LineString>
                </Placemark>
                <Placemark id="2615">
                    <name>August 8 — N10706_P0_Flat317</name>
                    <description>Shift: August 8 — N10706
Type: Plan Path
Length: 0.0 m</description>
                    <styleUrl>#1970</styleUrl>
                    <LineString id="2614">
                        <altitudeMode>relativeToGround</altitudeMode>
                        <coordinates>85.383465,21.947148333333335,3.0 85.383465,21.947148333333335,3.0</coordinates>
                    </LineString>
                </Placemark>
                <Placemark id="2619">
                    <name>August 8 — N10706_P0_Flat319</name>
                    <description>Shift: August 8 — N10706
Type: Plan Path
Length: 0.0 m</description>
                    <styleUrl>#1970</styleUrl>
                    <LineString id="2618">
                        <altitudeMode>relativeToGround</altitudeMode>
                        <coordinates>85.38349333333333,21.947138333333335,3.0 85.38349333333333,21.947138333333335,3.0</coordinates>
                    </LineString>
                </Placemark>
                <Placemark id="2623">
                    <name>August 8 — N10706_P0_Flat321</name>
                    <description>Shift: August 8 — N10706
Type: Plan Path
Length: 0.0 m</description>
                    <styleUrl>#1970</styleUrl>
                    <LineString id="2622">
                        <altitudeMode>relativeToGround</altitudeMode>
                        <coordinates>85.38336666666666,21.946985,3.0 85.38336666666666,21.946985,3.0</coordinates>
                    </LineString>
                </Placemark>
                <Placemark id="2627">
                    <name>August 8 — N10706_P0_Flat323</name>
                    <description>Shift: August 8 — N10706
Type: Plan Path
Length: 0.0 m</description>
                    <styleUrl>#1970</styleUrl>
                    <LineString id="2626">
                        <altitudeMode>relativeToGround</altitudeMode>
                        <coordinates>85.38333666666666,21.946958333333335,3.0 85.38333666666666,21.946958333333335,3.0 85.38333666666666,21.946958333333335,3.0 85.38333666666666,21.946958333333335,3.0 85.38333666666666,21.946958333333335,3.0 85.38333666666666,21.946958333333335,3.0 85.38333666666666,21.946958333333335,3.0 85.38333666666666,21.946958333333335,3.0 85.38333666666666,21.946958333333335,3.0 85.38333666666666,21.946958333333335,3.0 85.38333666666666,21.946958333333335,3.0</coordinates>
                    </LineString>
                </Placemark>
                <Placemark id="2631">
                    <name>August 8 — N10706_P0_Flat325</name>
                    <description>Shift: August 8 — N10706
Type: Plan Path
Length: 0.0 m</description>
                    <styleUrl>#1970</styleUrl>
                    <LineString id="2630">
                        <altitudeMode>relativeToGround</altitudeMode>
                        <coordinates>85.38333666666666,21.946955,3.0 85.38333666666666,21.946955,3.0</coordinates>
                    </LineString>
                </Placemark>
                <Placemark id="2635">
                    <name>August 8 — N10706_P0_Flat327</name>
                    <description>Shift: August 8 — N10706
Type: Plan Path
Length: 0.0 m</description>
                    <styleUrl>#1970</styleUrl>
                    <LineString id="2634">
                        <altitudeMode>relativeToGround</altitudeMode>
                        <coordinates>85.383335,21.946951666666667,3.0 85.383335,21.946951666666667,3.0 85.383335,21.946951666666667,3.0 85.383335,21.946951666666667,3.0 85.383335,21.946951666666667,3.0 85.383335,21.946951666666667,3.0 85.383335,21.946951666666667,3.0 85.383335,21.946951666666667,3.0 85.383335,21.946951666666667,3.0 85.383335,21.946951666666667,3.0 85.383335,21.946951666666667,3.0 85.383335,21.946951666666667,3.0 85.383335,21.946951666666667,3.0 85.383335,21.946951666666667,3.0 85.383335,21.946951666666667,3.0 85.383335,21.946951666666667,3.0 85.383335,21.946951666666667,3.0 85.383335,21.946951666666667,3.0 85.383335,21.946951666666667,3.0 85.383335,21.946951666666667,3.0 85.383335,21.946951666666667,3.0 85.383335,21.946951666666667,3.0 85.383335,21.946951666666667,3.0 85.383335,21.946951666666667,3.0 85.383335,21.946951666666667,3.0 85.383335,21.946951666666667,3.0 85.383335,21.946951666666667,3.0</coordinates>
                    </LineString>
                </Placemark>
                <Placemark id="2639">
                    <name>August 8 — N10706_P0_Flat329</name>
                    <description>Shift: August 8 — N10706
Type: Plan Path
Length: 0.0 m</description>
                    <styleUrl>#1970</styleUrl>
                    <LineString id="2638">
                        <altitudeMode>relativeToGround</altitudeMode>
                        <coordinates>85.38333666666666,21.94695,3.0 85.38333666666666,21.94695,3.0 85.38333666666666,21.94695,3.0 85.38333666666666,21.94695,3.0 85.38333666666666,21.94695,3.0 85.38333666666666,21.94695,3.0 85.38333666666666,21.94695,3.0 85.38333666666666,21.94695,3.0 85.38333666666666,21.94695,3.0 85.38333666666666,21.94695,3.0 85.38333666666666,21.94695,3.0 85.38333666666666,21.94695,3.0 85.38333666666666,21.94695,3.0 85.38333666666666,21.94695,3.0 85.38333666666666,21.94695,3.0 85.38333666666666,21.94695,3.0 85.38333666666666,21.94695,3.0</coordinates>
                    </LineString>
                </Placemark>
                <Placemark id="2643">
                    <name>August 8 — N10706_P0_Flat331</name>
                    <description>Shift: August 8 — N10706
Type: Plan Path
Length: 0.2 m</description>
                    <styleUrl>#1970</styleUrl>
                    <LineString id="2642">
                        <altitudeMode>relativeToGround</altitudeMode>
                        <coordinates>85.38333833333333,21.94694833333333,3.0 85.38333833333333,21.94694833333333,3.0 85.38333833333333,21.946946666666665,3.0 85.38333833333333,21.946946666666665,3.0 85.38333833333333,21.946946666666665,3.0 85.38333833333333,21.946946666666665,3.0 85.38333833333333,21.946946666666665,3.0</coordinates>
                    </LineString>
                </Placemark>
                <Placemark id="2647">
                    <name>August 8 — N10706_P0_Flat333</name>
                    <description>Shift: August 8 — N10706
Type: Plan Path
Length: 0.2 m</description>
                    <styleUrl>#1970</styleUrl>
                    <LineString id="2646">
                        <altitudeMode>relativeToGround</altitudeMode>
                        <coordinates>85.38334,21.946945,3.0 85.38334,21.946945,3.0 85.38334,21.946945,3.0 85.38334,21.946945,3.0 85.38334,21.946945,3.0 85.38334,21.946945,3.0 85.38334,21.946945,3.0 85.38334,21.946945,3.0 85.38334,21.946945,3.0 85.38334,21.946945,3.0 85.38334,21.946945,3.0 85.38334,21.946945,3.0 85.38334,21.946945,3.0 85.38334,21.946945,3.0 85.38334,21.946945,3.0 85.38334,21.946945,3.0 85.38334,21.946945,3.0 85.38334,21.946945,3.0 85.38334,21.946945,3.0 85.38334,21.946945,3.0 85.38334,21.946945,3.0 85.38334,21.946945,3.0 85.38334,21.946945,3.0 85.38334,21.946945,3.0 85.38334166666667,21.946945,3.0 85.38334166666667,21.946945,3.0 85.38334166666667,21.946945,3.0 85.38334166666667,21.946945,3.0 85.38334166666667,21.946945,3.0 85.38334166666667,21.946945,3.0 85.38334166666667,21.946945,3.0 85.38334166666667,21.946945,3.0 85.38334166666667,21.946945,3.0 85.38334166666667,21.946945,3.0 85.38334166666667,21.946945,3.0 85.38334166666667,21.946945,3.0 85.38334166666667,21.946945,3.0 85.38334166666667,21.946945,3.0 85.38334166666667,21.946945,3.0 85.38334166666667,21.946945,3.0 85.38334166666667,21.946945,3.0 85.38334166666667,21.946945,3.0 85.38334166666667,21.946945,3.0 85.38334166666667,21.946945,3.0 85.38334166666667,21.946945,3.0 85.38334166666667,21.946945,3.0 85.38334166666667,21.946945,3.0 85.38334166666667,21.946945,3.0</coordinates>
                    </LineString>
                </Placemark>
                <Placemark id="2651">
                    <name>August 8 — N10706_P0_Flat335</name>
                    <description>Shift: August 8 — N10706
Type: Plan Path
Length: 0.0 m</description>
                    <styleUrl>#1970</styleUrl>
                    <LineString id="2650">
                        <altitudeMode>relativeToGround</altitudeMode>
                        <coordinates>85.38334333333333,21.946943333333333,3.0 85.38334333333333,21.946943333333333,3.0 85.38334333333333,21.946943333333333,3.0 85.38334333333333,21.946943333333333,3.0 85.38334333333333,21.946943333333333,3.0 85.38334333333333,21.946943333333333,3.0 85.38334333333333,21.946943333333333,3.0 85.38334333333333,21.946943333333333,3.0 85.38334333333333,21.946943333333333,3.0 85.38334333333333,21.946943333333333,3.0 85.38334333333333,21.946943333333333,3.0 85.38334333333333,21.946943333333333,3.0 85.38334333333333,21.946943333333333,3.0 85.38334333333333,21.946943333333333,3.0 85.38334333333333,21.946943333333333,3.0 85.38334333333333,21.946943333333333,3.0 85.38334333333333,21.946943333333333,3.0 85.38334333333333,21.946943333333333,3.0 85.38334333333333,21.946943333333333,3.0</coordinates>
                    </LineString>
                </Placemark>
                <Placemark id="2655">
                    <name>August 8 — N10706_P0_Flat337</name>
                    <description>Shift: August 8 — N10706
Type: Plan Path
Length: 0.0 m</description>
                    <styleUrl>#1970</styleUrl>
                    <LineString id="2654">
                        <altitudeMode>relativeToGround</altitudeMode>
                        <coordinates>85.38334333333333,21.946941666666667,3.0 85.38334333333333,21.946941666666667,3.0 85.38334333333333,21.946941666666667,3.0 85.38334333333333,21.946941666666667,3.0 85.38334333333333,21.946941666666667,3.0 85.38334333333333,21.946941666666667,3.0</coordinates>
                    </LineString>
                </Placemark>
                <Placemark id="2659">
                    <name>August 8 — N10706_P0_Flat339</name>
                    <description>Shift: August 8 — N10706
Type: Plan Path
Length: 0.0 m</description>
                    <styleUrl>#1970</styleUrl>
                    <LineString id="2658">
                        <altitudeMode>relativeToGround</altitudeMode>
                        <coordinates>85.38334333333333,21.94694,3.0 85.38334333333333,21.94694,3.0 85.38334333333333,21.94694,3.0 85.38334333333333,21.94694,3.0 85.38334333333333,21.94694,3.0 85.38334333333333,21.94694,3.0 85.38334333333333,21.94694,3.0</coordinates>
                    </LineString>
                </Placemark>
                <Placemark id="2663">
                    <name>August 8 — N10706_P0_Flat341</name>
                    <description>Shift: August 8 — N10706
Type: Plan Path
Length: 0.0 m</description>
                    <styleUrl>#1970</styleUrl>
                    <LineString id="2662">
                        <altitudeMode>relativeToGround</altitudeMode>
                        <coordinates>85.38334333333333,21.946938333333332,3.0 85.38334333333333,21.946938333333332,3.0</coordinates>
                    </LineString>
                </Placemark>
                <Placemark id="2667">
                    <name>August 8 — N10706_P0_Flat343</name>
                    <description>Shift: August 8 — N10706
Type: Plan Path
Length: 0.0 m</description>
                    <styleUrl>#1970</styleUrl>
                    <LineString id="2666">
                        <altitudeMode>relativeToGround</altitudeMode>
                        <coordinates>85.38334166666667,21.946935,3.0 85.38334166666667,21.946935,3.0 85.38334166666667,21.946935,3.0 85.38334166666667,21.946935,3.0 85.38334166666667,21.946935,3.0</coordinates>
                    </LineString>
                </Placemark>
                <Placemark id="2671">
                    <name>August 8 — N10706_P0_Flat345</name>
                    <description>Shift: August 8 — N10706
Type: Plan Path
Length: 0.0 m</description>
                    <styleUrl>#1970</styleUrl>
                    <LineString id="2670">
                        <altitudeMode>relativeToGround</altitudeMode>
                        <coordinates>85.38334166666667,21.946933333333334,3.0 85.38334166666667,21.946933333333334,3.0 85.38334166666667,21.946933333333334,3.0 85.38334166666667,21.946933333333334,3.0 85.38334166666667,21.946933333333334,3.0 85.38334166666667,21.946933333333334,3.0 85.38334166666667,21.946933333333334,3.0 85.38334166666667,21.946933333333334,3.0 85.38334166666667,21.946933333333334,3.0 85.38334166666667,21.946933333333334,3.0 85.38334166666667,21.946933333333334,3.0 85.38334166666667,21.946933333333334,3.0 85.38334166666667,21.946933333333334,3.0 85.38334166666667,21.946933333333334,3.0 85.38334166666667,21.946933333333334,3.0 85.38334166666667,21.946933333333334,3.0 85.38334166666667,21.946933333333334,3.0 85.38334166666667,21.946933333333334,3.0 85.38334166666667,21.946933333333334,3.0 85.38334166666667,21.946933333333334,3.0</coordinates>
                    </LineString>
                </Placemark>
                <Placemark id="2675">
                    <name>August 8 — N10706_P0_Flat347</name>
                    <description>Shift: August 8 — N10706
Type: Plan Path
Length: 0.0 m</description>
                    <styleUrl>#1970</styleUrl>
                    <LineString id="2674">
                        <altitudeMode>relativeToGround</altitudeMode>
                        <coordinates>85.38334166666667,21.946931666666668,3.0 85.38334166666667,21.946931666666668,3.0 85.38334166666667,21.946931666666668,3.0 85.38334166666667,21.946931666666668,3.0 85.38334166666667,21.946931666666668,3.0 85.38334166666667,21.946931666666668,3.0 85.38334166666667,21.946931666666668,3.0 85.38334166666667,21.946931666666668,3.0 85.38334166666667,21.946931666666668,3.0 85.38334166666667,21.946931666666668,3.0 85.38334166666667,21.946931666666668,3.0</coordinates>
                    </LineString>
                </Placemark>
                <Placemark id="2679">
                    <name>August 8 — N10706_P0_Flat349</name>
                    <description>Shift: August 8 — N10706
Type: Plan Path
Length: 0.5 m</description>
                    <styleUrl>#1970</styleUrl>
                    <LineString id="2678">
                        <altitudeMode>relativeToGround</altitudeMode>
                        <coordinates>85.38334,21.946930000000002,3.0 85.38334,21.946930000000002,3.0 85.38334,21.946930000000002,3.0 85.38334,21.946930000000002,3.0 85.38334,21.946930000000002,3.0 85.38334,21.946930000000002,3.0 85.38334,21.946930000000002,3.0 85.38334,21.946930000000002,3.0 85.38334,21.946930000000002,3.0 85.38334,21.946930000000002,3.0 85.38334,21.946930000000002,3.0 85.38334,21.946930000000002,3.0 85.38334,21.946930000000002,3.0 85.38334,21.946930000000002,3.0 85.38334,21.946930000000002,3.0 85.38334,21.946930000000002,3.0 85.38334,21.946930000000002,3.0 85.38334,21.946930000000002,3.0 85.38334,21.946928333333332,3.0 85.38334,21.946928333333332,3.0 85.38334166666667,21.946928333333332,3.0 85.38334166666667,21.946928333333332,3.0 85.38334166666667,21.946928333333332,3.0 85.38334166666667,21.946928333333332,3.0 85.38334166666667,21.946928333333332,3.0 85.38334166666667,21.946928333333332,3.0 85.38334166666667,21.946928333333332,3.0 85.38334166666667,21.946928333333332,3.0 85.38334166666667,21.946928333333332,3.0 85.38334166666667,21.946928333333332,3.0 85.38334166666667,21.946928333333332,3.0 85.38334166666667,21.946928333333332,3.0 85.38334166666667,21.946928333333332,3.0 85.38334166666667,21.946928333333332,3.0 85.38334166666667,21.946928333333332,3.0 85.38334166666667,21.946928333333332,3.0 85.38334166666667,21.946928333333332,3.0 85.38334166666667,21.946928333333332,3.0 85.38334166666667,21.946928333333332,3.0 85.38334166666667,21.946928333333332,3.0 85.38334166666667,21.946928333333332,3.0 85.38334166666667,21.946928333333332,3.0 85.38334166666667,21.946928333333332,3.0 85.38334166666667,21.946928333333332,3.0 85.38334166666667,21.946928333333332,3.0 85.38334166666667,21.946928333333332,3.0 85.38334166666667,21.946928333333332,3.0 85.38334166666667,21.946928333333332,3.0 85.38334166666667,21.946928333333332,3.0 85.38334166666667,21.946928333333332,3.0 85.38334166666667,21.946928333333332,3.0 85.38334166666667,21.946928333333332,3.0 85.38334166666667,21.946928333333332,3.0 85.38334166666667,21.946928333333332,3.0 85.38334166666667,21.946928333333332,3.0 85.38334166666667,21.946928333333332,3.0 85.38334166666667,21.946928333333332,3.0 85.38334166666667,21.946928333333332,3.0 85.38334166666667,21.946928333333332,3.0 85.38334166666667,21.946928333333332,3.0 85.38334166666667,21.946928333333332,3.0 85.38334166666667,21.946928333333332,3.0 85.38334166666667,21.946928333333332,3.0 85.38334166666667,21.946928333333332,3.0 85.38334166666667,21.946928333333332,3.0 85.38334166666667,21.946928333333332,3.0 85.38334166666667,21.946928333333332,3.0 85.38334166666667,21.946928333333332,3.0 85.38334166666667,21.946928333333332,3.0 85.38334166666667,21.946928333333332,3.0 85.38334166666667,21.946928333333332,3.0 85.38334166666667,21.946928333333332,3.0 85.38334166666667,21.946928333333332,3.0 85.38334166666667,21.946928333333332,3.0 85.38334166666667,21.946928333333332,3.0 85.38334166666667,21.946928333333332,3.0 85.38334166666667,21.946928333333332,3.0 85.38334166666667,21.946928333333332,3.0 85.38334166666667,21.946928333333332,3.0 85.38334166666667,21.946928333333332,3.0 85.38334166666667,21.946928333333332,3.0 85.38334166666667,21.946928333333332,3.0 85.38334166666667,21.946928333333332,3.0 85.38334333333333,21.946928333333332,3.0 85.38334333333333,21.946928333333332,3.0 85.38334333333333,21.946928333333332,3.0 85.38334333333333,21.946928333333332,3.0 85.38334333333333,21.946928333333332,3.0 85.38334333333333,21.946928333333332,3.0 85.38334333333333,21.946928333333332,3.0 85.38334333333333,21.946928333333332,3.0 85.38334333333333,21.946928333333332,3.0 85.38334333333333,21.946928333333332,3.0 85.38334333333333,21.946928333333332,3.0 85.38334333333333,21.946928333333332,3.0 85.38334333333333,21.946928333333332,3.0 85.38334333333333,21.946928333333332,3.0 85.38334333333333,21.946928333333332,3.0 85.38334333333333,21.946928333333332,3.0 85.38334333333333,21.946928333333332,3.0 85.38334333333333,21.946928333333332,3.0 85.38334333333333,21.946928333333332,3.0</coordinates>
                    </LineString>
                </Placemark>
                <Placemark id="2683">
                    <name>August 8 — N10706_P0_Flat351</name>
                    <description>Shift: August 8 — N10706
Type: Plan Path
Length: 0.0 m</description>
                    <styleUrl>#1970</styleUrl>
                    <LineString id="2682">
                        <altitudeMode>relativeToGround</altitudeMode>
                        <coordinates>85.38349,21.946936666666666,3.0 85.38349,21.946936666666666,3.0</coordinates>
                    </LineString>
                </Placemark>
                <Placemark id="2687">
                    <name>August 8 — N10706_P0_Flat353</name>
                    <description>Shift: August 8 — N10706
Type: Plan Path
Length: 4.7 m</description>
                    <styleUrl>#1970</styleUrl>
                    <LineString id="2686">
                        <altitudeMode>relativeToGround</altitudeMode>
                        <coordinates>85.3836,21.946968333333334,3.0 85.38364333333334,21.946981666666666,3.0 85.38364333333334,21.946981666666666,3.0</coordinates>
                    </LineString>
                </Placemark>
                <Placemark id="2691">
                    <name>August 8 — N10706_P0_Flat355</name>
                    <description>Shift: August 8 — N10706
Type: Plan Path
Length: 10.0 m</description>
                    <styleUrl>#1970</styleUrl>
                    <LineString id="2690">
                        <altitudeMode>relativeToGround</altitudeMode>
                        <coordinates>85.38368833333334,21.94699333333333,3.0 85.38378333333333,21.94701166666667,3.0</coordinates>
                    </LineString>
                </Placemark>
                <Placemark id="2695">
                    <name>August 8 — N10706_P0_Flat357</name>
                    <description>Shift: August 8 — N10706
Type: Plan Path
Length: 16.4 m</description>
                    <styleUrl>#1970</styleUrl>
                    <LineString id="2694">
                        <altitudeMode>relativeToGround</altitudeMode>
                        <coordinates>85.38382666666666,21.947018333333332,3.0 85.38386833333334,21.947023333333334,3.0 85.38391,21.947026666666666,3.0 85.38391,21.947026666666666,3.0 85.383985,21.947033333333334,3.0</coordinates>
                    </LineString>
                </Placemark>
                <Placemark id="2699">
                    <name>August 8 — N10706_P0_Flat359</name>
                    <description>Shift: August 8 — N10706
Type: Plan Path
Length: 0.0 m</description>
                    <styleUrl>#1970</styleUrl>
                    <LineString id="2698">
                        <altitudeMode>relativeToGround</altitudeMode>
                        <coordinates>85.38408333333334,21.94701166666667,3.0 85.38408333333334,21.94701166666667,3.0</coordinates>
                    </LineString>
                </Placemark>
                <Placemark id="2703">
                    <name>August 8 — N10706_P0_Flat361</name>
                    <description>Shift: August 8 — N10706
Type: Plan Path
Length: 12.4 m</description>
                    <styleUrl>#1970</styleUrl>
                    <LineString id="2702">
                        <altitudeMode>relativeToGround</altitudeMode>
                        <coordinates>85.38426333333334,21.946878333333334,3.0 85.38426333333334,21.946878333333334,3.0 85.38434333333333,21.946795,3.0</coordinates>
                    </LineString>
                </Placemark>
                <Placemark id="2707">
                    <name>August 8 — N10706_P0_Flat363</name>
                    <description>Shift: August 8 — N10706
Type: Plan Path
Length: 21.8 m</description>
                    <styleUrl>#1970</styleUrl>
                    <LineString id="2706">
                        <altitudeMode>relativeToGround</altitudeMode>
                        <coordinates>85.38463333333333,21.946573333333333,3.0 85.38468666666667,21.946573333333333,3.0 85.38473833333333,21.946588333333334,3.0 85.38473833333333,21.946588333333334,3.0 85.38480333333334,21.946663333333333,3.0</coordinates>
                    </LineString>
                </Placemark>
                <Placemark id="2711">
                    <name>August 8 — N10706_P0_Flat365</name>
                    <description>Shift: August 8 — N10706
Type: Plan Path
Length: 28.4 m</description>
                    <styleUrl>#1970</styleUrl>
                    <LineString id="2710">
                        <altitudeMode>relativeToGround</altitudeMode>
                        <coordinates>85.38494166666666,21.947158333333334,3.0 85.38494166666666,21.947158333333334,3.0 85.38495666666667,21.947283333333335,3.0 85.38496833333333,21.947346666666668,3.0 85.38499166666666,21.947408333333332,3.0</coordinates>
                    </LineString>
                </Placemark>
                <Placemark id="2715">
                    <name>August 8 — N10706_P0_Flat367</name>
                    <description>Shift: August 8 — N10706
Type: Plan Path
Length: 53.5 m</description>
                    <styleUrl>#1970</styleUrl>
                    <LineString id="2714">
                        <altitudeMode>relativeToGround</altitudeMode>
                        <coordinates>85.38501833333333,21.94747,3.0 85.38504666666667,21.94753,3.0 85.38507666666666,21.947591666666668,3.0 85.385105,21.947653333333335,3.0 85.385135,21.94771666666667,3.0 85.38516666666666,21.94778,3.0 85.38519833333334,21.947843333333335,3.0 85.38523166666667,21.947908333333334,3.0</coordinates>
                    </LineString>
                </Placemark>
                <Placemark id="2719">
                    <name>August 8 — N10706_P0_Flat369</name>
                    <description>Shift: August 8 — N10706
Type: Plan Path
Length: 16.5 m</description>
                    <styleUrl>#1970</styleUrl>
                    <LineString id="2718">
                        <altitudeMode>relativeToGround</altitudeMode>
                        <coordinates>85.38533333333334,21.948104999999998,3.0 85.38537166666667,21.94817,3.0 85.38541,21.948235,3.0</coordinates>
                    </LineString>
                </Placemark>
                <Placemark id="2723">
                    <name>August 8 — N10706_P0_Flat371</name>
                    <description>Shift: August 8 — N10706
Type: Plan Path
Length: 7.0 m</description>
                    <styleUrl>#1970</styleUrl>
                    <LineString id="2722">
                        <altitudeMode>relativeToGround</altitudeMode>
                        <coordinates>85.38610666666666,21.949091666666668,3.0 85.38614,21.949146666666667,3.0</coordinates>
                    </LineString>
                </Placemark>
                <Placemark id="2727">
                    <name>August 8 — N10706_P0_Flat373</name>
                    <description>Shift: August 8 — N10706
Type: Plan Path
Length: 15.4 m</description>
                    <styleUrl>#1970</styleUrl>
                    <LineString id="2726">
                        <altitudeMode>relativeToGround</altitudeMode>
                        <coordinates>85.38630666666667,21.949441666666665,3.0 85.38635166666667,21.94949666666667,3.0 85.38639666666667,21.949551666666668,3.0</coordinates>
                    </LineString>
                </Placemark>
                <Placemark id="2731">
                    <name>August 8 — N10706_P0_Flat375</name>
                    <description>Shift: August 8 — N10706
Type: Plan Path
Length: 16.6 m</description>
                    <styleUrl>#1970</styleUrl>
                    <LineString id="2730">
                        <altitudeMode>relativeToGround</altitudeMode>
                        <coordinates>85.38644333333333,21.949606666666668,3.0 85.38649333333333,21.949661666666668,3.0 85.38655,21.949718333333333,3.0</coordinates>
                    </LineString>
                </Placemark>
                <Placemark id="2735">
                    <name>August 8 — N10706_P0_Flat377</name>
                    <description>Shift: August 8 — N10706
Type: Plan Path
Length: 38.4 m</description>
                    <styleUrl>#1970</styleUrl>
                    <LineString id="2734">
                        <altitudeMode>relativeToGround</altitudeMode>
                        <coordinates>85.38679,21.949923333333334,3.0 85.386845,21.94996666666667,3.0 85.38689333333333,21.950008333333333,3.0 85.38693833333333,21.950051666666667,3.0 85.38697166666667,21.950096666666667,3.0 85.38699,21.950146666666665,3.0 85.38699,21.950196666666667,3.0</coordinates>
                    </LineString>
                </Placemark>
                <Placemark id="2739">
                    <name>August 8 — N10706_P0_Flat379</name>
                    <description>Shift: August 8 — N10706
Type: Plan Path
Length: 35.4 m</description>
                    <styleUrl>#1970</styleUrl>
                    <LineString id="2738">
                        <altitudeMode>relativeToGround</altitudeMode>
                        <coordinates>85.38697,21.950246666666665,3.0 85.38694166666667,21.95029,3.0 85.386895,21.950318333333332,3.0 85.38684,21.950333333333333,3.0 85.38678166666666,21.95034,3.0 85.38672333333334,21.95034,3.0 85.386665,21.950338333333335,3.0</coordinates>
                    </LineString>
                </Placemark>
                <Placemark id="2743">
                    <name>August 8 — N10706_P0_Flat381</name>
                    <description>Shift: August 8 — N10706
Type: Plan Path
Length: 16.2 m</description>
                    <styleUrl>#1970</styleUrl>
                    <LineString id="2742">
                        <altitudeMode>relativeToGround</altitudeMode>
                        <coordinates>85.38644333333333,21.950343333333333,3.0 85.38639333333333,21.950345,3.0 85.38634,21.95035,3.0 85.38628666666666,21.950356666666668,3.0</coordinates>
                    </LineString>
                </Placemark>
                <Placemark id="2747">
                    <name>August 8 — N10706_P0_Flat383</name>
                    <description>Shift: August 8 — N10706
Type: Plan Path
Length: 0.0 m</description>
                    <styleUrl>#1970</styleUrl>
                    <LineString id="2746">
                        <altitudeMode>relativeToGround</altitudeMode>
                        <coordinates>85.385245,21.951323333333335,3.0 85.385245,21.951323333333335,3.0</coordinates>
                    </LineString>
                </Placemark>
                <Placemark id="2751">
                    <name>August 8 — N10706_P0_Flat385</name>
                    <description>Shift: August 8 — N10706
Type: Plan Path
Length: 0.0 m</description>
                    <styleUrl>#1970</styleUrl>
                    <LineString id="2750">
                        <altitudeMode>relativeToGround</altitudeMode>
                        <coordinates>85.38524166666667,21.951481666666666,3.0 85.38524166666667,21.951481666666666,3.0</coordinates>
                    </LineString>
                </Placemark>
                <Placemark id="2755">
                    <name>August 8 — N10706_P0_Flat387</name>
                    <description>Shift: August 8 — N10706
Type: Plan Path
Length: 0.0 m</description>
                    <styleUrl>#1970</styleUrl>
                    <LineString id="2754">
                        <altitudeMode>relativeToGround</altitudeMode>
                        <coordinates>85.38526833333333,21.951565,3.0 85.38526833333333,21.951565,3.0</coordinates>
                    </LineString>
                </Placemark>
                <Placemark id="2759">
                    <name>August 8 — N10706_P0_Flat389</name>
                    <description>Shift: August 8 — N10706
Type: Plan Path
Length: 0.0 m</description>
                    <styleUrl>#1970</styleUrl>
                    <LineString id="2758">
                        <altitudeMode>relativeToGround</altitudeMode>
                        <coordinates>85.38529,21.951625,3.0 85.38529,21.951625,3.0</coordinates>
                    </LineString>
                </Placemark>
                <Placemark id="2763">
                    <name>August 8 — N10706_P0_Flat391</name>
                    <description>Shift: August 8 — N10706
Type: Plan Path
Length: 11.3 m</description>
                    <styleUrl>#1970</styleUrl>
                    <LineString id="2762">
                        <altitudeMode>relativeToGround</altitudeMode>
                        <coordinates>85.385355,21.951776666666667,3.0 85.385355,21.951776666666667,3.0 85.38538833333334,21.951835,3.0 85.38540833333333,21.951865,3.0</coordinates>
                    </LineString>
                </Placemark>
                <Placemark id="2767">
                    <name>August 8 — N10706_P0_Flat393</name>
                    <description>Shift: August 8 — N10706
Type: Plan Path
Length: 0.0 m</description>
                    <styleUrl>#1970</styleUrl>
                    <LineString id="2766">
                        <altitudeMode>relativeToGround</altitudeMode>
                        <coordinates>85.38545,21.951925,3.0 85.38545,21.951925,3.0</coordinates>
                    </LineString>
                </Placemark>
                <Placemark id="2771">
                    <name>August 8 — N10706_P0_Flat395</name>
                    <description>Shift: August 8 — N10706
Type: Plan Path
Length: 0.0 m</description>
                    <styleUrl>#1970</styleUrl>
                    <LineString id="2770">
                        <altitudeMode>relativeToGround</altitudeMode>
                        <coordinates>85.385645,21.952188333333332,3.0 85.385645,21.952188333333332,3.0</coordinates>
                    </LineString>
                </Placemark>
                <Placemark id="2775">
                    <name>August 8 — N10706_P0_Flat397</name>
                    <description>Shift: August 8 — N10706
Type: Plan Path
Length: 27.0 m</description>
                    <styleUrl>#1970</styleUrl>
                    <LineString id="2774">
                        <altitudeMode>relativeToGround</altitudeMode>
                        <coordinates>85.38576333333333,21.952423333333332,3.0 85.38577833333333,21.952466666666666,3.0 85.385795,21.952511666666666,3.0 85.38581,21.952558333333332,3.0 85.385825,21.952606666666668,3.0 85.38584166666666,21.952655,3.0</coordinates>
                    </LineString>
                </Placemark>
                <Placemark id="2779">
                    <name>August 8 — N10706_P0_Flat399</name>
                    <description>Shift: August 8 — N10706
Type: Plan Path
Length: 10.6 m</description>
                    <styleUrl>#1970</styleUrl>
                    <LineString id="2778">
                        <altitudeMode>relativeToGround</altitudeMode>
                        <coordinates>85.38589833333333,21.952893333333332,3.0 85.38588333333334,21.95294,3.0 85.38586,21.952981666666666,3.0</coordinates>
                    </LineString>
                </Placemark>
                <Placemark id="2783">
                    <name>August 8 — N10706_P0_Flat401</name>
                    <description>Shift: August 8 — N10706
Type: Plan Path
Length: 11.1 m</description>
                    <styleUrl>#1970</styleUrl>
                    <LineString id="2782">
                        <altitudeMode>relativeToGround</altitudeMode>
                        <coordinates>85.38488333333333,21.953356666666668,3.0 85.38485,21.95334666666667,3.0 85.38481833333333,21.953331666666667,3.0 85.384785,21.953316666666666,3.0</coordinates>
                    </LineString>
                </Placemark>
                <Placemark id="2787">
                    <name>August 8 — N10706_P0_Flat403</name>
                    <description>Shift: August 8 — N10706
Type: Plan Path
Length: 15.1 m</description>
                    <styleUrl>#1970</styleUrl>
                    <LineString id="2786">
                        <altitudeMode>relativeToGround</altitudeMode>
                        <coordinates>85.38447,21.95313,3.0 85.38443833333334,21.953096666666667,3.0 85.384405,21.953061666666667,3.0 85.38437166666667,21.95303,3.0</coordinates>
                    </LineString>
                </Placemark>
                <Placemark id="2791">
                    <name>August 8 — N10706_P0_Flat405</name>
                    <description>Shift: August 8 — N10706
Type: Plan Path
Length: 10.5 m</description>
                    <styleUrl>#1970</styleUrl>
                    <LineString id="2790">
                        <altitudeMode>relativeToGround</altitudeMode>
                        <coordinates>85.38395,21.95262,3.0 85.38394166666667,21.952575,3.0 85.38394666666667,21.952526666666667,3.0</coordinates>
                    </LineString>
                </Placemark>
                <Placemark id="2795">
                    <name>August 8 — N10706_P0_Flat407</name>
                    <description>Shift: August 8 — N10706
Type: Plan Path
Length: 19.0 m</description>
                    <styleUrl>#1970</styleUrl>
                    <LineString id="2794">
                        <altitudeMode>relativeToGround</altitudeMode>
                        <coordinates>85.38411333333333,21.952375,3.0 85.38414833333333,21.952368333333332,3.0 85.38418333333334,21.952368333333332,3.0 85.38422166666666,21.952373333333334,3.0 85.38425833333334,21.952375,3.0 85.38429666666667,21.952371666666668,3.0</coordinates>
                    </LineString>
                </Placemark>
                <Placemark id="2799">
                    <name>August 8 — N10706_P0_Flat409</name>
                    <description>Shift: August 8 — N10706
Type: Plan Path
Length: 0.0 m</description>
                    <styleUrl>#1970</styleUrl>
                    <LineString id="2798">
                        <altitudeMode>relativeToGround</altitudeMode>
                        <coordinates>85.38450666666667,21.952256666666667,3.0 85.38450666666667,21.952256666666667,3.0 85.38450666666667,21.952256666666667,3.0 85.38450666666667,21.952256666666667,3.0 85.38450666666667,21.952256666666667,3.0 85.38450666666667,21.952256666666667,3.0 85.38450666666667,21.952256666666667,3.0 85.38450666666667,21.952256666666667,3.0 85.38450666666667,21.952256666666667,3.0</coordinates>
                    </LineString>
                </Placemark>
                <Placemark id="2803">
                    <name>August 8 — N10706_P0_Flat411</name>
                    <description>Shift: August 8 — N10706
Type: Plan Path
Length: 1.9 m</description>
                    <styleUrl>#1970</styleUrl>
                    <LineString id="2802">
                        <altitudeMode>relativeToGround</altitudeMode>
                        <coordinates>85.38449666666666,21.952255,3.0 85.38449666666666,21.952255,3.0 85.38447833333333,21.952251666666665,3.0</coordinates>
                    </LineString>
                </Placemark>
                <Placemark id="2807">
                    <name>August 8 — N10706_P0_Flat413</name>
                    <description>Shift: August 8 — N10706
Type: Plan Path
Length: 0.0 m</description>
                    <styleUrl>#1970</styleUrl>
                    <LineString id="2806">
                        <altitudeMode>relativeToGround</altitudeMode>
                        <coordinates>85.38443,21.95226,3.0 85.38443,21.95226,3.0</coordinates>
                    </LineString>
                </Placemark>
                <Placemark id="2811">
                    <name>August 8 — N10706_P0_Flat415</name>
                    <description>Shift: August 8 — N10706
Type: Plan Path
Length: 2.4 m</description>
                    <styleUrl>#1970</styleUrl>
                    <LineString id="2810">
                        <altitudeMode>relativeToGround</altitudeMode>
                        <coordinates>85.38437666666667,21.952333333333332,3.0 85.38437833333333,21.952355,3.0</coordinates>
                    </LineString>
                </Placemark>
                <Placemark id="2815">
                    <name>August 8 — N10706_P0_Flat417</name>
                    <description>Shift: August 8 — N10706
Type: Plan Path
Length: 4.7 m</description>
                    <styleUrl>#1970</styleUrl>
                    <LineString id="2814">
                        <altitudeMode>relativeToGround</altitudeMode>
                        <coordinates>85.38439,21.952418333333334,3.0 85.38439333333334,21.952438333333333,3.0 85.38439666666666,21.95246,3.0</coordinates>
                    </LineString>
                </Placemark>
                <Placemark id="2819">
                    <name>August 8 — N10706_P0_Flat419</name>
                    <description>Shift: August 8 — N10706
Type: Plan Path
Length: 0.0 m</description>
                    <styleUrl>#1970</styleUrl>
                    <LineString id="2818">
                        <altitudeMode>relativeToGround</altitudeMode>
                        <coordinates>85.38443333333333,21.952616666666668,3.0 85.38443333333333,21.952616666666668,3.0 85.38443333333333,21.952616666666668,3.0 85.38443333333333,21.952616666666668,3.0</coordinates>
                    </LineString>
                </Placemark>
                <Placemark id="2823">
                    <name>August 8 — N10706_P0_Flat421</name>
                    <description>Shift: August 8 — N10706
Type: Plan Path
Length: 0.0 m</description>
                    <styleUrl>#1970</styleUrl>
                    <LineString id="2822">
                        <altitudeMode>relativeToGround</altitudeMode>
                        <coordinates>85.38443166666667,21.952613333333332,3.0 85.38443166666667,21.952613333333332,3.0 85.38443166666667,21.952613333333332,3.0 85.38443166666667,21.952613333333332,3.0 85.38443166666667,21.952613333333332,3.0 85.38443166666667,21.952613333333332,3.0 85.38443166666667,21.952613333333332,3.0 85.38443166666667,21.952613333333332,3.0 85.38443166666667,21.952613333333332,3.0 85.38443166666667,21.952613333333332,3.0 85.38443166666667,21.952613333333332,3.0 85.38443166666667,21.952613333333332,3.0 85.38443166666667,21.952613333333332,3.0 85.38443166666667,21.952613333333332,3.0</coordinates>
                    </LineString>
                </Placemark>
                <Placemark id="2827">
                    <name>August 8 — N10706_P0_Flat423</name>
                    <description>Shift: August 8 — N10706
Type: Plan Path
Length: 1.7 m</description>
                    <styleUrl>#1970</styleUrl>
                    <LineString id="2826">
                        <altitudeMode>relativeToGround</altitudeMode>
                        <coordinates>85.38440166666666,21.952553333333334,3.0 85.38439666666666,21.952538333333333,3.0</coordinates>
                    </LineString>
                </Placemark>
                <Placemark id="2831">
                    <name>August 8 — N10706_P0_Flat425</name>
                    <description>Shift: August 8 — N10706
Type: Plan Path
Length: 0.0 m</description>
                    <styleUrl>#1970</styleUrl>
                    <LineString id="2830">
                        <altitudeMode>relativeToGround</altitudeMode>
                        <coordinates>85.38391666666666,21.952576666666666,3.0 85.38391666666666,21.952576666666666,3.0</coordinates>
                    </LineString>
                </Placemark>
                <Placemark id="2835">
                    <name>August 8 — N10706_P0_Flat427</name>
                    <description>Shift: August 8 — N10706
Type: Plan Path
Length: 0.0 m</description>
                    <styleUrl>#1970</styleUrl>
                    <LineString id="2834">
                        <altitudeMode>relativeToGround</altitudeMode>
                        <coordinates>85.384595,21.953218333333332,3.0 85.384595,21.953218333333332,3.0</coordinates>
                    </LineString>
                </Placemark>
                <Placemark id="2839">
                    <name>August 8 — N10706_P0_Flat429</name>
                    <description>Shift: August 8 — N10706
Type: Plan Path
Length: 0.0 m</description>
                    <styleUrl>#1970</styleUrl>
                    <LineString id="2838">
                        <altitudeMode>relativeToGround</altitudeMode>
                        <coordinates>85.385455,21.95325,3.0 85.385455,21.95325,3.0</coordinates>
                    </LineString>
                </Placemark>
                <Placemark id="2843">
                    <name>August 8 — N10706_P0_Flat431</name>
                    <description>Shift: August 8 — N10706
Type: Plan Path
Length: 9.7 m</description>
                    <styleUrl>#1970</styleUrl>
                    <LineString id="2842">
                        <altitudeMode>relativeToGround</altitudeMode>
                        <coordinates>85.38553666666667,21.95321,3.0 85.38561833333333,21.953166666666668,3.0</coordinates>
                    </LineString>
                </Placemark>
                <Placemark id="2847">
                    <name>August 8 — N10706_P0_Flat433</name>
                    <description>Shift: August 8 — N10706
Type: Plan Path
Length: 10.5 m</description>
                    <styleUrl>#1970</styleUrl>
                    <LineString id="2846">
                        <altitudeMode>relativeToGround</altitudeMode>
                        <coordinates>85.38570333333334,21.953123333333334,3.0 85.38578666666666,21.953068333333334,3.0</coordinates>
                    </LineString>
                </Placemark>
                <Placemark id="2851">
                    <name>August 8 — N10706_P0_Flat435</name>
                    <description>Shift: August 8 — N10706
Type: Plan Path
Length: 10.0 m</description>
                    <styleUrl>#1970</styleUrl>
                    <LineString id="2850">
                        <altitudeMode>relativeToGround</altitudeMode>
                        <coordinates>85.38582333333333,21.95304,3.0 85.38585833333333,21.953008333333333,3.0 85.38589,21.952975,3.0</coordinates>
                    </LineString>
                </Placemark>
                <Placemark id="2855">
                    <name>August 8 — N10706_P0_Flat437</name>
                    <description>Shift: August 8 — N10706
Type: Plan Path
Length: 0.0 m</description>
                    <styleUrl>#1970</styleUrl>
                    <LineString id="2854">
                        <altitudeMode>relativeToGround</altitudeMode>
                        <coordinates>85.38597833333333,21.952818333333333,3.0 85.38597833333333,21.952818333333333,3.0</coordinates>
                    </LineString>
                </Placemark>
                <Placemark id="2859">
                    <name>August 8 — N10706_P0_Flat439</name>
                    <description>Shift: August 8 — N10706
Type: Plan Path
Length: 6.7 m</description>
                    <styleUrl>#1970</styleUrl>
                    <LineString id="2858">
                        <altitudeMode>relativeToGround</altitudeMode>
                        <coordinates>85.38599666666667,21.952708333333334,3.0 85.38599333333333,21.952648333333332,3.0</coordinates>
                    </LineString>
                </Placemark>
                <Placemark id="2863">
                    <name>August 8 — N10706_P0_Flat441</name>
                    <description>Shift: August 8 — N10706
Type: Plan Path
Length: 15.7 m</description>
                    <styleUrl>#1970</styleUrl>
                    <LineString id="2862">
                        <altitudeMode>relativeToGround</altitudeMode>
                        <coordinates>85.38571833333333,21.952093333333334,3.0 85.38564166666667,21.951971666666665,3.0</coordinates>
                    </LineString>
                </Placemark>
                <Placemark id="2867">
                    <name>August 8 — N10706_P0_Flat443</name>
                    <description>Shift: August 8 — N10706
Type: Plan Path
Length: 0.0 m</description>
                    <styleUrl>#1970</styleUrl>
                    <LineString id="2866">
                        <altitudeMode>relativeToGround</altitudeMode>
                        <coordinates>85.38560166666667,21.95191,3.0 85.38560166666667,21.95191,3.0</coordinates>
                    </LineString>
                </Placemark>
                <Placemark id="2871">
                    <name>August 8 — N10706_P0_Flat445</name>
                    <description>Shift: August 8 — N10706
Type: Plan Path
Length: 0.0 m</description>
                    <styleUrl>#1970</styleUrl>
                    <LineString id="2870">
                        <altitudeMode>relativeToGround</altitudeMode>
                        <coordinates>85.38547666666666,21.951718333333332,3.0 85.38547666666666,21.951718333333332,3.0</coordinates>
                    </LineString>
                </Placemark>
                <Placemark id="2875">
                    <name>August 8 — N10706_P0_Flat447</name>
                    <description>Shift: August 8 — N10706
Type: Plan Path
Length: 0.0 m</description>
                    <styleUrl>#1970</styleUrl>
                    <LineString id="2874">
                        <altitudeMode>relativeToGround</altitudeMode>
                        <coordinates>85.38534666666666,21.951228333333333,3.0 85.38534666666666,21.951228333333333,3.0</coordinates>
                    </LineString>
                </Placemark>
                <Placemark id="2879">
                    <name>August 8 — N10706_P0_Flat449</name>
                    <description>Shift: August 8 — N10706
Type: Plan Path
Length: 0.0 m</description>
                    <styleUrl>#1970</styleUrl>
                    <LineString id="2878">
                        <altitudeMode>relativeToGround</altitudeMode>
                        <coordinates>85.38543166666666,21.95102,3.0 85.38543166666666,21.95102,3.0</coordinates>
                    </LineString>
                </Placemark>
                <Placemark id="2883">
                    <name>August 8 — N10706_P0_Flat451</name>
                    <description>Shift: August 8 — N10706
Type: Plan Path
Length: 0.0 m</description>
                    <styleUrl>#1970</styleUrl>
                    <LineString id="2882">
                        <altitudeMode>relativeToGround</altitudeMode>
                        <coordinates>85.38552166666666,21.9509,3.0 85.38552166666666,21.9509,3.0</coordinates>
                    </LineString>
                </Placemark>
                <Placemark id="2887">
                    <name>August 8 — N10706_P0_Flat453</name>
                    <description>Shift: August 8 — N10706
Type: Plan Path
Length: 0.0 m</description>
                    <styleUrl>#1970</styleUrl>
                    <LineString id="2886">
                        <altitudeMode>relativeToGround</altitudeMode>
                        <coordinates>85.38577666666667,21.950623333333333,3.0 85.38577666666667,21.950623333333333,3.0</coordinates>
                    </LineString>
                </Placemark>
                <Placemark id="2891">
                    <name>August 8 — N10706_P0_Flat455</name>
                    <description>Shift: August 8 — N10706
Type: Plan Path
Length: 0.0 m</description>
                    <styleUrl>#1970</styleUrl>
                    <LineString id="2890">
                        <altitudeMode>relativeToGround</altitudeMode>
                        <coordinates>85.38607666666667,21.950403333333334,3.0 85.38607666666667,21.950403333333334,3.0</coordinates>
                    </LineString>
                </Placemark>
                <Placemark id="2895">
                    <name>August 8 — N10706_P0_Flat457</name>
                    <description>Shift: August 8 — N10706
Type: Plan Path
Length: 17.5 m</description>
                    <styleUrl>#1970</styleUrl>
                    <LineString id="2894">
                        <altitudeMode>relativeToGround</altitudeMode>
                        <coordinates>85.38643666666667,21.950323333333333,3.0 85.38643666666667,21.950323333333333,3.0 85.386605,21.950306666666666,3.0</coordinates>
                    </LineString>
                </Placemark>
                <Placemark id="2899">
                    <name>August 8 — N10706_P0_Flat459</name>
                    <description>Shift: August 8 — N10706
Type: Plan Path
Length: 25.0 m</description>
                    <styleUrl>#1970</styleUrl>
                    <LineString id="2898">
                        <altitudeMode>relativeToGround</altitudeMode>
                        <coordinates>85.386875,21.950283333333335,3.0 85.386875,21.950283333333335,3.0 85.38704333333334,21.95028,3.0 85.38711666666667,21.950286666666667,3.0</coordinates>
                    </LineString>
                </Placemark>
                <Placemark id="2903">
                    <name>August 8 — N10706_P0_Flat461</name>
                    <description>Shift: August 8 — N10706
Type: Plan Path
Length: 34.1 m</description>
                    <styleUrl>#1970</styleUrl>
                    <LineString id="2902">
                        <altitudeMode>relativeToGround</altitudeMode>
                        <coordinates>85.38718333333334,21.9503,3.0 85.38724166666667,21.950325,3.0 85.38728833333333,21.950356666666668,3.0 85.387335,21.950386666666667,3.0 85.387385,21.950403333333334,3.0 85.387435,21.9504,3.0 85.38747666666667,21.950376666666667,3.0</coordinates>
                    </LineString>
                </Placemark>
                <Placemark id="2907">
                    <name>August 8 — N10706_P0_Flat463</name>
                    <description>Shift: August 8 — N10706
Type: Plan Path
Length: 10.3 m</description>
                    <styleUrl>#1970</styleUrl>
                    <LineString id="2906">
                        <altitudeMode>relativeToGround</altitudeMode>
                        <coordinates>85.38749833333334,21.950338333333335,3.0 85.387495,21.950293333333335,3.0 85.38747333333333,21.95025,3.0</coordinates>
                    </LineString>
                </Placemark>
                <Placemark id="2911">
                    <name>August 8 — N10706_P0_Flat465</name>
                    <description>Shift: August 8 — N10706
Type: Plan Path
Length: 16.3 m</description>
                    <styleUrl>#1970</styleUrl>
                    <LineString id="2910">
                        <altitudeMode>relativeToGround</altitudeMode>
                        <coordinates>85.38670166666667,21.949595,3.0 85.38664666666666,21.949541666666665,3.0 85.38659333333334,21.949488333333335,3.0</coordinates>
                    </LineString>
                </Placemark>
                <Placemark id="2915">
                    <name>August 8 — N10706_P0_Flat467</name>
                    <description>Shift: August 8 — N10706
Type: Plan Path
Length: 23.8 m</description>
                    <styleUrl>#1970</styleUrl>
                    <LineString id="2914">
                        <altitudeMode>relativeToGround</altitudeMode>
                        <coordinates>85.386355,21.94921666666667,3.0 85.38631166666667,21.94916,3.0 85.38626833333333,21.949101666666667,3.0 85.38622166666667,21.949041666666666,3.0</coordinates>
                    </LineString>
                </Placemark>
                <Placemark id="2919">
                    <name>August 8 — N10706_P0_Flat469</name>
                    <description>Shift: August 8 — N10706
Type: Plan Path
Length: 16.4 m</description>
                    <styleUrl>#1970</styleUrl>
                    <LineString id="2918">
                        <altitudeMode>relativeToGround</altitudeMode>
                        <coordinates>85.386175,21.94898166666667,3.0 85.38612666666667,21.948923333333333,3.0 85.38608,21.948863333333332,3.0</coordinates>
                    </LineString>
                </Placemark>
                <Placemark id="2923">
                    <name>August 8 — N10706_P0_Flat471</name>
                    <description>Shift: August 8 — N10706
Type: Plan Path
Length: 107.5 m</description>
                    <styleUrl>#1970</styleUrl>
                    <LineString id="2922">
                        <altitudeMode>relativeToGround</altitudeMode>
                        <coordinates>85.38537833333334,21.947675,3.0 85.38534666666666,21.947605,3.0 85.38532,21.94754,3.0 85.385295,21.94748,3.0 85.38527,21.94742,3.0 85.385245,21.94736,3.0 85.38521833333333,21.947298333333332,3.0 85.38519166666667,21.947238333333335,3.0 85.38516666666666,21.94718,3.0 85.38514,21.947119999999998,3.0 85.38511,21.94705666666667,3.0 85.38508,21.94699,3.0 85.38505166666667,21.946918333333333,3.0 85.385025,21.946846666666666,3.0 85.38500333333333,21.946773333333333,3.0</coordinates>
                    </LineString>
                </Placemark>
                <Placemark id="2927">
                    <name>August 8 — N10706_P0_Flat473</name>
                    <description>Shift: August 8 — N10706
Type: Plan Path
Length: 10.5 m</description>
                    <styleUrl>#1970</styleUrl>
                    <LineString id="2926">
                        <altitudeMode>relativeToGround</altitudeMode>
                        <coordinates>85.384855,21.946391666666667,3.0 85.38481333333333,21.946365,3.0 85.38476333333334,21.946353333333334,3.0</coordinates>
                    </LineString>
                </Placemark>
                <Placemark id="2931">
                    <name>August 8 — N10706_P0_Flat475</name>
                    <description>Shift: August 8 — N10706
Type: Plan Path
Length: 4.4 m</description>
                    <styleUrl>#1970</styleUrl>
                    <LineString id="2930">
                        <altitudeMode>relativeToGround</altitudeMode>
                        <coordinates>85.38374666666667,21.946945,3.0 85.38372333333334,21.946941666666667,3.0 85.383705,21.946938333333332,3.0</coordinates>
                    </LineString>
                </Placemark>
                <Placemark id="2935">
                    <name>August 8 — N10706_P0_Flat477</name>
                    <description>Shift: August 8 — N10706
Type: Plan Path
Length: 5.4 m</description>
                    <styleUrl>#1970</styleUrl>
                    <LineString id="2934">
                        <altitudeMode>relativeToGround</altitudeMode>
                        <coordinates>85.383695,21.946938333333332,3.0 85.383695,21.946938333333332,3.0 85.383695,21.946938333333332,3.0 85.383695,21.946938333333332,3.0 85.383695,21.946938333333332,3.0 85.383695,21.946938333333332,3.0 85.383695,21.946938333333332,3.0 85.383695,21.946938333333332,3.0 85.383695,21.946938333333332,3.0 85.383695,21.946938333333332,3.0 85.383695,21.946938333333332,3.0 85.383695,21.946938333333332,3.0 85.383695,21.946938333333332,3.0 85.383695,21.946938333333332,3.0 85.383695,21.946938333333332,3.0 85.383695,21.946938333333332,3.0 85.383695,21.946938333333332,3.0 85.383695,21.946938333333332,3.0 85.383695,21.946938333333332,3.0 85.383695,21.946938333333332,3.0 85.383695,21.946938333333332,3.0 85.383695,21.946938333333332,3.0 85.383695,21.946938333333332,3.0 85.383695,21.946938333333332,3.0 85.38369333333333,21.946938333333332,3.0 85.38369333333333,21.946938333333332,3.0 85.38369333333333,21.946938333333332,3.0 85.38369333333333,21.946938333333332,3.0 85.38369333333333,21.946938333333332,3.0 85.38369333333333,21.946938333333332,3.0 85.38369333333333,21.946938333333332,3.0 85.383695,21.94694,3.0 85.38369,21.946945,3.0 85.38369,21.946945,3.0 85.383665,21.946975,3.0</coordinates>
                    </LineString>
                </Placemark>
                <Placemark id="2939">
                    <name>August 8 — N10706_P0_Flat479</name>
                    <description>Shift: August 8 — N10706
Type: Plan Path
Length: 0.0 m</description>
                    <styleUrl>#1970</styleUrl>
                    <LineString id="2938">
                        <altitudeMode>relativeToGround</altitudeMode>
                        <coordinates>85.38364666666666,21.947041666666667,3.0 85.38364666666666,21.947041666666667,3.0</coordinates>
                    </LineString>
                </Placemark>
                <Placemark id="2943">
                    <name>August 8 — N10706_P0_Flat481</name>
                    <description>Shift: August 8 — N10706
Type: Plan Path
Length: 3.1 m</description>
                    <styleUrl>#1970</styleUrl>
                    <LineString id="2942">
                        <altitudeMode>relativeToGround</altitudeMode>
                        <coordinates>85.38366666666667,21.947088333333333,3.0 85.383685,21.94711,3.0</coordinates>
                    </LineString>
                </Placemark>
            </Folder>
            <Folder id="1969">
                <Style id="1976">
                    <LineStyle id="1977">
                        <color>ff008000</color>
                        <colorMode>normal</colorMode>
                        <width>1.5</width>
                    </LineStyle>
                </Style>
                <name>Detected Bumps (Hazards)</name>
                <Placemark id="2259">
                    <name>BUMP_August 8 — N10706_0_8</name>
                    <description>Shift: August 8 — N10706
HAZARD: Bump &gt; 1 m
Height: 1.03 m
Span: 68.9 m</description>
                    <styleUrl>#1976</styleUrl>
                    <LineString id="2258">
                        <altitudeMode>relativeToGround</altitudeMode>
                        <coordinates>85.38497833333334,21.941193333333334,5.0 85.38493,21.941256666666668,5.0 85.38488,21.94132,5.0 85.38483166666667,21.941383333333334,5.0 85.38478333333333,21.941448333333334,5.0 85.38473833333333,21.941516666666665,5.0 85.38469833333333,21.941586666666666,5.0 85.384665,21.941655,5.0 85.38463333333333,21.941721666666666,5.0</coordinates>
                    </LineString>
                </Placemark>
            </Folder>
        </Folder>
    </Document>
</kml>
