Time,Eng_Speed,Fuel_Rate_01L,Accel_Pos,LU_ON,TM_Out_Speed,Vehicle_Speed_S,Shift_Indicator,Foot_Brake_Pos,Retarder_Pos,Retarder_R_Oil_temp,Hoist_Lever_Pos,Gradient_deg,Live_Weight_ton,Sus_Press_FR_komnet,Sus_Press_FL_komnet,Sus_Press_RR_komnet,Sus_Press_RL_komnet,Rack,Bias,Vehicle_State,Fuel_Injection,TC_Oil_temp,Cool_Temp,Eng_Oil_Temp,Eng_oil_press,Boost_press,Blowby_Press_PM,Ambient_air_temp,TM_Oil_temp,F_Brake_Oil_press,R_Brake_Oil_press,Exh_temp_LBF,Exh_temp_LBR,Exh_temp_RBF,Exh_temp_RBR,Retarder_F_Oil_temp,Atomos_press,key,GPS_Date,GPS_Time,GPS_Latitude,GPS_Longitude,GPS_Altitude,GPS_Speed
08-08-2026 15:10,1204,1016,98,0,298,670,2,0,0,45,0,5,5,39,43,36,31,-0.9,0.1,2,223,52,51,53,41,28,92,29,48,172,171,192,247,235,230,48,90,,80826,94029,N2156.4320,E08523.1500,680,2.19
08-08-2026 15:10,1415,1087,91,0,367,833,2,0,0,45,0,4,5,39,42,36,30,-0.9,0.3,2,275,53,51,53,45,47,124,29,48,208,207,230,297,281,271,48,90,,80826,94030,N2156.4329,E08523.1497,679.9,3.39
08-08-2026 15:10,1669,1240,68,0,476,1116,2,0,0,45,0,3,4,42,40,36,26,-0.8,1.2,2,202,53,51,53,52,82,166,29,48,209,208,275,347,331,316,48,90,,80826,94031,N2156.4340,E08523.1492,679.6,5.22
08-08-2026 15:10,1862,1304,67,1,551,1253,3,0,0,46,0,-1,3,52,39,39,23,-0.3,2.9,2,41,53,51,53,51,52,183,29,48,207,206,317,372,362,349,49,90,,80826,94032,N2156.4352,E08523.1482,679.4,6.32
08-08-2026 15:10,1508,804,65,1,596,1375,3,0,0,46,0,2,3,44,36,41,23,-1,2.6,2,151,53,51,53,44,57,178,29,48,206,205,346,385,377,364,49,90,,80826,94033,N2156.4363,E08523.1467,679.1,6.92
08-08-2026 15:10,1513,1513,63,1,630,1460,3,0,0,46,0,0,2,48,36,40,21,-0.7,3.1,2,200,53,51,53,45,56,182,29,48,205,204,370,409,399,384,49,90,,80826,94034,N2156.4370,E08523.1445,679,6.92
08-08-2026 15:10,1653,1555,74,1,670,1670,3,0,0,46,0,-1,2,51,35,32,23,0.7,2.5,2,258,53,51,53,50,74,192,29,48,203,203,394,434,424,409,49,91,,80826,94035,N2156.4369,E08523.1420,678.6,8.29
08-08-2026 15:10,1766,320,49,0,771,1760,4,0,0,46,0,4,2,46,35,30,19,0,2.2,2,53,53,51,53,48,44,183,29,48,203,202,416,438,434,422,49,91,,80826,94036,N2156.4361,E08523.1394,678.3,9.01
08-08-2026 15:10,1521,792,60,1,797,1820,4,0,0,46,0,5,3,35,50,27,35,-0.7,-2.3,2,145,53,51,53,44,37,164,29,48,202,201,425,441,437,424,49,91,,80826,94037,N2156.4352,E08523.1366,678,9.8
08-08-2026 15:10,1559,1535,70,1,894,2083,4,0,0,46,0,4,4,38,49,17,54,2.6,-4.8,2,269,53,51,53,47,75,169,29,48,201,200,438,461,453,440,49,91,,80826,94038,N2156.4347,E08523.1335,677.8,10.77
08-08-2026 15:10,1669,1576,67,1,909,2192,4,0,0,46,0,0,5,26,57,19,32,-1.8,-4.4,2,292,53,51,53,47,84,180,29,48,200,199,454,481,472,457,50,91,,80826,94039,N2156.4350,E08523.1302,677.6,10.77
08-08-2026 15:10,1704,1747,80,1,918,2208,4,0,0,46,0,4,4,27,48,12,64,3.1,-7.3,2,284,53,51,53,47,113,203,29,48,200,199,474,499,493,478,50,91,,80826,94040,N2156.4360,E08523.1270,677.7,11.65
08-08-2026 15:10,1666,1466,78,1,897,2112,4,0,0,47,0,2,4,25,53,22,43,-0.7,-4.9,2,276,53,51,53,46,111,223,29,48,199,198,492,511,509,494,50,91,,80826,94041,N2156.4376,E08523.1241,677.8,11.1
08-08-2026 15:10,1611,1614,96,1,878,2043,4,0,0,47,0,7,2,29,41,34,35,-1.1,-1.3,2,279,53,51,53,45,118,240,29,48,198,198,507,521,522,508,50,91,,80826,94042,N2156.4396,E08523.1218,678,10.26
08-08-2026 15:10,1587,1627,97,1,868,2043,4,0,0,47,0,7,2,32,42,37,32,-1.5,-0.5,2,281,53,51,53,45,120,253,29,48,198,197,520,529,534,518,50,91,,80826,94043,N2156.4419,E08523.1200,678.1,10.2
08-08-2026 15:10,1597,1605,97,1,873,2048,4,0,0,47,0,8,2,33,41,32,37,-0.3,-1.3,2,279,53,51,53,45,121,264,29,49,198,197,532,536,543,529,50,91,,80826,94044,N2156.4443,E08523.1182,678.7,10.2
08-08-2026 15:10,1608,1604,86,1,877,2074,4,0,0,47,0,7,2,33,39,32,36,-0.2,-1,2,276,53,51,53,45,121,270,29,49,198,197,543,541,552,539,50,91,,80826,94045,N2156.4466,E08523.1165,679.2,10.2
08-08-2026 15:10,1632,1491,69,1,903,2124,4,0,0,47,0,5,2,36,40,34,35,-0.3,-0.5,2,252,53,51,53,46,120,274,29,49,197,195,551,545,558,547,51,91,,80826,94046,N2156.4490,E08523.1149,679.6,11.07
08-08-2026 15:10,1655,1220,68,1,901,2121,4,0,0,47,0,4,2,36,42,32,33,-0.5,-0.7,2,204,53,51,53,46,92,265,29,49,197,195,555,541,558,548,51,91,,80826,94047,N2156.4515,E08523.1135,679.9,11.23
08-08-2026 15:10,1655,1169,67,1,904,2124,4,0,0,47,0,3,2,39,44,25,40,1,-2,2,189,53,51,53,46,83,247,29,49,196,195,554,535,554,543,51,91,,80826,94048,N2156.4541,E08523.1119,680.1,11.1
08-08-2026 15:10,1661,1001,61,1,896,2102,4,0,0,47,0,5,3,35,42,23,45,1.5,-2.9,2,167,53,51,53,46,78,224,29,49,196,195,549,529,549,539,51,91,,80826,94049,N2156.4566,E08523.1102,680.4,11.1
08-08-2026 15:10,1629,1237,71,1,886,2098,4,0,0,47,0,0,3,34,53,25,37,-0.7,-3.1,2,232,53,51,53,45,80,209,29,49,196,194,544,528,546,536,51,91,,80826,94050,N2156.4592,E08523.1084,680.9,10.89
08-08-2026 15:10,1639,1129,63,1,904,2095,4,0,0,47,0,1,3,30,46,36,25,-2.7,-0.5,2,190,53,52,53,45,77,199,29,49,195,194,542,527,546,534,51,91,,80826,94051,N2156.4618,E08523.1066,681.2,11.01
08-08-2026 15:10,1641,1114,71,1,897,2079,4,0,0,48,0,4,3,34,44,33,22,-2.1,0.1,2,261,53,52,53,46,97,195,29,49,195,194,541,532,550,537,51,91,,80826,94052,N2156.4643,E08523.1049,681.5,11.03
08-08-2026 15:10,1706,1723,71,1,944,2194,4,0,0,48,0,4,3,37,40,26,40,1.1,-1.7,2,277,53,52,53,47,115,208,29,49,195,193,545,542,559,545,51,91,,80826,94053,N2156.4669,E08523.1032,681.8,11.08
08-08-2026 15:10,1761,1243,62,1,972,2270,4,0,0,48,0,2,3,34,52,25,38,-0.5,-3.1,2,195,53,52,53,48,82,212,29,49,195,192,550,538,558,547,51,91,,80826,94054,N2156.4694,E08523.1013,681.9,11.08
08-08-2026 15:10,1677,920,60,0,983,2270,5,0,0,48,0,5,3,31,45,47,30,-3.1,0.3,2,125,53,52,53,45,57,192,29,49,194,192,546,525,547,538,51,91,,80826,94055,N2156.4721,E08523.0993,682.2,11.44
08-08-2026 15:10,1372,613,43,1,944,2220,5,0,0,48,0,6,3,35,44,38,35,-1.2,-0.6,2,127,53,52,53,40,38,168,29,49,194,192,537,513,534,526,51,91,,80826,94056,N2156.4747,E08523.0973,682.4,11.5
08-08-2026 15:10,1284,515,40,1,926,2180,5,0,0,48,0,4,3,39,42,32,37,0.2,-0.8,2,118,53,52,53,40,31,144,29,49,194,191,527,503,522,516,51,91,,80826,94057,N2156.4772,E08523.0953,682.6,11.23
08-08-2026 15:10,1251,768,48,1,913,2149,5,0,0,48,0,4,3,38,42,37,34,-0.7,-0.1,2,171,53,52,53,40,37,130,29,49,194,191,517,500,515,509,51,91,,80826,94058,N2156.4796,E08523.0933,682.7,11.14
08-08-2026 15:10,1263,850,57,1,941,2183,5,0,0,48,0,2,3,37,47,22,37,0.5,-2.5,2,179,53,52,53,40,43,126,29,49,194,190,514,506,516,509,52,91,,80826,94059,N2156.4821,E08523.0912,682.9,11.14
08-08-2026 15:10,1295,872,50,1,954,2289,5,0,0,48,0,4,3,38,45,29,40,0.4,-1.8,2,185,53,52,53,39,44,124,29,49,194,190,516,511,520,513,52,91,,80826,94100,N2156.4846,E08523.0892,683.1,11.68
08-08-2026 15:10,1327,796,48,1,975,2298,5,0,0,48,0,2,3,36,46,28,28,-1,-1,2,164,53,52,53,39,41,125,29,49,193,190,518,513,521,515,52,91,,80826,94101,N2156.4873,E08523.0872,683.2,11.52
08-08-2026 15:10,1349,845,58,1,989,2336,5,0,0,48,0,3,3,35,46,32,29,-1.4,-0.8,2,172,53,52,53,39,45,126,29,49,193,189,521,517,523,515,52,91,,80826,94102,N2156.4901,E08523.0853,683.7,12.02
08-08-2026 15:11,1360,947,58,1,1028,2411,5,0,0,48,0,6,3,34,46,31,31,-1.2,-1.2,2,181,53,52,53,39,52,128,29,49,193,189,525,523,528,520,52,91,,80826,94103,N2156.4930,E08523.0834,684,12.24
08-08-2026 15:11,1399,865,54,1,1029,2414,5,0,0,48,0,5,4,38,43,25,38,0.8,-1.8,2,172,53,52,53,39,51,130,29,49,193,189,529,525,531,522,52,91,,80826,94104,N2156.4961,E08523.0816,684.2,12.24
08-08-2026 15:11,1406,911,68,1,1041,2442,5,0,0,48,0,7,3,34,45,41,34,-1.8,-0.4,2,178,53,52,54,40,74,137,29,49,192,189,532,533,536,529,52,91,,80826,94105,N2156.4992,E08523.0800,684.1,12.51
08-08-2026 15:11,1459,1567,86,1,1077,2513,5,0,0,48,0,7,3,31,45,39,37,-1.6,-1.2,2,296,53,52,54,41,94,156,29,49,192,189,542,550,551,542,52,91,,80826,94106,N2156.5025,E08523.0785,684.2,12.87
08-08-2026 15:11,1513,1657,88,1,1146,2690,5,0,0,48,0,4,3,37,40,19,42,2,-2.6,2,301,53,53,54,43,117,183,29,49,192,189,556,564,565,556,52,91,,80826,94107,N2156.5060,E08523.0770,684.4,13.63
08-08-2026 15:11,1576,1563,79,1,1171,2763,5,0,0,48,0,2,3,36,42,32,32,-0.6,-0.6,2,243,53,53,54,44,115,205,29,49,192,189,570,570,574,566,52,91,,80826,94108,N2156.5097,E08523.0754,684.5,13.86
08-08-2026 15:11,1658,1760,87,1,1207,2973,5,0,0,48,0,5,2,40,44,30,37,0.3,-1.1,2,293,53,53,54,46,126,220,29,49,192,189,578,573,580,572,52,91,,80826,94109,N2156.5136,E08523.0738,684.8,13.86
08-08-2026 15:11,1726,1733,78,1,1291,3051,6,0,0,48,0,-2,3,41,67,30,25,-3.1,-2.1,2,95,53,53,54,46,85,227,29,49,192,188,583,568,581,574,52,91,,80826,94107,N2156.5175,E08523.0721,684.8,15.29
08-08-2026 15:11,1519,850,57,0,1366,3148,6,0,0,49,0,6,4,38,43,42,44,-0.3,-0.7,2,165,53,53,54,40,69,209,29,49,192,188,579,555,571,567,52,91,,80826,94108,N2156.5214,E08523.0704,684.5,15.7
08-08-2026 15:11,1337,1116,41,1,1338,3131,6,0,0,49,0,-1,3,36,49,34,29,-1.8,-0.8,2,234,53,53,54,39,39,181,29,49,191,188,570,540,558,556,52,91,,80826,94109,N2156.5256,E08523.0686,684.4,16.21
08-08-2026 15:11,1329,469,38,1,1334,3169,6,0,0,49,0,-1,3,39,47,27,33,-0.2,-1.4,2,98,53,53,54,39,28,152,29,50,191,188,558,523,541,541,52,91,,80826,94110,N2156.5297,E08523.0667,684.4,16.07
08-08-2026 15:11,1327,446,38,1,1315,3101,6,0,0,49,0,1,2,36,47,31,33,-0.9,-1.3,2,94,53,53,54,39,22,125,29,49,191,188,543,507,524,526,52,91,,80826,94111,N2156.5337,E08523.0649,684.4,16.07
08-08-2026 15:11,1317,376,40,1,1297,3089,6,0,0,49,0,1,3,34,47,35,30,-1.8,-0.8,2,80,53,53,54,39,22,108,29,50,191,187,528,496,511,513,53,91,,80826,94112,N2156.5382,E08523.0636,684.8,15.77
08-08-2026 15:11,1290,880,52,1,1283,3042,6,0,0,49,0,0,3,37,46,28,31,-0.6,-1.2,2,189,53,53,54,40,35,101,29,50,191,187,518,495,507,507,53,91,,80826,94113,N2156.5421,E08523.0620,685,15.34
08-08-2026 15:11,1297,900,57,1,1296,3070,6,0,0,49,0,4,3,36,48,33,33,-1.2,-1.2,2,192,53,53,54,39,46,106,29,50,190,187,516,507,514,512,53,91,,80826,94114,N2156.5467,E08523.0595,687,15.68
08-08-2026 15:11,1300,1017,57,1,1297,3044,6,0,0,49,0,2,3,36,52,26,42,0,-3.2,2,217,53,53,54,40,53,112,29,50,190,187,521,518,523,519,53,91,,80826,94115,N2156.5510,E08523.0577,687.9,15.87
08-08-2026 15:11,1306,873,60,1,1310,3077,6,0,0,49,0,2,3,31,50,34,34,-1.9,-1.9,2,214,53,53,54,40,56,120,29,50,190,187,529,529,532,527,53,91,,80826,94116,N2156.5551,E08523.0562,688.6,15.87
08-08-2026 15:11,1302,878,58,1,1287,3046,6,0,0,49,0,0,3,34,46,30,29,-1.3,-1.1,2,187,53,53,54,40,59,126,29,50,190,187,537,537,539,533,53,91,,80826,94117,N2156.5591,E08523.0552,688.3,15.83
08-08-2026 15:11,1284,985,67,1,1282,3023,6,0,0,49,0,2,3,42,49,31,35,-0.3,-1.1,2,335,53,53,54,40,72,137,28,50,190,187,546,550,549,543,53,91,,80826,94118,N2156.5634,E08523.0544,688.3,15.74
08-08-2026 15:11,1305,1361,79,1,1308,3077,6,0,0,49,0,0,3,39,44,22,32,0.5,-1.5,2,288,53,53,54,40,87,151,28,50,190,187,559,566,564,557,53,91,,80826,94119,N2156.5677,E08523.0541,688.3,16.15
08-08-2026 15:11,1324,995,85,1,1315,3117,6,0,0,49,0,2,3,37,42,25,36,0.6,-1.6,2,199,53,53,54,40,84,165,28,50,190,187,573,575,575,568,53,91,,80826,94120,N2156.5720,E08523.0541,687.8,15.95
08-08-2026 15:11,1328,886,52,1,1324,3131,6,0,0,49,0,2,4,37,44,31,33,-0.5,-0.9,2,186,53,53,54,40,75,167,28,50,190,187,581,575,578,573,53,91,,80826,94121,N2156.5764,E08523.0542,688.2,15.95
08-08-2026 15:11,1318,873,41,1,1315,3082,6,0,0,49,0,4,3,40,43,28,42,1.1,-1.7,2,183,53,53,54,40,55,162,28,50,190,186,584,572,577,572,53,91,,80826,94122,N2156.5808,E08523.0545,688.7,15.86
08-08-2026 15:11,1307,724,52,1,1303,3058,6,0,0,49,0,2,3,38,44,28,35,0.1,-1.3,2,153,53,53,54,40,49,151,28,50,190,186,583,565,571,568,53,91,,80826,94123,N2156.5853,E08523.0548,689.1,15.73
08-08-2026 15:11,1281,1009,65,1,1277,3006,6,0,0,49,0,2,3,36,44,30,31,-0.7,-0.9,2,219,53,54,54,40,67,145,28,50,190,186,580,567,570,567,53,91,,80826,94124,N2156.5896,E08523.0552,689.3,15.25
08-08-2026 15:11,1282,1442,78,1,1284,3032,6,0,0,49,0,4,3,36,42,33,36,-0.3,-0.9,2,339,53,54,54,40,84,152,28,50,190,186,584,579,581,576,53,91,,80826,94125,N2156.5939,E08523.0556,689.4,15.05
08-08-2026 15:11,1295,1344,88,1,1311,3098,6,0,0,49,0,4,3,35,42,32,29,-1,-0.4,2,287,53,54,54,40,105,170,28,50,190,186,594,595,596,591,53,91,,80826,94126,N2156.5982,E08523.0561,689.5,15.05
08-08-2026 15:11,1318,1338,72,1,1327,3127,6,0,0,49,0,3,2,38,42,33,30,-0.7,-0.1,2,234,53,54,54,40,99,186,28,50,189,186,605,603,605,601,53,91,,80826,94127,N2156.6027,E08523.0566,689.7,16.17
08-08-2026 15:11,1344,1267,63,1,1349,3233,6,0,0,49,0,3,2,41,42,34,34,-0.1,-0.1,2,262,53,54,54,40,96,194,28,50,189,186,612,603,609,605,53,91,,80826,94128,N2156.6073,E08523.0571,689.8,16.47
08-08-2026 15:11,1362,788,42,1,1355,3211,6,0,0,49,0,1,2,41,45,32,28,-0.8,0,2,161,53,54,54,39,46,181,28,50,189,186,613,588,599,598,53,91,,80826,94129,N2156.6120,E08523.0575,690,16.3
08-08-2026 15:11,1335,511,37,1,1324,3155,6,0,0,50,0,3,3,40,42,38,27,-1.3,0.9,2,106,53,54,54,39,36,156,28,50,189,186,603,568,581,583,53,91,,80826,94130,N2156.6165,E08523.0577,690.1,16.05
08-08-2026 15:11,1305,589,43,1,1285,3034,6,0,0,50,0,1,3,45,39,25,37,1.8,-0.6,2,126,53,54,54,40,36,133,28,50,189,186,587,556,567,569,54,91,,80826,94131,N2156.6210,E08523.0578,690.5,16.05
08-08-2026 15:11,1283,1113,53,1,1267,3006,6,0,0,50,0,3,3,41,38,26,34,1.1,-0.5,2,241,53,54,54,40,49,126,28,50,189,186,579,559,565,566,54,91,,80826,94132,N2156.6254,E08523.0576,690.7,15.4
08-08-2026 15:11,1276,1442,73,1,1304,3044,6,0,0,50,0,7,4,36,43,31,31,-0.7,-0.7,2,312,54,54,54,40,80,135,28,50,189,186,580,573,576,574,54,91,,80826,94133,N2156.6297,E08523.0572,690.9,15.35
08-08-2026 15:11,1292,1188,75,1,1298,3053,6,0,0,50,0,4,4,34,54,27,39,-0.8,-3.2,2,254,54,54,54,40,89,154,28,50,189,185,589,587,589,587,54,90,,80826,94134,N2156.6339,E08523.0568,691.1,15.53
08-08-2026 15:11,1301,1393,76,1,1282,3034,6,0,0,50,0,3,4,34,45,29,47,0.7,-2.9,2,296,54,54,54,40,99,168,28,51,189,185,600,597,600,596,54,91,,80826,94135,N2156.6383,E08523.0564,691.5,15.55
08-08-2026 15:11,1289,1352,87,1,1281,2997,6,0,0,50,0,4,3,30,46,25,31,-1,-2.2,2,341,54,54,54,40,105,184,28,51,189,185,610,606,609,605,54,90,,80826,94136,N2156.6427,E08523.0563,691.7,15.22
08-08-2026 15:11,1267,1351,92,1,1273,3023,6,0,0,50,0,6,2,37,42,32,43,0.6,-1.6,2,296,54,54,55,40,105,199,28,51,189,185,619,613,618,614,54,91,,80826,94138,N2156.6514,E08523.0576,692.2,15.33
08-08-2026 15:11,1276,1345,90,1,1298,3056,6,0,0,50,0,1,2,35,46,38,25,-2.4,0.2,2,336,54,54,55,40,110,211,28,51,189,185,627,618,625,621,54,91,,80826,94139,N2156.6559,E08523.0584,692.3,15.73
08-08-2026 15:11,1324,876,57,1,1331,3110,6,0,0,50,0,1,2,40,47,32,34,-0.5,-0.9,2,183,54,54,55,40,94,212,28,51,188,185,632,617,626,624,54,91,,80826,94140,N2156.6604,E08523.0592,692.3,15.8
08-08-2026 15:11,1339,993,57,1,1336,3164,6,0,0,50,0,1,2,38,44,35,38,-0.3,-0.9,2,205,54,54,55,40,70,200,28,51,188,185,632,609,620,619,54,91,,80826,94141,N2156.6649,E08523.0600,692.2,15.9
08-08-2026 15:11,1342,885,60,1,1342,3160,6,0,0,50,0,0,3,38,48,28,33,-0.5,-1.5,2,184,54,54,55,40,66,183,28,51,188,184,626,599,612,612,54,90,,80826,94141,N2156.6649,E08523.0600,692.2,15.9
08-08-2026 15:11,1347,285,35,1,1357,3186,6,0,0,50,0,1,2,37,48,44,29,-2.6,0.4,2,57,54,54,55,40,47,159,28,51,188,184,618,580,595,598,54,90,,80826,94142,N2156.6695,E08523.0607,692.4,16.42
08-08-2026 15:11,1338,596,35,1,1329,3105,6,0,0,50,0,1,3,37,46,30,29,-1,-0.8,2,125,54,55,55,39,26,131,28,51,188,184,600,560,574,579,54,90,,80826,94143,N2156.6741,E08523.0615,692.7,16.1
08-08-2026 15:11,1310,544,42,1,1303,3075,6,0,0,50,0,2,3,39,46,35,38,-0.4,-1,2,114,54,55,55,40,28,115,28,51,188,184,583,546,559,564,54,91,,80826,94144,N2156.6785,E08523.0622,692.9,15.85
08-08-2026 15:11,1303,581,42,1,1304,3065,6,0,0,50,0,1,3,39,44,30,36,0.1,-1.1,2,111,54,55,55,40,29,105,28,51,187,184,569,538,548,553,54,91,,80826,94146,N2156.6873,E08523.0640,693.9,15.86
08-08-2026 15:11,1294,540,42,1,1296,3049,6,0,0,50,0,1,3,41,44,25,38,1,-1.6,2,116,54,55,55,39,32,99,28,51,187,184,558,531,540,545,54,90,,80826,94146,N2156.6873,E08523.0640,693.9,15.69
08-08-2026 15:11,1286,763,51,1,1288,3034,6,0,0,50,0,2,3,38,44,26,34,0.2,-1.4,2,236,54,55,55,39,41,98,28,51,187,184,551,533,538,541,54,91,,80826,94148,N2156.6958,E08523.0660,695.1,15.58
08-08-2026 15:11,1277,905,58,1,1280,2999,6,0,0,50,0,0,3,56,44,41,25,-0.4,2.8,2,197,54,55,55,40,51,106,28,51,187,184,551,543,545,545,54,91,,80826,94149,N2156.7001,E08523.0669,695.7,15.63
08-08-2026 15:11,1301,1006,51,1,1312,3122,6,0,0,50,0,0,2,38,44,45,35,-1.6,0.4,2,214,54,55,55,40,56,115,28,51,187,184,556,550,552,550,54,91,,80826,94150,N2156.7044,E08523.0675,696.3,15.48
08-08-2026 15:11,1326,606,38,1,1301,3136,6,0,0,50,0,1,3,54,45,34,22,-0.3,2.1,2,127,54,55,55,40,51,119,28,51,187,184,560,551,553,552,55,90,,80826,94151,N2156.7087,E08523.0678,696.4,15.64
08-08-2026 15:11,1335,249,31,1,1285,3110,6,0,0,50,0,-1,3,44,46,32,51,1.7,-2.1,2,51,54,55,55,40,38,117,28,51,187,184,559,545,549,548,55,90,,80826,94151,N2156.7087,E08523.0678,696.4,15.62
08-08-2026 15:11,1339,349,35,1,1312,3086,6,0,0,50,0,0,4,38,45,23,27,-0.3,-1.1,2,72,54,55,55,40,31,110,28,51,187,184,556,538,542,541,55,91,,80826,94153,N2156.7176,E08523.0680,696.8,15.88
08-08-2026 15:11,1320,825,28,1,1328,3086,6,0,0,50,0,2,3,36,49,26,35,-0.4,-2.2,2,172,54,55,55,39,25,100,28,51,187,184,548,523,529,530,55,90,,80826,94153,N2156.7176,E08523.0680,696.8,16.09
08-08-2026 15:11,1289,566,25,1,1320,3070,6,0,0,50,0,-2,4,37,62,24,30,-1.9,-3.1,2,88,54,55,55,39,16,90,28,51,187,184,538,509,514,517,55,91,,80826,94155,N2156.7266,E08523.0684,697.3,15.97
08-08-2026 15:11,1296,660,39,1,1318,3027,6,0,0,51,0,3,3,39,47,38,29,-1.7,0.1,2,141,54,55,55,40,19,86,28,51,187,183,525,499,501,505,55,91,,80826,94156,N2156.7310,E08523.0690,697.4,15.93
08-08-2026 15:11,1298,705,48,1,1292,3049,6,0,0,51,0,5,4,44,37,33,37,1.1,0.3,2,148,54,55,55,40,34,87,28,51,187,183,518,502,501,503,55,91,,80826,94156,N2156.7310,E08523.0690,697.4,15.95
08-08-2026 15:11,1328,674,50,1,1322,3082,6,0,0,51,0,2,3,43,48,33,35,-0.3,-0.7,2,139,54,55,55,40,37,94,28,51,187,183,517,508,505,507,55,90,,80826,94158,N2156.7399,E08523.0697,698,16
08-08-2026 15:11,1339,655,44,1,1345,3188,6,0,0,51,0,1,3,40,44,31,28,-0.7,-0.1,2,136,54,55,55,40,34,99,28,51,187,183,518,509,506,507,55,91,,80826,94159,N2156.7445,E08523.0698,698.4,16.06
08-08-2026 15:11,1345,628,42,1,1352,3202,6,0,0,51,0,0,3,50,45,33,32,0.4,0.6,2,92,54,55,55,39,29,97,28,51,187,183,517,505,502,504,55,90,,80826,94200,N2156.7491,E08523.0701,698.1,16.33
08-08-2026 15:12,1351,401,36,1,1310,3150,6,0,0,51,0,-2,3,29,54,19,27,-1.7,-3.3,2,82,54,55,56,39,20,92,28,51,186,183,513,495,492,496,55,91,,80826,94201,N2156.7537,E08523.0706,697.9,16.41
08-08-2026 15:12,1325,272,34,1,1322,3103,6,0,0,51,0,-7,5,49,57,16,18,-0.6,-1,2,0,54,55,56,40,16,85,28,51,186,183,504,482,480,485,55,90,,80826,94201,N2156.7537,E08523.0706,697.9,16.39
08-08-2026 15:12,1306,886,63,1,1326,3016,6,0,0,51,0,6,6,38,47,46,35,-2,0.2,2,189,54,55,56,40,32,83,28,51,186,183,495,478,473,478,55,90,,80826,94203,N2156.7628,E08523.0728,698.2,15.78
08-08-2026 15:12,1292,1018,65,1,1322,3101,6,0,0,51,0,0,5,46,39,40,30,-0.3,1.7,2,285,54,55,56,40,45,94,28,51,186,183,494,491,483,486,55,91,,80826,94204,N2156.7672,E08523.0743,698.2,15.99
08-08-2026 15:12,1323,632,44,1,1335,3181,6,0,0,51,0,0,3,46,39,33,29,0.3,1.1,2,131,54,55,56,40,41,104,28,51,186,183,501,499,493,495,55,90,,80826,94205,N2156.7717,E08523.0757,697.8,16.04
08-08-2026 15:12,1340,342,37,1,1338,3164,6,0,0,51,0,0,2,45,39,34,30,0.2,1,2,70,54,55,56,39,24,101,28,51,186,183,504,493,491,494,55,91,,80826,94206,N2156.7764,E08523.0768,697.4,16.14
08-08-2026 15:12,1331,455,37,1,1332,3131,6,0,0,51,0,-2,3,56,38,30,23,1.1,2.5,2,95,54,55,56,39,20,94,28,51,186,183,501,484,482,486,55,91,,80826,94207,N2156.7810,E08523.0775,697.1,16.2
08-08-2026 15:12,1337,439,40,1,1315,3105,6,0,0,51,0,1,3,51,30,20,38,3.9,0.3,2,91,54,55,56,39,25,89,28,51,186,183,495,479,475,479,55,90,,80826,94208,N2156.7855,E08523.0776,697,16
08-08-2026 15:12,1313,627,43,1,1309,3079,6,0,0,51,0,1,3,51,37,42,18,-1,3.8,2,133,54,56,56,39,26,88,28,51,186,183,490,479,473,476,55,90,,80826,94209,N2156.7899,E08523.0769,696.9,16.14
08-08-2026 15:12,1308,801,48,1,1271,3053,6,0,0,51,0,-2,3,54,32,37,20,0.5,3.9,2,170,54,56,56,39,39,93,28,51,186,183,489,485,476,478,55,90,,80826,94210,N2156.7938,E08523.0754,697.1,15.59
08-08-2026 15:12,1287,1039,60,1,1276,3011,6,0,0,51,0,1,3,54,30,38,25,1.1,3.7,2,294,54,56,56,39,56,102,28,51,186,182,495,503,491,490,55,90,,80826,94211,N2156.7975,E08523.0733,696.5,15
08-08-2026 15:12,1286,1574,85,1,1284,3077,6,0,0,51,0,5,2,45,32,35,31,0.9,1.7,2,338,54,56,56,40,94,125,28,52,186,182,511,531,517,512,55,90,,80826,94211,N2156.7975,E08523.0733,696.5,15
08-08-2026 15:12,1310,1562,76,1,1340,3143,6,0,0,51,0,4,3,46,38,27,40,2.1,-0.5,2,220,54,56,56,40,95,149,28,52,186,182,533,552,540,534,56,90,,80826,94213,N2156.8033,E08523.0665,695.7,14.97
08-08-2026 15:12,1336,511,43,1,1356,3197,6,0,0,51,0,3,3,42,41,32,40,0.9,-0.7,2,106,54,56,56,39,65,157,28,52,186,182,549,554,548,543,56,91,,80826,94214,N2156.8062,E08523.0626,695.8,16.39
08-08-2026 15:12,1322,629,46,1,1308,3110,6,0,0,51,0,0,3,42,41,32,32,0.1,0.1,2,133,54,56,56,39,36,146,28,52,186,182,554,545,543,541,56,91,,80826,94215,N2156.8092,E08523.0588,695.6,16.23
08-08-2026 15:12,1282,0,24,1,1270,2983,6,0,0,51,0,0,3,44,42,31,30,0.1,0.3,2,0,54,56,56,39,18,119,28,52,186,182,548,522,524,526,56,90,,80826,94216,N2156.8119,E08523.0551,695.4,16.04
08-08-2026 15:12,1203,0,4,1,1149,2737,5,0,0,51,0,-5,2,50,45,35,24,-0.6,1.6,2,0,54,56,56,38,11,96,28,52,185,182,531,495,498,503,56,90,,80826,94217,N2156.8144,E08523.0512,695.4,15.2
08-08-2026 15:12,1293,803,40,1,1082,2577,5,0,0,51,0,-1,2,45,40,26,36,1.5,-0.5,2,0,54,56,56,40,11,84,28,52,185,181,512,478,480,486,56,91,,80826,94218,N2156.8164,E08523.0477,695.3,14.11
08-08-2026 15:12,1403,0,0,1,989,2343,5,0,0,51,0,-2,2,50,41,30,32,1.1,0.7,2,0,54,56,56,39,8,71,28,52,185,181,493,452,456,464,56,90,,80826,94219,N2156.8179,E08523.0442,695,12.93
08-08-2026 15:12,1335,0,1,1,953,2265,5,0,0,51,0,0,2,50,42,28,37,1.7,-0.1,2,0,55,56,56,39,6,59,28,52,185,181,470,420,426,437,56,90,,80826,94220,N2156.8190,E08523.0407,695.2,12.32
08-08-2026 15:12,1250,0,0,1,915,2048,5,0,0,51,0,-2,3,44,47,34,24,-1.3,0.7,2,0,54,56,57,39,5,50,28,52,185,181,445,396,402,413,56,90,,80826,94221,N2156.8195,E08523.0374,695.1,11.53
08-08-2026 15:12,1240,798,0,1,804,1937,4,0,0,51,0,-1,3,45,41,35,27,-0.4,1.2,2,168,54,56,57,40,6,51,28,52,185,181,422,379,384,396,56,91,,80826,94222,N2156.8198,E08523.0344,695,10.81
08-08-2026 15:12,1380,0,0,1,754,1791,4,0,0,51,0,0,3,45,43,29,35,0.8,-0.4,2,0,55,56,57,39,7,50,28,52,185,181,401,357,365,376,56,90,,80826,94223,N2156.8197,E08523.0317,694.9,9.54
08-08-2026 15:12,1278,0,0,1,652,1550,3,0,0,51,0,-2,3,41,47,39,19,-2.6,1.4,2,0,55,56,57,39,5,48,28,52,185,181,380,336,345,356,56,91,,80826,94224,N2156.8194,E08523.0290,694.8,8.76
08-08-2026 15:12,1165,698,39,1,617,1472,3,0,0,51,0,-1,3,42,49,39,25,-2.1,0.7,2,168,55,56,57,39,7,48,28,52,185,181,361,329,333,343,56,91,,80826,94225,N2156.8192,E08523.0265,695,8.33
08-08-2026 15:12,1252,0,0,0,470,1175,2,0,0,51,0,-4,3,43,49,28,26,-0.8,-0.4,2,27,55,56,57,38,6,47,28,52,184,181,349,321,324,335,56,91,,80826,94226,N2156.8188,E08523.0247,694.6,7
08-08-2026 15:12,1299,116,59,0,428,1026,2,0,0,51,0,6,3,40,42,34,37,0.1,-0.5,2,185,55,56,57,41,15,61,28,52,184,181,342,336,331,338,56,91,,80826,94227,N2156.8185,E08523.0231,694.4,5.88
08-08-2026 15:12,1511,416,35,1,425,1036,2,0,0,51,0,-3,3,44,46,28,36,0.6,-1,2,78,55,56,57,39,15,67,28,52,184,181,347,346,342,345,56,91,,80826,94228,N2156.8183,E08523.0215,694.3,5.24
08-08-2026 15:12,1375,37,29,1,401,967,2,0,0,51,0,2,3,41,41,23,45,2.2,-2.2,2,120,55,56,57,39,13,68,28,52,184,181,350,345,342,345,56,90,,80826,94229,N2156.8182,E08523.0199,694.3,5.19
08-08-2026 15:12,1385,496,41,1,440,1026,2,0,0,52,0,-1,3,42,44,20,41,1.9,-2.3,2,99,55,56,57,39,15,71,28,52,184,181,353,351,346,348,56,91,,80826,94230,N2156.8183,E08523.0182,694.4,5.73
08-08-2026 15:12,1484,430,40,1,453,1059,2,0,0,52,0,0,3,40,47,24,44,1.3,-2.7,2,75,55,56,57,41,14,75,28,52,184,181,357,355,349,351,56,91,,80826,94231,N2156.8186,E08523.0163,694.8,5.73
08-08-2026 15:12,1533,344,36,1,465,1076,2,0,0,52,0,1,3,35,52,25,40,-0.2,-3.2,2,61,55,56,57,40,14,73,28,52,184,181,360,355,350,351,56,91,,80826,94232,N2156.8191,E08523.0147,695.1,5.81
08-08-2026 15:12,1458,0,6,1,400,960,2,0,0,52,0,-2,3,35,55,32,30,-2.2,-1.8,2,0,55,56,57,39,9,65,28,52,184,181,358,340,340,342,56,90,,80826,94233,N2156.8200,E08523.0133,695.3,5.35
08-08-2026 15:12,1222,0,4,1,355,856,2,0,41,52,0,-4,3,40,52,34,26,-2,-0.4,2,0,55,56,57,38,6,54,28,52,184,181,350,324,325,328,56,91,,80826,94234,N2156.8211,E08523.0122,695.5,5.54
08-08-2026 15:12,1005,0,4,0,240,601,2,0,41,52,0,-9,2,46,52,27,26,-0.7,-0.5,2,0,55,56,57,25,5,43,28,52,184,181,337,309,310,314,56,90,,80826,94235,N2156.8223,E08523.0115,695.2,4.04
08-08-2026 15:12,706,48,1,0,151,391,2,0,41,52,0,-7,2,46,52,25,29,-0.2,-1,2,41,55,56,57,18,3,37,28,52,184,180,326,300,299,304,56,91,,80826,94236,N2156.8230,E08523.0111,695.2,4.04
08-08-2026 15:12,601,139,0,0,0,0,2,0,41,52,0,-5,2,46,52,24,31,0.1,-1.3,1,65,55,56,57,17,3,33,28,52,184,181,316,298,294,298,56,91,,80826,94237,N2156.8233,E08523.0109,695.3,1.94
08-08-2026 15:12,619,147,0,0,0,0,2,0,41,52,0,-3,3,46,51,25,32,0.2,-1.2,1,84,55,56,57,18,3,34,28,52,202,201,312,298,293,297,56,91,,80826,94238,N2156.8233,E08523.0110,695.3,0.39
08-08-2026 15:12,641,146,0,0,0,0,2,0,41,52,0,-3,3,46,51,25,32,0.2,-1.2,1,64,55,56,57,19,3,33,28,52,208,207,309,300,294,298,56,91,,80826,94239,N2156.8233,E08523.0110,695.3,0
08-08-2026 15:12,653,139,0,0,0,0,2,0,41,52,0,-3,3,46,51,25,32,0.2,-1.2,1,59,55,56,58,19,3,32,28,52,208,206,309,302,295,298,56,91,,80826,94240,N2156.8233,E08523.0110,695.3,0
08-08-2026 15:12,652,184,0,0,0,0,2,0,41,52,0,-3,3,46,51,25,32,0.2,-1.2,1,76,55,56,58,19,4,32,28,52,207,206,309,303,297,300,56,90,,80826,94241,N2156.8233,E08523.0110,695.3,0
08-08-2026 15:12,650,184,0,0,0,0,2,0,41,52,0,-3,3,46,51,25,32,0.2,-1.2,1,59,55,56,58,19,3,31,28,52,207,205,310,305,298,301,56,91,,80826,94242,N2156.8233,E08523.0110,695.3,0
08-08-2026 15:12,650,186,0,0,0,0,2,0,41,52,0,-3,3,46,51,25,32,0.2,-1.2,1,81,55,56,58,19,4,31,28,52,206,205,311,306,299,301,56,90,,80826,94243,N2156.8233,E08523.0110,695.3,0
08-08-2026 15:12,650,187,0,0,0,0,2,0,41,52,0,-3,3,46,51,26,32,0.1,-1.1,1,81,55,56,58,19,4,32,28,52,205,204,313,308,300,302,56,91,,80826,94244,N2156.8233,E08523.0110,695.3,0
08-08-2026 15:12,649,140,0,0,0,0,2,0,41,52,0,-3,3,45,51,26,32,0,-1.2,1,59,55,56,58,19,3,32,28,52,205,204,314,309,301,303,56,91,,80826,94245,N2156.8233,E08523.0110,695.2,0
08-08-2026 15:12,648,141,0,0,0,0,2,0,41,52,0,-3,3,45,51,26,32,0,-1.2,1,60,55,56,58,19,3,32,28,52,205,203,314,311,302,304,56,91,,80826,94246,N2156.8233,E08523.0110,695.2,0
08-08-2026 15:12,648,143,0,0,0,0,2,0,41,52,0,-3,3,45,51,26,31,-0.1,-1.1,1,60,55,56,58,19,3,32,28,52,205,203,315,311,303,305,56,91,,80826,94247,N2156.8233,E08523.0110,695.2,0
08-08-2026 15:12,649,141,0,0,0,0,2,0,41,52,0,-3,3,45,51,26,31,-0.1,-1.1,1,59,56,56,58,19,4,33,28,52,204,202,317,313,304,306,56,90,,80826,94248,N2156.8233,E08523.0110,695.2,0
08-08-2026 15:12,650,142,0,0,0,0,2,0,41,52,0,-3,3,45,50,26,31,0,-1,1,59,56,56,58,19,4,33,28,52,204,202,318,314,305,306,56,90,,80826,94249,N2156.8233,E08523.0110,695.2,0
08-08-2026 15:12,649,142,0,0,0,0,2,0,41,52,0,-3,3,45,50,26,31,0,-1,1,59,56,56,58,19,4,33,28,52,203,201,320,315,305,307,56,91,,80826,94250,N2156.8233,E08523.0110,695.2,0
08-08-2026 15:12,650,142,0,0,0,0,2,0,41,53,0,-3,3,45,50,26,31,0,-1,1,59,56,56,58,19,4,33,28,52,203,201,318,316,306,308,57,90,,80826,94251,N2156.8233,E08523.0110,695.2,0
08-08-2026 15:12,650,141,0,0,0,0,2,0,41,53,0,-3,3,45,50,26,31,0,-1,1,81,56,56,58,19,4,34,28,52,203,201,321,316,307,308,57,90,,80826,94252,N2156.8233,E08523.0110,695.2,0
08-08-2026 15:12,650,141,0,0,0,0,2,0,41,53,0,-3,3,45,50,26,31,0,-1,1,59,56,56,58,19,3,34,28,52,203,200,320,317,307,308,57,91,,80826,94253,N2156.8233,E08523.0110,695.2,0
08-08-2026 15:12,650,141,0,0,0,0,2,0,41,53,0,-3,3,45,50,26,31,0,-1,1,81,56,56,58,19,3,34,28,52,202,200,321,318,307,309,57,91,,80826,94254,N2156.8233,E08523.0110,695.2,0
08-08-2026 15:12,650,140,0,0,0,0,2,0,41,53,0,-3,3,45,50,26,31,0,-1,1,59,56,56,58,19,4,34,28,52,202,200,320,318,308,309,57,90,,80826,94255,N2156.8233,E08523.0110,695.2,0
08-08-2026 15:12,648,141,0,0,0,0,2,0,41,53,0,-3,3,45,50,26,31,0,-1,1,59,56,56,58,19,3,34,28,52,201,199,322,318,308,309,57,91,,80826,94256,N2156.8233,E08523.0110,695.2,0
08-08-2026 15:12,650,187,0,0,0,0,2,0,41,53,0,-3,3,45,50,26,31,0,-1,1,81,57,56,58,19,4,35,28,52,201,199,321,319,308,309,57,90,,80826,94257,N2156.8233,E08523.0110,695.2,0
08-08-2026 15:12,649,140,0,0,0,0,2,0,41,53,0,-3,3,45,50,26,31,0,-1,1,81,57,56,58,19,4,35,28,52,201,198,322,319,308,309,57,90,,80826,94258,N2156.8233,E08523.0110,695.2,0
08-08-2026 15:12,651,139,0,0,0,0,2,0,41,53,0,-3,3,45,50,26,31,0,-1,1,59,57,56,58,19,4,34,28,52,201,198,323,319,308,309,57,90,,80826,94259,N2156.8233,E08523.0110,695.2,0
08-08-2026 15:12,651,138,0,0,0,0,2,0,41,53,0,-3,3,45,50,26,31,0,-1,1,59,57,56,58,19,3,34,28,52,201,198,322,319,308,309,57,91,,80826,94300,N2156.8233,E08523.0110,695.2,0
08-08-2026 15:13,649,184,0,0,0,0,2,0,41,53,0,-3,3,45,50,26,31,0,-1,1,77,57,56,58,19,4,34,28,52,201,198,323,319,308,309,57,90,,80826,94301,N2156.8233,E08523.0110,695.2,0
08-08-2026 15:13,649,138,0,0,0,0,2,0,41,53,0,-3,3,45,50,26,31,0,-1,1,59,57,56,58,19,3,34,28,52,200,198,323,319,308,309,57,91,,80826,94302,N2156.8233,E08523.0109,695.2,0
08-08-2026 15:13,651,184,0,0,0,0,2,0,41,53,0,-3,3,45,50,26,31,0,-1,1,76,57,56,59,19,4,35,28,52,201,198,322,319,308,309,57,90,,80826,94303,N2156.8234,E08523.0109,695.2,0
08-08-2026 15:13,650,137,0,0,0,0,2,0,41,53,0,-3,3,45,50,26,31,0,-1,1,59,57,56,59,19,3,34,28,52,200,197,322,319,307,309,57,91,,80826,94304,N2156.8234,E08523.0109,695.2,0
08-08-2026 15:13,649,184,0,0,0,0,2,0,41,53,0,-3,3,45,50,26,31,0,-1,1,77,57,56,59,19,3,34,28,52,200,197,323,318,307,309,57,91,,80826,94305,N2156.8234,E08523.0109,695.1,0
08-08-2026 15:13,650,137,0,0,0,0,2,0,41,53,0,-3,3,45,50,26,31,0,-1,1,59,58,56,59,19,3,34,28,52,200,197,321,318,307,308,57,91,,80826,94306,N2156.8234,E08523.0109,695.1,0
08-08-2026 15:13,649,138,0,0,0,0,2,0,41,53,0,-3,3,45,50,26,31,0,-1,1,59,58,56,59,19,4,34,28,52,200,197,321,318,307,308,57,90,,80826,94307,N2156.8234,E08523.0109,695.1,0
08-08-2026 15:13,650,183,0,0,0,0,2,0,41,53,0,-3,3,45,50,26,31,0,-1,1,76,58,56,59,19,4,34,28,52,200,197,321,318,306,308,57,90,,80826,94308,N2156.8234,E08523.0109,695.1,0
08-08-2026 15:13,650,137,0,0,0,0,2,0,41,53,0,-3,3,45,50,26,31,0,-1,1,59,58,56,59,19,3,34,28,53,200,197,321,318,306,308,57,91,,80826,94309,N2156.8234,E08523.0109,695.1,0
08-08-2026 15:13,649,137,0,0,0,0,2,0,41,53,0,-3,3,45,50,26,31,0,-1,1,59,58,56,59,19,4,35,28,53,200,197,321,317,306,308,57,90,,80826,94310,N2156.8234,E08523.0109,695.1,0
08-08-2026 15:13,648,187,0,0,0,0,2,0,41,53,0,-3,3,45,50,26,31,0,-1,1,59,58,56,59,19,4,35,28,52,199,196,321,317,306,307,57,91,,80826,94311,N2156.8234,E08523.0109,695.1,0
08-08-2026 15:13,649,139,0,0,0,0,2,0,41,53,0,-3,3,45,50,26,31,0,-1,1,59,58,56,59,19,3,35,28,53,199,196,321,317,306,308,57,91,,80826,94312,N2156.8234,E08523.0109,695.1,0
08-08-2026 15:13,649,139,0,0,0,0,2,0,41,53,0,-3,3,45,50,26,31,0,-1,1,59,58,56,59,19,4,35,28,53,199,196,319,317,306,307,57,91,,80826,94313,N2156.8234,E08523.0109,695.1,0
08-08-2026 15:13,649,139,0,0,0,0,2,0,41,53,0,-3,3,45,50,26,31,0,-1,1,59,58,56,59,19,3,35,28,53,198,196,318,317,306,307,57,91,,80826,94314,N2156.8234,E08523.0109,695.1,0
08-08-2026 15:13,649,139,0,0,0,0,2,0,41,53,0,-3,3,45,50,27,31,-0.1,-0.9,1,59,58,56,59,19,4,35,28,53,198,195,319,316,306,307,57,90,,80826,94315,N2156.8234,E08523.0109,695.1,0
08-08-2026 15:13,649,140,0,0,0,0,2,0,41,53,0,-3,3,45,50,27,31,-0.1,-0.9,1,59,58,56,59,19,3,36,28,53,198,195,321,316,306,307,57,91,,80826,94316,N2156.8234,E08523.0109,695.1,0
08-08-2026 15:13,650,139,0,0,0,0,2,0,41,53,0,-3,3,45,50,27,31,-0.1,-0.9,1,76,58,56,59,19,4,36,28,53,198,195,318,316,306,306,57,90,,80826,94317,N2156.8234,E08523.0109,695.1,0
08-08-2026 15:13,651,138,0,0,0,0,2,0,41,53,0,-3,3,45,50,27,31,-0.1,-0.9,1,59,58,56,59,19,3,36,28,53,198,195,319,316,305,306,57,91,,80826,94318,N2156.8234,E08523.0109,695.1,0
08-08-2026 15:13,650,138,0,0,0,0,2,0,41,53,0,-3,3,45,50,27,31,-0.1,-0.9,1,59,59,56,59,19,3,35,28,53,198,195,319,316,305,306,57,91,,80826,94319,N2156.8234,E08523.0109,695.1,0
08-08-2026 15:13,650,186,0,0,0,0,2,0,41,53,0,-3,3,45,50,27,31,-0.1,-0.9,1,81,59,56,59,19,3,35,28,53,198,195,317,316,305,306,57,91,,80826,94320,N2156.8234,E08523.0109,695.1,0
08-08-2026 15:13,650,139,0,0,0,0,2,0,41,53,0,-3,3,45,50,27,31,-0.1,-0.9,1,59,59,56,59,19,3,35,28,53,198,195,318,316,305,306,58,91,,80826,94321,N2156.8234,E08523.0109,695.1,0
08-08-2026 15:13,650,184,0,0,0,0,2,0,41,53,0,-3,3,45,50,27,31,-0.1,-0.9,1,76,59,56,59,19,4,36,28,53,198,195,319,316,305,306,58,90,,80826,94322,N2156.8234,E08523.0109,695.1,0
08-08-2026 15:13,649,138,0,0,0,0,2,0,0,53,0,1,3,37,47,27,36,-0.1,-1.9,1,201,59,56,59,20,4,38,28,53,197,195,315,318,306,307,58,91,,80826,94323,N2156.8234,E08523.0109,695.1,0
08-08-2026 15:13,861,581,89,0,128,259,2,0,0,53,0,3,3,37,46,28,37,0,-1.8,2,171,59,56,59,32,8,47,28,53,198,194,320,335,319,318,58,90,,80826,94324,N2156.8236,E08523.0109,695,0
08-08-2026 15:13,1151,863,92,0,331,745,2,0,0,53,0,4,3,29,50,25,41,-0.5,-3.7,2,190,59,56,59,39,31,69,28,53,198,195,334,366,345,341,58,90,,80826,94325,N2156.8244,E08523.0110,694.9,3.37
08-08-2026 15:13,1503,495,47,0,403,1045,2,0,0,53,0,1,3,31,52,35,45,-1.1,-3.1,2,88,59,56,59,42,39,94,28,53,197,194,358,396,376,368,58,90,,80826,94326,N2156.8255,E08523.0110,694.9,3.37
08-08-2026 15:13,1568,1415,70,1,508,1163,2,0,0,53,0,-3,2,21,62,27,20,-4.8,-3.4,2,246,59,56,59,44,47,116,28,53,197,194,384,419,402,393,58,90,,80826,94327,N2156.8273,E08523.0111,695,6.37
08-08-2026 15:13,1471,1156,70,1,438,1097,2,0,0,53,0,-2,3,32,59,20,49,0.2,-5.6,2,224,59,56,59,40,35,121,28,53,197,194,404,430,414,406,58,90,,80826,94328,N2156.8291,E08523.0118,695.1,6.88
08-08-2026 15:13,1460,1399,76,1,448,1076,2,0,0,53,0,-7,2,30,54,21,19,-2.6,-2.2,2,272,59,56,59,38,44,133,28,53,197,194,423,449,433,425,58,90,,80826,94329,N2156.8306,E08523.0131,695.1,7.27
08-08-2026 15:13,1209,0,0,1,343,837,2,0,0,53,0,-2,2,39,53,30,27,-1.7,-1.1,2,0,58,56,59,37,23,112,28,53,197,194,437,440,431,427,58,90,,80826,94330,N2156.8320,E08523.0148,695,6.98
08-08-2026 15:13,748,45,0,0,226,552,2,0,0,53,0,0,2,39,45,28,38,0.4,-1.6,2,15,58,56,59,18,9,85,28,53,174,172,438,424,417,416,59,90,,80826,94331,N2156.8331,E08523.0165,695,6.98
08-08-2026 15:13,634,83,0,0,194,483,2,1,0,53,0,-5,2,48,47,27,29,0.3,-0.1,2,35,58,56,59,16,7,61,28,53,142,140,429,408,403,404,59,90,,80826,94332,N2156.8339,E08523.0178,695.1,3.52
08-08-2026 15:13,611,90,0,0,0,0,12,0,0,53,0,1,2,42,44,30,33,0.1,-0.5,1,217,58,56,60,18,6,53,28,53,143,141,420,401,394,396,59,90,,80826,94333,N2156.8343,E08523.0185,695.2,0.9
08-08-2026 15:13,889,697,100,0,0,117,12,0,0,53,0,0,2,44,47,29,30,-0.2,-0.4,2,205,58,56,60,38,18,58,28,53,144,142,415,410,399,399,59,90,,80826,94334,N2156.8343,E08523.0184,695.1,0.02
08-08-2026 15:13,1269,804,100,0,157,375,12,0,0,53,0,-2,3,44,49,29,30,-0.4,-0.6,2,182,58,56,60,38,31,72,28,53,145,143,421,430,416,414,59,90,,80826,94335,N2156.8343,E08523.0185,695.1,0.61
08-08-2026 15:13,1387,1259,89,0,229,684,12,0,0,53,0,0,3,40,52,32,29,-1.5,-0.9,2,242,58,56,60,42,73,97,28,53,145,144,438,458,442,437,59,91,,80826,94336,N2156.8339,E08523.0182,695.1,0.61
08-08-2026 15:13,1634,1791,92,0,384,868,12,0,0,53,0,0,4,43,45,39,24,-1.7,1.3,2,254,58,56,60,46,98,140,28,53,146,144,462,492,475,467,59,90,,80826,94337,N2156.8332,E08523.0176,695.2,4.24
08-08-2026 15:13,1943,1279,89,0,495,1116,12,0,0,53,0,-3,4,40,51,25,33,-0.3,-1.9,2,182,58,56,60,49,106,176,28,53,147,145,488,510,497,488,59,90,,80826,94338,N2156.8322,E08523.0167,695.2,5.31
08-08-2026 15:13,1954,784,44,1,515,1208,12,0,0,53,0,2,4,44,40,29,40,1.5,-0.7,2,110,58,56,60,47,78,190,28,53,147,145,503,507,502,495,59,91,,80826,94339,N2156.8311,E08523.0153,695.1,6.06
08-08-2026 15:13,1717,0,0,1,396,979,12,0,0,53,0,-1,4,50,40,55,16,-2.9,4.9,2,0,58,56,60,40,25,162,28,53,148,145,503,482,484,482,59,90,,80826,94340,N2156.8301,E08523.0138,695.1,6.16
08-08-2026 15:13,1224,0,16,1,306,601,12,0,0,53,0,-2,4,40,42,59,13,-4.8,4.4,2,0,58,56,60,34,16,122,28,53,148,146,488,456,459,461,60,90,,80826,94341,N2156.8291,E08523.0123,695,6.16
08-08-2026 15:13,1172,755,64,0,243,554,12,0,0,53,0,-6,4,52,43,32,23,0,1.8,2,252,58,56,60,39,29,110,28,53,148,147,475,457,454,455,60,90,,80826,94342,N2156.8283,E08523.0109,695.1,5.09
08-08-2026 15:13,1407,1459,85,0,276,630,12,0,0,53,0,-2,4,48,44,25,33,1.2,-0.4,2,284,58,56,60,39,46,123,28,53,148,147,478,484,476,473,59,91,,80826,94343,N2156.8280,E08523.0097,695,3.79
08-08-2026 15:13,1611,709,44,0,364,830,12,0,0,53,0,0,3,41,48,22,41,1.2,-2.6,2,119,58,56,60,44,85,145,28,53,149,147,493,502,497,493,59,90,,80826,94344,N2156.8281,E08523.0089,695.1,2.65
08-08-2026 15:13,1408,0,21,0,309,755,12,0,0,53,0,2,4,52,34,22,36,3.2,0.4,2,0,58,56,60,38,24,130,28,53,150,148,503,488,491,490,59,90,,80826,94345,N2156.8281,E08523.0082,695.2,2.7
08-08-2026 15:13,1101,867,33,0,236,516,12,0,0,53,0,-4,4,48,51,19,38,1.6,-2.2,2,222,58,56,60,35,19,108,28,53,150,148,498,474,477,479,59,91,,80826,94346,N2156.8283,E08523.0078,694.9,2.7
08-08-2026 15:13,924,0,0,0,195,462,12,0,0,53,0,3,4,37,45,40,29,-1.9,0.3,2,0,58,56,60,25,11,79,28,53,116,115,487,458,460,466,59,90,,80826,94347,N2156.8286,E08523.0075,695,2.61
08-08-2026 15:13,656,91,0,0,170,125,12,1,0,53,0,0,4,44,47,27,30,0,-0.6,2,39,58,57,60,17,7,59,28,53,124,123,473,441,444,450,59,90,,80826,94348,N2156.8291,E08523.0074,695.1,1.94
08-08-2026 15:13,633,146,0,0,0,0,12,1,0,53,0,-3,6,47,51,36,41,0.1,-0.9,1,82,58,57,60,18,5,51,28,53,144,143,461,430,431,438,59,90,,80826,94349,N2156.8290,E08523.0075,695,0.09
08-08-2026 15:13,645,141,0,0,0,0,0,1,0,53,0,-1,10,50,52,40,44,0.2,-0.6,1,67,58,57,60,19,4,44,28,53,154,153,447,420,422,428,59,91,,80826,94350,N2156.8289,E08523.0075,695,0.02
08-08-2026 15:13,684,108,0,0,0,0,0,0,0,53,0,-2,14,49,52,40,44,0.1,-0.7,1,44,58,57,60,20,5,38,28,53,181,180,436,410,412,419,59,90,,80826,94351,N2156.8289,E08523.0075,695,0.02
08-08-2026 15:13,677,74,0,0,0,0,0,0,0,53,0,-1,17,49,51,40,44,0.2,-0.6,1,33,58,57,60,19,3,32,28,53,197,196,425,399,400,408,59,91,,80826,94352,N2156.8289,E08523.0075,695,0
08-08-2026 15:13,662,105,0,0,0,0,0,0,0,53,0,-1,17,49,51,40,43,0.1,-0.5,1,42,58,57,60,19,2,28,28,53,207,206,414,387,389,397,59,91,,80826,94353,N2156.8289,E08523.0075,695,0
08-08-2026 15:13,660,101,0,0,0,0,0,0,0,53,0,-1,17,49,51,40,43,0.1,-0.5,1,42,58,57,60,19,2,25,28,54,206,205,402,377,378,386,59,90,,80826,94354,N2156.8289,E08523.0075,695,0
08-08-2026 15:13,657,76,0,0,0,0,0,0,0,53,0,-1,16,49,51,40,43,0.1,-0.5,3,33,58,57,60,19,1,23,28,54,205,204,391,365,366,375,59,91,,80826,94355,N2156.8289,E08523.0075,695,0
08-08-2026 15:13,656,102,0,0,0,0,0,0,0,53,0,-1,16,49,51,40,43,0.1,-0.5,3,42,58,57,60,19,2,22,28,54,203,203,379,356,356,365,59,90,,80826,94356,N2156.8289,E08523.0075,695,0
08-08-2026 15:13,657,76,0,0,0,0,0,0,0,53,0,-1,16,49,51,40,43,0.1,-0.5,3,33,58,57,60,19,1,21,28,54,203,202,371,347,347,356,59,91,,80826,94358,N2156.8289,E08523.0075,695,0
08-08-2026 15:13,657,101,0,0,0,0,0,0,0,53,0,-1,16,49,51,40,43,0.1,-0.5,3,33,58,57,60,19,1,20,28,54,201,201,360,339,338,346,59,91,,80826,94359,N2156.8289,E08523.0075,695,0
08-08-2026 15:13,657,76,0,0,0,0,0,0,0,53,0,-1,16,49,51,40,43,0.1,-0.5,3,33,58,57,60,19,1,20,28,54,201,200,352,331,330,339,59,91,,80826,94400,N2156.8289,E08523.0075,695,0
08-08-2026 15:14,657,76,0,0,0,0,0,0,0,53,0,-1,16,49,51,40,43,0.1,-0.5,3,33,58,57,60,19,2,20,28,54,200,200,344,324,323,331,59,90,,80826,94401,N2156.8289,E08523.0075,695,0
08-08-2026 15:14,657,76,0,0,0,0,0,0,0,53,0,-1,16,49,51,40,43,0.1,-0.5,3,33,58,57,60,19,0,21,28,54,200,199,336,318,316,324,59,91,,80826,94401,N2156.8289,E08523.0075,695,0
08-08-2026 15:14,657,101,0,0,0,0,0,0,0,53,0,-1,16,49,51,40,43,0.1,-0.5,3,42,58,57,60,19,2,21,28,54,200,198,330,311,310,317,59,90,,80826,94403,N2156.8289,E08523.0075,695,0
08-08-2026 15:14,657,102,0,0,0,0,0,0,0,53,0,-1,16,49,51,40,43,0.1,-0.5,3,42,58,57,60,19,2,21,28,54,199,198,324,306,304,311,59,90,,80826,94404,N2156.8289,E08523.0075,695,0
08-08-2026 15:14,657,76,0,0,0,0,0,0,0,53,0,-1,16,49,51,40,42,0,-0.4,3,33,58,57,60,19,1,21,28,54,198,197,318,301,298,305,59,90,,80826,94405,N2156.8289,E08523.0075,695,0
08-08-2026 15:14,658,75,0,0,0,0,0,0,0,53,0,-1,16,48,51,41,42,-0.2,-0.4,3,33,58,57,60,19,2,21,28,54,198,197,313,295,292,299,59,90,,80826,94406,N2156.8289,E08523.0075,695,0
08-08-2026 15:14,657,75,0,0,0,0,0,0,0,53,0,-1,16,48,51,40,43,0,-0.6,3,29,58,57,60,19,1,21,28,54,197,195,307,290,286,293,59,90,,80826,94406,N2156.8289,E08523.0075,695,0
08-08-2026 15:14,657,75,0,0,0,0,0,0,0,53,0,-1,16,48,51,41,42,-0.2,-0.4,3,33,58,57,60,19,2,21,28,54,197,195,301,286,282,288,59,90,,80826,94408,N2156.8289,E08523.0075,695,0
08-08-2026 15:14,657,76,0,0,0,0,0,0,0,53,0,-1,16,48,51,41,42,-0.2,-0.4,3,33,58,57,60,19,2,22,28,54,197,195,298,282,277,284,59,90,,80826,94409,N2156.8289,E08523.0075,695,0
08-08-2026 15:14,657,100,0,0,0,0,0,0,0,53,0,-1,16,48,51,41,42,-0.2,-0.4,3,42,58,57,60,19,2,22,28,54,197,194,292,278,273,279,59,90,,80826,94410,N2156.8289,E08523.0075,695,0
08-08-2026 15:14,657,101,0,0,0,0,0,0,0,53,0,-1,16,48,51,41,42,-0.2,-0.4,3,42,58,57,60,19,1,21,28,54,196,194,288,275,268,275,59,90,,80826,94411,N2156.8289,E08523.0075,695,0
08-08-2026 15:14,657,101,0,0,0,0,0,0,0,53,0,-1,16,48,51,41,42,-0.2,-0.4,3,42,58,57,60,19,2,22,28,54,195,193,284,271,265,271,59,90,,80826,94411,N2156.8289,E08523.0075,695,0
08-08-2026 15:14,657,75,0,0,0,0,0,0,0,53,0,-1,16,48,51,41,42,-0.2,-0.4,3,33,58,57,60,19,2,22,28,54,195,192,282,268,261,267,59,90,,80826,94413,N2156.8289,E08523.0075,695,0
08-08-2026 15:14,656,76,0,0,0,0,0,0,0,53,0,-1,16,48,51,41,42,-0.2,-0.4,3,33,58,57,60,19,0,22,28,54,195,192,278,265,258,264,59,91,,80826,94414,N2156.8289,E08523.0075,695,0
08-08-2026 15:14,656,76,0,0,0,0,0,0,0,53,0,-1,16,48,51,41,42,-0.2,-0.4,3,33,58,57,60,19,1,23,28,54,195,192,274,262,255,260,59,90,,80826,94415,N2156.8289,E08523.0075,695,0
08-08-2026 15:14,656,76,0,0,0,0,0,0,0,53,0,-1,16,48,51,41,42,-0.2,-0.4,3,33,58,57,61,19,1,23,28,54,195,192,272,260,252,257,59,91,,80826,94416,N2156.8289,E08523.0075,695,0
08-08-2026 15:14,656,76,0,0,0,0,0,0,0,53,0,-1,16,48,51,41,42,-0.2,-0.4,3,33,58,57,61,19,2,23,28,54,194,191,268,257,249,254,59,90,,80826,94416,N2156.8289,E08523.0075,695,0
08-08-2026 15:14,657,76,0,0,0,0,0,0,0,53,0,-1,16,48,51,41,42,-0.2,-0.4,3,33,57,57,61,19,2,23,28,54,194,191,268,255,247,252,59,90,,80826,94418,N2156.8289,E08523.0075,695,0
08-08-2026 15:14,657,75,0,0,0,0,0,0,0,53,0,-1,16,48,51,41,42,-0.2,-0.4,3,33,57,57,61,19,1,23,28,54,194,191,264,253,244,249,59,90,,80826,94419,N2156.8289,E08523.0075,695,0
08-08-2026 15:14,657,76,0,0,0,0,0,0,0,53,0,-1,16,48,51,41,42,-0.2,-0.4,3,33,57,57,61,19,2,24,28,54,194,190,262,251,242,247,59,90,,80826,94420,N2156.8289,E08523.0075,695,0
08-08-2026 15:14,656,103,0,0,0,0,0,0,0,53,0,-1,16,48,51,41,42,-0.2,-0.4,3,33,57,57,61,19,1,24,28,54,194,190,258,250,240,244,59,90,,80826,94421,N2156.8289,E08523.0075,695,0
08-08-2026 15:14,656,78,0,0,0,0,0,0,0,53,0,-1,16,48,51,41,43,-0.1,-0.5,3,33,57,57,61,19,1,24,28,54,194,190,257,248,238,243,59,91,,80826,94421,N2156.8289,E08523.0075,695,0
08-08-2026 15:14,656,77,0,0,0,0,0,0,0,53,0,-1,16,48,51,43,46,0,-0.6,3,33,57,57,61,19,2,24,28,54,194,190,255,246,236,240,59,90,,80826,94423,N2156.8288,E08523.0075,695,0
08-08-2026 15:14,657,77,0,0,0,0,0,0,0,53,0,-1,19,48,51,57,61,0.1,-0.7,3,33,57,57,61,19,2,24,28,54,193,190,252,244,234,239,59,90,,80826,94424,N2156.8288,E08523.0075,695,0
08-08-2026 15:14,657,77,0,0,0,0,0,0,0,53,0,-1,23,52,51,57,56,0,0.2,3,33,57,57,61,19,2,25,28,54,193,189,252,244,232,237,59,90,,80826,94425,N2156.8288,E08523.0075,695,0
08-08-2026 15:14,656,77,0,0,0,0,0,0,0,53,0,-1,27,52,51,56,56,0.1,0.1,3,33,57,57,61,19,2,24,28,54,193,189,252,242,231,235,59,90,,80826,94426,N2156.8288,E08523.0075,695,0
08-08-2026 15:14,656,78,0,0,0,0,0,0,0,53,0,-1,28,52,51,56,55,0,0.2,3,33,57,57,61,19,2,24,28,54,193,189,249,240,229,233,59,90,,80826,94427,N2156.8288,E08523.0075,695,0
08-08-2026 15:14,657,77,0,0,0,0,0,0,0,53,0,-1,28,52,51,55,55,0.1,0.1,3,33,57,57,61,19,1,25,28,54,192,189,249,239,228,232,59,90,,80826,94428,N2156.8288,E08523.0075,695,0
08-08-2026 15:14,657,77,0,0,0,0,0,0,0,53,0,-1,27,52,51,55,55,0.1,0.1,3,33,57,57,61,19,1,24,28,54,192,189,248,239,227,230,59,91,,80826,94429,N2156.8288,E08523.0075,695,0
08-08-2026 15:14,656,77,0,0,0,0,0,0,0,53,0,-1,27,51,51,55,55,0,0,3,33,57,57,61,19,1,24,28,54,192,189,247,237,225,229,59,90,,80826,94430,N2156.8288,E08523.0075,695,0
08-08-2026 15:14,656,77,0,0,0,0,0,0,0,53,0,-1,27,51,51,55,55,0,0,3,33,57,57,61,19,2,24,28,54,192,189,246,237,224,228,59,90,,80826,94431,N2156.8288,E08523.0075,695,0
08-08-2026 15:14,657,77,0,0,0,0,0,0,0,53,0,-1,27,51,51,55,55,0,0,3,33,57,57,61,19,0,24,28,54,192,188,247,236,223,227,59,91,,80826,94431,N2156.8288,E08523.0075,695,0
08-08-2026 15:14,657,77,0,0,0,0,0,0,0,53,0,-1,27,51,51,55,55,0,0,3,33,57,57,61,19,2,24,28,54,192,188,242,234,222,225,59,90,,80826,94433,N2156.8288,E08523.0075,694.9,0
08-08-2026 15:14,656,78,0,0,0,0,0,0,0,53,0,-1,27,51,51,55,55,0,0,3,33,57,57,61,19,1,25,28,54,192,188,242,234,221,224,59,90,,80826,94434,N2156.8288,E08523.0075,694.9,0
08-08-2026 15:14,656,77,0,0,0,0,0,0,0,53,0,-1,27,51,51,55,55,0,0,3,33,57,57,61,19,2,25,28,54,192,187,243,233,220,223,59,90,,80826,94435,N2156.8288,E08523.0075,694.9,0
08-08-2026 15:14,656,78,0,0,0,0,0,0,0,53,0,-1,27,51,51,55,55,0,0,3,33,57,57,61,19,2,25,28,54,191,187,242,232,219,222,59,90,,80826,94436,N2156.8288,E08523.0075,694.9,0
08-08-2026 15:14,656,78,0,0,0,0,0,0,0,53,0,-1,27,51,51,55,55,0,0,3,33,57,57,61,19,2,25,28,54,191,187,240,232,218,221,59,91,,80826,94437,N2156.8288,E08523.0075,694.9,0
08-08-2026 15:14,657,77,0,0,0,0,0,0,0,53,0,-1,27,51,51,55,55,0,0,3,33,57,57,61,19,1,25,28,54,191,187,241,231,217,220,59,90,,80826,94438,N2156.8288,E08523.0075,694.9,0
08-08-2026 15:14,657,76,0,0,0,0,0,0,0,53,0,-1,27,51,51,55,55,0,0,3,33,57,57,61,19,2,24,28,54,191,187,239,230,216,219,59,90,,80826,94439,N2156.8288,E08523.0075,694.9,0
08-08-2026 15:14,657,76,0,0,0,0,0,0,0,53,0,-1,27,51,51,55,55,0,0,3,33,57,57,61,19,2,25,28,54,191,187,238,229,215,218,59,90,,80826,94440,N2156.8288,E08523.0075,694.9,0
08-08-2026 15:14,657,76,0,0,0,0,0,0,0,53,0,-1,27,51,51,55,55,0,0,3,42,57,57,61,19,1,25,28,54,190,187,238,228,215,217,59,90,,80826,94441,N2156.8288,E08523.0075,694.9,0
08-08-2026 15:14,657,76,0,0,0,0,0,0,0,53,0,-1,27,51,51,55,55,0,0,3,33,57,57,61,19,1,24,28,54,190,187,236,227,214,216,59,90,,80826,94441,N2156.8288,E08523.0075,694.9,0
08-08-2026 15:14,657,76,0,0,0,0,0,0,0,53,0,-1,27,51,51,55,55,0,0,3,33,57,57,61,19,2,25,28,54,190,186,237,227,213,215,59,90,,80826,94443,N2156.8288,E08523.0075,694.9,0
08-08-2026 15:14,657,76,0,0,0,0,0,0,0,53,0,-1,27,51,51,55,55,0,0,3,33,57,57,61,19,2,25,28,54,190,187,235,226,212,215,59,90,,80826,94444,N2156.8288,E08523.0075,694.9,0
08-08-2026 15:14,657,76,0,0,0,0,0,0,0,53,0,-1,27,51,51,55,55,0,0,3,33,57,57,61,19,1,25,28,54,190,186,235,226,211,214,59,91,,80826,94445,N2156.8288,E08523.0075,694.9,0
08-08-2026 15:14,657,76,0,0,0,0,0,0,0,53,0,-1,27,51,51,55,55,0,0,3,33,57,57,61,19,1,25,28,54,190,186,234,225,211,213,59,90,,80826,94446,N2156.8288,E08523.0075,694.9,0
08-08-2026 15:14,657,77,0,0,0,0,0,0,0,53,0,-1,27,51,51,55,55,0,0,3,33,57,57,61,19,1,24,28,54,190,186,234,224,210,212,59,90,,80826,94447,N2156.8288,E08523.0075,694.9,0
08-08-2026 15:14,657,76,0,0,0,0,0,0,0,53,0,-1,27,51,51,55,55,0,0,3,33,57,57,61,19,2,25,28,54,190,186,232,224,209,212,59,90,,80826,94448,N2156.8288,E08523.0075,694.9,0
08-08-2026 15:14,657,76,0,0,0,0,0,0,0,53,0,-1,27,51,51,55,55,0,0,3,42,57,57,61,19,2,24,28,54,190,186,233,223,209,211,59,90,,80826,94449,N2156.8288,E08523.0075,694.9,0
08-08-2026 15:14,656,103,0,0,0,0,0,0,0,53,0,-1,27,51,51,61,62,0.1,-0.1,3,42,57,57,61,19,1,24,28,54,190,186,230,222,208,210,59,90,,80826,94450,N2156.8288,E08523.0075,694.9,0
08-08-2026 15:14,656,78,0,0,0,0,0,0,0,53,0,-1,31,60,54,73,63,-0.4,1.6,3,33,57,57,61,19,1,25,28,54,190,186,227,222,208,210,59,90,,80826,94451,N2156.8288,E08523.0075,694.9,0
08-08-2026 15:14,656,77,0,0,0,0,0,0,0,53,0,-1,35,60,54,72,63,-0.3,1.5,3,33,57,57,61,19,1,25,28,54,189,186,227,222,207,209,59,90,,80826,94452,N2156.8288,E08523.0075,694.9,0
08-08-2026 15:14,657,78,0,0,0,0,0,0,0,53,0,-1,38,60,54,71,63,-0.2,1.4,3,33,57,57,61,19,2,26,28,54,189,185,227,221,207,209,59,90,,80826,94453,N2156.8288,E08523.0075,694.9,0
08-08-2026 15:14,657,77,0,0,0,0,0,0,0,53,0,-1,38,60,54,70,63,-0.1,1.3,3,33,57,57,61,19,1,26,28,54,189,185,226,221,206,208,59,90,,80826,94454,N2156.8288,E08523.0075,694.9,0
08-08-2026 15:14,657,104,0,0,0,0,0,0,0,53,0,-1,38,60,53,70,63,0,1.4,3,33,57,57,61,19,1,25,28,54,189,185,228,221,206,208,59,90,,80826,94455,N2156.8288,E08523.0075,694.9,0
08-08-2026 15:14,657,78,0,0,0,0,0,0,0,53,0,-1,38,59,53,70,62,-0.2,1.4,3,33,57,57,61,19,2,26,28,54,189,185,226,221,206,208,59,90,,80826,94456,N2156.8287,E08523.0075,694.9,0
08-08-2026 15:14,656,104,0,0,0,0,0,0,0,53,0,-1,38,59,53,70,62,-0.2,1.4,3,42,57,57,61,19,1,26,28,54,189,184,225,220,205,207,59,90,,80826,94457,N2156.8287,E08523.0075,694.9,0
08-08-2026 15:14,657,103,0,0,0,0,0,0,0,53,0,-1,38,59,53,70,62,-0.2,1.4,3,42,57,57,61,19,2,26,28,54,189,184,227,220,205,207,59,90,,80826,94458,N2156.8287,E08523.0075,694.9,0
08-08-2026 15:14,657,103,0,0,0,0,0,0,0,53,0,-1,38,59,53,70,62,-0.2,1.4,3,42,57,57,61,19,0,25,28,54,189,184,226,219,205,206,59,91,,80826,94459,N2156.8287,E08523.0075,694.9,0
08-08-2026 15:14,657,103,0,0,0,0,0,0,0,53,0,-1,38,59,53,70,62,-0.2,1.4,3,42,57,57,61,19,1,26,28,54,189,184,226,219,205,206,59,90,,80826,94500,N2156.8287,E08523.0075,694.9,0
08-08-2026 15:15,657,103,0,0,0,0,0,0,0,53,0,-1,37,59,53,69,62,-0.1,1.3,3,42,57,57,61,19,2,26,28,54,189,184,228,219,204,206,59,90,,80826,94501,N2156.8287,E08523.0075,694.9,0
08-08-2026 15:15,657,77,0,0,0,0,0,0,0,53,0,-1,37,59,53,69,63,0,1.2,3,33,57,57,61,19,2,26,28,54,189,184,226,218,204,205,59,90,,80826,94502,N2156.8287,E08523.0075,694.9,0
08-08-2026 15:15,657,77,0,0,0,0,0,0,0,53,0,-1,37,59,53,69,62,-0.1,1.3,3,33,57,57,61,19,1,26,28,54,189,184,225,218,203,205,59,91,,80826,94503,N2156.8287,E08523.0075,694.9,0
08-08-2026 15:15,657,77,0,0,0,0,0,0,0,53,0,-1,37,58,53,69,62,-0.2,1.2,3,33,57,57,61,19,1,27,28,54,189,184,222,218,203,205,59,90,,80826,94504,N2156.8287,E08523.0075,694.9,0
08-08-2026 15:15,656,78,0,0,0,0,0,0,0,53,0,-1,37,58,53,69,63,-0.1,1.1,3,33,57,57,61,19,2,27,28,54,189,184,225,218,203,205,59,90,,80826,94505,N2156.8287,E08523.0075,694.8,0
08-08-2026 15:15,656,78,0,0,0,0,0,0,0,53,0,-1,37,58,53,69,62,-0.2,1.2,3,33,57,57,61,19,1,27,28,54,189,184,223,218,202,204,59,90,,80826,94506,N2156.8287,E08523.0075,694.8,0
08-08-2026 15:15,656,77,0,0,0,0,0,0,0,53,0,-1,37,58,53,69,62,-0.2,1.2,3,33,57,57,61,19,0,26,28,54,189,184,223,217,202,204,59,90,,80826,94507,N2156.8287,E08523.0075,694.8,0
08-08-2026 15:15,657,77,0,0,0,0,0,0,0,53,0,-1,37,58,53,69,63,-0.1,1.1,3,33,57,57,61,19,1,26,28,54,188,183,224,217,202,203,59,90,,80826,94508,N2156.8287,E08523.0075,694.8,0
08-08-2026 15:15,658,76,0,0,0,0,0,0,0,53,0,-1,37,58,53,69,63,-0.1,1.1,3,33,57,57,61,19,1,26,28,54,188,183,222,217,202,203,59,91,,80826,94509,N2156.8287,E08523.0075,694.8,0
08-08-2026 15:15,658,76,0,0,0,0,0,0,0,53,0,-1,37,58,53,69,63,-0.1,1.1,3,33,57,57,61,19,1,26,28,54,188,183,222,216,201,202,59,91,,80826,94510,N2156.8287,E08523.0076,694.8,0
08-08-2026 15:15,657,76,0,0,0,0,0,0,0,53,0,-1,37,58,53,69,63,-0.1,1.1,3,33,57,57,61,19,2,26,28,54,188,183,222,215,200,202,59,90,,80826,94511,N2156.8287,E08523.0076,694.8,0
08-08-2026 15:15,657,101,0,0,0,0,0,0,0,53,0,-1,37,58,53,69,63,-0.1,1.1,3,42,57,57,61,19,1,26,28,54,188,183,221,215,200,202,59,91,,80826,94512,N2156.8287,E08523.0076,694.8,0
08-08-2026 15:15,656,103,0,0,0,0,0,0,0,53,0,-1,37,58,53,69,63,-0.1,1.1,3,42,57,57,62,19,2,26,28,54,187,183,222,215,199,201,59,90,,80826,94513,N2156.8287,E08523.0076,694.8,0
08-08-2026 15:15,657,101,0,0,0,0,0,0,0,53,0,-1,37,58,53,69,63,-0.1,1.1,3,42,57,57,62,19,1,26,28,54,187,183,220,215,199,201,59,90,,80826,94514,N2156.8287,E08523.0076,694.8,0
08-08-2026 15:15,657,101,0,0,0,0,0,0,0,53,0,-1,37,58,53,69,63,-0.1,1.1,3,33,57,57,62,19,1,26,28,54,187,183,220,214,199,200,59,91,,80826,94515,N2156.8287,E08523.0076,694.8,0
08-08-2026 15:15,657,76,0,0,0,0,0,0,0,53,0,-1,37,58,53,69,63,-0.1,1.1,3,33,57,57,62,19,2,26,28,54,187,183,218,214,199,200,59,91,,80826,94516,N2156.8287,E08523.0076,694.8,0
08-08-2026 15:15,657,75,0,0,0,0,0,0,0,53,0,-1,37,58,53,70,63,-0.2,1.2,3,33,57,57,62,19,0,26,28,54,187,183,219,213,198,200,59,91,,80826,94517,N2156.8287,E08523.0076,694.8,0
08-08-2026 15:15,657,76,0,0,0,0,0,0,0,53,0,-1,37,58,54,72,67,-0.1,0.9,3,33,57,57,62,19,2,26,28,54,187,183,218,213,198,199,59,90,,80826,94518,N2156.8287,E08523.0076,694.8,0
08-08-2026 15:15,657,76,0,0,0,0,0,0,0,53,0,-1,40,62,58,81,73,-0.4,1.2,3,33,57,57,62,19,1,26,28,54,187,183,219,213,197,199,59,91,,80826,94519,N2156.8287,E08523.0076,694.8,0
08-08-2026 15:15,657,101,0,0,0,0,0,0,0,53,0,-1,44,62,59,81,73,-0.5,1.1,3,42,57,57,62,19,1,26,28,54,187,182,217,212,197,199,59,90,,80826,94520,N2156.8287,E08523.0076,694.8,0
08-08-2026 15:15,655,77,0,0,0,0,0,0,0,53,0,-1,47,62,59,80,72,-0.5,1.1,3,33,57,57,62,19,2,25,28,54,187,182,217,212,196,198,59,90,,80826,94521,N2156.8287,E08523.0076,694.8,0
08-08-2026 15:15,656,78,0,0,0,0,0,0,0,53,0,-1,49,62,59,80,73,-0.4,1,3,33,57,57,62,19,2,26,28,54,187,182,217,212,196,198,59,90,,80826,94522,N2156.8287,E08523.0076,694.8,0
08-08-2026 15:15,656,78,0,0,0,0,0,0,0,53,0,-1,49,62,59,80,73,-0.4,1,3,33,57,57,62,19,1,26,28,54,187,182,217,211,196,198,59,90,,80826,94523,N2156.8287,E08523.0076,694.8,0
08-08-2026 15:15,657,77,0,0,0,0,0,0,0,53,0,-1,49,62,59,79,73,-0.3,0.9,3,33,57,57,62,19,0,26,28,54,187,182,217,212,196,198,58,91,,80826,94524,N2156.8287,E08523.0076,694.8,0
08-08-2026 15:15,657,78,0,0,0,0,0,0,0,53,0,-1,48,62,59,79,72,-0.4,1,3,33,57,57,62,19,2,26,28,54,186,182,218,211,196,198,58,90,,80826,94525,N2156.8287,E08523.0076,694.8,0
08-08-2026 15:15,657,78,0,0,0,0,0,0,0,53,0,-1,48,61,59,79,73,-0.4,0.8,3,33,57,57,62,19,2,26,28,54,186,181,218,211,196,197,58,90,,80826,94526,N2156.8287,E08523.0076,694.8,0
08-08-2026 15:15,657,77,0,0,0,0,0,0,0,53,0,-1,48,61,59,79,73,-0.4,0.8,3,33,57,57,62,19,2,26,28,54,186,181,214,212,196,197,58,90,,80826,94527,N2156.8287,E08523.0076,694.7,0
08-08-2026 15:15,656,77,0,0,0,0,0,0,0,53,0,-1,48,61,59,79,72,-0.5,0.9,3,33,57,57,62,19,1,26,28,54,186,181,217,211,196,197,58,90,,80826,94528,N2156.8287,E08523.0076,694.7,0
08-08-2026 15:15,657,77,0,0,0,0,0,0,0,53,0,-1,48,61,59,79,72,-0.5,0.9,3,33,57,57,62,19,2,26,28,54,186,181,215,211,195,197,58,90,,80826,94529,N2156.8287,E08523.0076,694.7,0
08-08-2026 15:15,657,77,0,0,0,0,0,0,0,53,0,-1,48,61,59,79,72,-0.5,0.9,3,33,57,57,62,19,2,26,28,54,186,181,216,211,195,197,58,90,,80826,94530,N2156.8287,E08523.0076,694.7,0
08-08-2026 15:15,657,77,0,0,0,0,0,0,0,53,0,-1,48,61,59,79,73,-0.4,0.8,3,33,57,57,62,20,2,26,28,54,186,181,215,210,195,196,58,90,,80826,94531,N2156.8287,E08523.0076,694.7,0
08-08-2026 15:15,657,77,0,0,0,0,0,0,0,53,0,-1,48,61,59,79,73,-0.4,0.8,3,33,57,57,62,19,2,27,28,54,186,181,215,210,195,196,58,90,,80826,94532,N2156.8286,E08523.0076,694.7,0
08-08-2026 15:15,657,77,0,0,0,0,0,0,0,53,0,-1,48,61,58,79,73,-0.3,0.9,3,33,57,57,62,19,2,26,28,54,186,181,215,210,195,196,58,90,,80826,94533,N2156.8286,E08523.0076,694.7,0
08-08-2026 15:15,657,77,0,0,0,0,0,0,0,53,0,-1,48,61,59,79,73,-0.4,0.8,3,33,57,57,62,19,2,26,28,54,186,181,215,210,195,196,58,90,,80826,94534,N2156.8286,E08523.0076,694.7,0
08-08-2026 15:15,657,77,0,0,0,0,0,0,0,53,0,-1,48,61,59,79,73,-0.4,0.8,3,33,57,57,62,19,2,26,28,54,186,181,215,210,194,195,58,90,,80826,94535,N2156.8286,E08523.0076,694.7,0
08-08-2026 15:15,657,77,0,0,0,0,0,0,0,53,0,-1,48,61,58,79,73,-0.3,0.9,3,33,57,57,62,19,1,27,28,54,186,181,214,209,194,196,58,90,,80826,94536,N2156.8286,E08523.0076,694.7,0
08-08-2026 15:15,657,77,0,0,0,0,0,0,0,53,0,-1,48,61,58,79,73,-0.3,0.9,3,33,57,57,62,20,2,27,28,54,186,181,214,209,194,196,58,90,,80826,94537,N2156.8286,E08523.0076,694.7,0
08-08-2026 15:15,656,77,0,0,0,0,0,0,0,53,0,-1,48,61,58,79,73,-0.3,0.9,3,33,57,57,62,19,1,27,28,54,186,180,213,209,193,195,58,90,,80826,94538,N2156.8286,E08523.0076,694.7,0
08-08-2026 15:15,657,77,0,0,0,0,0,0,0,53,0,-1,48,61,58,79,73,-0.3,0.9,3,33,57,57,62,19,1,27,28,54,186,180,213,209,193,195,58,90,,80826,94539,N2156.8286,E08523.0077,694.7,0
08-08-2026 15:15,657,77,0,0,0,0,0,0,0,53,0,-1,48,61,58,79,73,-0.3,0.9,3,33,57,57,62,19,2,27,28,54,186,180,213,209,193,195,58,90,,80826,94540,N2156.8286,E08523.0077,694.7,0
08-08-2026 15:15,657,76,0,0,0,0,0,0,0,53,0,-1,48,61,58,79,73,-0.3,0.9,3,33,57,57,62,19,1,26,28,54,186,180,212,208,193,195,58,91,,80826,94541,N2156.8286,E08523.0077,694.7,0
08-08-2026 15:15,657,102,0,0,0,0,0,0,0,53,0,-1,48,61,58,79,73,-0.3,0.9,3,42,57,57,62,19,1,26,28,54,186,180,213,208,193,194,58,91,,80826,94542,N2156.8286,E08523.0077,694.7,0
08-08-2026 15:15,657,101,0,0,0,0,0,0,0,53,0,-1,48,61,58,79,73,-0.3,0.9,3,42,57,57,62,20,1,26,28,54,185,180,212,208,192,194,58,90,,80826,94543,N2156.8286,E08523.0077,694.7,0
08-08-2026 15:15,656,102,0,0,0,0,0,0,0,53,0,-1,48,61,58,79,73,-0.3,0.9,3,42,57,57,62,19,2,25,28,54,185,180,213,208,192,194,58,90,,80826,94544,N2156.8286,E08523.0077,694.7,0
08-08-2026 15:15,657,76,0,0,0,0,0,0,0,53,0,-1,48,61,58,79,73,-0.3,0.9,3,33,57,57,62,19,1,26,28,54,185,180,211,207,192,193,58,91,,80826,94545,N2156.8286,E08523.0077,694.7,0
08-08-2026 15:15,657,76,0,0,0,0,0,0,0,53,0,-1,48,60,58,80,73,-0.5,0.9,3,33,57,57,62,19,1,25,28,54,185,180,212,207,191,193,58,91,,80826,94546,N2156.8286,E08523.0077,694.7,0
08-08-2026 15:15,657,76,0,0,0,0,0,0,0,53,0,-1,48,61,58,80,73,-0.4,1,3,33,57,57,62,19,1,25,28,54,185,180,211,207,191,193,58,90,,80826,94547,N2156.8286,E08523.0077,694.7,0
08-08-2026 15:15,656,76,0,0,0,0,0,0,0,53,0,-1,48,60,58,80,73,-0.5,0.9,3,33,57,57,62,20,1,26,28,54,185,180,210,206,191,193,58,90,,80826,94548,N2156.8286,E08523.0077,694.7,0
08-08-2026 15:15,657,76,0,0,0,0,0,0,0,53,0,-1,48,60,59,80,73,-0.6,0.8,3,33,57,57,62,20,0,26,28,54,185,180,208,206,190,193,58,90,,80826,94549,N2156.8286,E08523.0077,694.7,0
08-08-2026 15:15,657,76,0,0,0,0,0,0,0,53,0,-1,48,61,59,80,74,-0.4,0.8,3,33,57,57,62,20,1,25,28,54,185,180,209,206,190,192,58,90,,80826,94550,N2156.8286,E08523.0077,694.7,0
08-08-2026 15:15,657,76,0,0,0,0,0,0,0,53,0,-1,48,61,59,81,74,-0.5,0.9,3,33,57,57,62,19,1,25,28,54,185,180,210,205,190,192,58,90,,80826,94551,N2156.8286,E08523.0077,694.7,0
08-08-2026 15:15,656,76,0,0,0,0,0,0,0,53,0,-1,50,68,63,90,78,-0.7,1.7,3,33,57,57,62,20,2,25,28,54,184,179,211,205,190,192,58,90,,80826,94552,N2156.8286,E08523.0077,694.7,0
08-08-2026 15:15,657,76,0,0,0,0,0,0,0,53,0,-1,54,75,63,96,73,-1.1,3.5,3,33,57,57,62,19,1,25,28,54,184,179,208,205,189,192,58,90,,80826,94553,N2156.8286,E08523.0077,694.7,0
08-08-2026 15:15,655,78,0,0,0,0,0,0,0,53,0,-1,58,74,64,96,74,-1.2,3.2,3,33,57,57,62,19,1,26,28,54,184,179,207,205,189,192,58,90,,80826,94554,N2156.8286,E08523.0077,694.7,0
08-08-2026 15:15,657,78,0,0,0,0,0,0,0,53,0,-1,62,74,65,95,77,-0.9,2.7,3,33,57,57,62,20,1,26,28,54,184,179,207,205,189,192,58,90,,80826,94555,N2156.8286,E08523.0077,694.7,0
08-08-2026 15:15,657,103,0,0,0,0,0,0,0,53,0,-1,62,74,65,95,77,-0.9,2.7,3,42,57,57,62,19,2,26,28,54,184,179,206,205,189,191,58,90,,80826,94556,N2156.8286,E08523.0077,694.7,0
08-08-2026 15:15,657,103,0,0,0,0,0,0,0,53,0,-1,63,74,65,94,77,-0.8,2.6,3,42,57,57,62,20,2,26,28,54,184,179,207,205,189,191,58,90,,80826,94557,N2156.8286,E08523.0077,694.7,0
08-08-2026 15:15,656,78,0,0,0,0,0,0,0,53,0,-1,62,73,65,94,76,-1,2.6,3,33,57,57,62,20,1,26,28,54,184,179,206,205,189,191,58,90,,80826,94558,N2156.8286,E08523.0077,694.7,0
08-08-2026 15:15,656,78,0,0,0,0,0,0,0,53,0,-1,62,73,65,94,76,-1,2.6,3,33,57,57,62,20,1,26,28,54,184,178,206,204,189,191,58,91,,80826,94559,N2156.8286,E08523.0077,694.7,0
08-08-2026 15:16,657,77,0,0,0,0,0,0,0,53,0,-1,62,73,65,94,76,-1,2.6,3,33,57,57,62,19,1,26,28,54,184,178,206,204,189,191,58,90,,80826,94600,N2156.8286,E08523.0077,694.6,0
08-08-2026 15:16,656,78,0,0,0,0,0,0,0,53,0,-1,62,73,65,94,76,-1,2.6,3,33,57,57,62,20,1,26,28,54,184,178,206,204,189,191,58,91,,80826,94601,N2156.8286,E08523.0077,694.6,0
08-08-2026 15:16,657,77,0,0,0,0,0,0,0,53,0,-1,61,73,64,93,76,-0.8,2.6,3,33,57,57,62,20,1,26,28,54,184,178,206,204,188,190,58,91,,80826,94602,N2156.8286,E08523.0077,694.6,0
08-08-2026 15:16,657,104,0,0,0,0,0,0,0,53,0,-1,61,72,64,93,76,-0.9,2.5,3,42,57,57,62,20,2,26,28,54,184,178,206,203,188,191,58,90,,80826,94603,N2156.8286,E08523.0078,694.6,0
08-08-2026 15:16,657,103,0,0,0,0,0,0,0,53,0,-1,61,72,64,93,76,-0.9,2.5,3,42,57,57,62,20,0,27,28,54,184,178,205,204,188,190,58,91,,80826,94604,N2156.8286,E08523.0078,694.6,0
08-08-2026 15:16,656,104,0,0,0,0,0,0,0,53,0,-1,61,72,64,93,76,-0.9,2.5,3,42,57,57,62,20,0,26,28,54,184,178,205,204,188,190,58,91,,80826,94605,N2156.8286,E08523.0078,694.6,0
08-08-2026 15:16,656,103,0,0,0,0,0,0,0,53,0,-1,61,72,64,93,76,-0.9,2.5,3,42,57,57,62,20,2,26,28,54,184,178,205,203,188,190,58,90,,80826,94606,N2156.8286,E08523.0078,694.6,0
08-08-2026 15:16,657,104,0,0,0,0,0,0,0,53,0,-1,61,72,64,93,76,-0.9,2.5,3,42,57,57,62,20,1,26,28,54,183,178,205,203,188,190,58,90,,80826,94607,N2156.8286,E08523.0078,694.6,0
08-08-2026 15:16,657,104,0,0,0,0,0,0,0,53,0,-1,61,72,64,93,76,-0.9,2.5,3,33,57,57,62,20,1,26,28,54,184,178,205,203,188,190,58,90,,80826,94608,N2156.8286,E08523.0078,694.6,0
08-08-2026 15:16,657,78,0,0,0,0,0,0,0,53,0,-1,61,72,64,93,76,-0.9,2.5,3,33,57,56,62,20,2,25,28,54,183,178,205,203,188,190,58,90,,80826,94609,N2156.8286,E08523.0078,694.6,0
08-08-2026 15:16,656,78,0,0,0,0,0,0,0,53,0,-1,61,72,64,93,76,-0.9,2.5,3,33,57,57,62,20,0,25,28,54,183,178,205,203,188,190,58,91,,80826,94610,N2156.8285,E08523.0078,694.6,0
08-08-2026 15:16,657,78,0,0,0,0,0,0,0,53,0,-1,61,71,64,93,76,-1,2.4,3,33,57,57,62,20,2,26,28,54,183,177,204,203,187,189,58,90,,80826,94611,N2156.8285,E08523.0078,694.6,0
08-08-2026 15:16,657,78,0,0,0,0,0,0,0,53,0,-1,61,71,64,93,76,-1,2.4,3,33,57,56,62,20,2,26,28,54,183,177,204,203,187,190,58,90,,80826,94612,N2156.8285,E08523.0078,694.6,0
08-08-2026 15:16,657,77,0,0,0,0,0,0,0,53,0,-1,61,71,64,93,76,-1,2.4,3,33,57,56,62,20,1,26,28,54,183,177,204,202,187,190,58,90,,80826,94613,N2156.8285,E08523.0078,694.6,0
08-08-2026 15:16,657,76,0,0,0,0,0,0,0,53,0,-1,60,71,64,93,76,-1,2.4,3,33,57,56,62,20,1,26,28,54,183,177,204,202,187,189,58,90,,80826,94614,N2156.8285,E08523.0078,694.6,0
08-08-2026 15:16,656,77,0,0,0,0,0,0,0,53,0,-1,60,71,64,93,76,-1,2.4,3,33,57,56,62,20,1,25,28,54,183,177,203,202,187,189,58,91,,80826,94615,N2156.8285,E08523.0078,694.6,0
08-08-2026 15:16,657,76,0,0,0,0,0,0,0,53,0,-1,60,71,64,93,76,-1,2.4,3,33,57,56,62,20,2,26,28,54,183,177,203,202,186,189,58,90,,80826,94616,N2156.8285,E08523.0078,694.6,0
08-08-2026 15:16,656,76,0,0,0,0,0,0,0,53,0,-1,60,71,64,93,76,-1,2.4,3,33,57,56,62,20,1,26,28,54,183,176,203,201,186,188,58,90,,80826,94617,N2156.8285,E08523.0078,694.6,0
08-08-2026 15:16,657,77,0,0,0,0,0,0,0,53,0,-1,60,71,64,93,76,-1,2.4,3,33,57,56,62,20,0,26,28,54,183,176,203,201,186,188,58,91,,80826,94618,N2156.8285,E08523.0078,694.6,0
08-08-2026 15:16,657,77,0,0,0,0,0,0,0,53,0,-1,60,71,64,93,76,-1,2.4,3,33,57,56,62,20,1,26,28,54,183,176,202,200,185,188,58,90,,80826,94620,N2156.8285,E08523.0078,694.6,0
08-08-2026 15:16,657,76,0,0,0,0,0,0,0,53,0,-1,60,71,64,93,76,-1,2.4,3,33,57,56,62,20,2,26,28,54,183,176,202,201,185,188,58,90,,80826,94621,N2156.8285,E08523.0078,694.6,0
08-08-2026 15:16,656,77,0,0,0,0,0,0,0,53,0,-1,60,71,64,93,77,-0.9,2.3,3,33,57,56,62,20,1,26,28,54,183,176,202,200,185,187,58,90,,80826,94621,N2156.8285,E08523.0078,694.6,0
08-08-2026 15:16,657,77,0,0,0,0,0,0,0,53,0,-1,61,72,65,95,78,-1,2.4,3,33,57,56,62,20,0,26,28,54,183,176,201,200,185,187,58,91,,80826,94622,N2156.8285,E08523.0078,694.6,0
08-08-2026 15:16,657,76,0,0,0,0,0,0,0,53,0,-1,62,76,67,103,84,-1,2.8,3,33,57,56,62,20,1,26,28,54,183,176,202,200,184,187,58,90,,80826,94623,N2156.8285,E08523.0078,694.6,0
08-08-2026 15:16,657,76,0,0,0,0,0,0,0,53,0,-1,66,79,68,108,84,-1.3,3.5,3,33,57,56,62,20,1,26,28,54,183,176,201,200,184,187,58,90,,80826,94624,N2156.8285,E08523.0078,694.6,0
08-08-2026 15:16,657,76,0,0,0,0,0,0,0,53,0,-1,70,79,68,109,84,-1.4,3.6,3,33,57,56,62,20,1,25,28,54,182,176,201,200,184,186,58,90,,80826,94626,N2156.8285,E08523.0078,694.6,0
08-08-2026 15:16,655,77,0,0,0,0,0,0,0,53,0,-1,73,79,68,109,85,-1.3,3.5,3,33,57,56,62,20,1,25,28,54,182,176,201,199,184,186,58,91,,80826,94626,N2156.8285,E08523.0078,694.6,0
08-08-2026 15:16,656,79,0,0,0,0,0,0,0,53,0,-1,74,78,68,109,86,-1.3,3.3,3,33,57,56,62,20,1,26,28,54,182,176,200,199,184,186,58,90,,80826,94628,N2156.8285,E08523.0078,694.6,0
08-08-2026 15:16,656,78,0,0,0,0,0,0,0,53,0,-1,74,78,68,108,86,-1.2,3.2,3,33,57,56,62,20,1,26,28,54,182,176,200,199,184,186,58,90,,80826,94629,N2156.8285,E08523.0078,694.6,0
08-08-2026 15:16,656,79,0,0,0,0,0,0,0,53,0,-1,74,78,68,108,86,-1.2,3.2,3,33,57,56,62,20,0,25,28,54,182,176,200,199,184,186,58,91,,80826,94630,N2156.8285,E08523.0078,694.6,0
08-08-2026 15:16,657,78,0,0,0,0,0,0,0,53,0,-1,74,78,68,108,86,-1.2,3.2,3,33,57,56,62,20,1,26,28,54,182,176,200,199,184,185,58,90,,80826,94631,N2156.8285,E08523.0078,694.6,0
08-08-2026 15:16,656,78,0,0,0,0,0,0,0,53,0,-1,74,78,68,107,86,-1.1,3.1,3,33,57,56,62,20,0,26,28,54,182,176,200,199,184,185,58,91,,80826,94631,N2156.8285,E08523.0078,694.6,0
08-08-2026 15:16,657,78,0,0,0,0,0,0,0,53,0,-1,74,78,68,107,86,-1.1,3.1,3,33,57,56,62,20,0,26,28,54,182,176,200,199,184,186,58,91,,80826,94633,N2156.8285,E08523.0078,694.5,0
08-08-2026 15:16,656,105,0,0,0,0,0,0,0,53,0,-1,74,78,68,107,86,-1.1,3.1,3,42,57,56,62,20,1,26,28,54,182,175,199,199,184,185,58,90,,80826,94634,N2156.8285,E08523.0078,694.5,0
08-08-2026 15:16,657,103,0,0,0,0,0,0,0,53,0,-1,73,77,68,107,86,-1.2,3,3,42,57,56,62,20,1,25,28,54,182,175,200,199,184,185,58,90,,80826,94635,N2156.8285,E08523.0078,694.5,0
08-08-2026 15:16,656,104,0,0,0,0,0,0,0,53,0,-1,73,77,68,107,86,-1.2,3,3,42,57,56,62,20,0,26,28,54,181,175,199,199,184,185,58,91,,80826,94636,N2156.8285,E08523.0078,694.5,0
08-08-2026 15:16,656,104,0,0,0,0,0,0,0,53,0,-1,73,77,68,107,86,-1.2,3,3,42,57,56,62,20,1,26,28,54,181,175,199,199,184,185,58,90,,80826,94636,N2156.8285,E08523.0078,694.5,0
08-08-2026 15:16,657,78,0,0,0,0,0,0,0,53,0,-1,73,77,68,107,86,-1.2,3,3,33,57,56,62,20,0,26,28,54,181,175,199,198,184,184,58,91,,80826,94638,N2156.8285,E08523.0078,694.5,0
08-08-2026 15:16,656,78,0,0,0,0,0,0,0,53,0,-1,73,77,68,107,86,-1.2,3,3,33,57,56,62,20,0,25,28,54,181,175,199,198,183,184,58,91,,80826,94639,N2156.8285,E08523.0078,694.5,0
08-08-2026 15:16,657,78,0,0,0,0,0,0,0,53,0,-1,73,77,68,107,86,-1.2,3,3,33,57,56,62,20,0,25,28,54,181,175,199,198,183,184,58,91,,80826,94640,N2156.8284,E08523.0078,694.5,0
08-08-2026 15:16,657,77,0,0,0,0,0,0,0,53,0,-1,73,77,68,107,86,-1.2,3,3,33,57,56,62,20,1,26,28,54,181,175,199,198,183,184,58,90,,80826,94641,N2156.8284,E08523.0078,694.5,0
08-08-2026 15:16,656,79,0,0,0,0,0,0,0,53,0,-1,73,77,68,107,86,-1.2,3,3,33,57,56,62,20,1,26,28,54,181,175,199,198,183,184,58,90,,80826,94641,N2156.8284,E08523.0078,694.5,0
08-08-2026 15:16,657,78,0,0,0,0,0,0,0,53,0,-1,73,77,68,107,86,-1.2,3,3,33,57,56,62,20,2,26,28,54,181,175,199,198,183,184,58,90,,80826,94643,N2156.8284,E08523.0078,694.5,0
08-08-2026 15:16,656,78,0,0,0,0,0,0,0,53,0,-1,73,77,68,107,86,-1.2,3,3,33,57,56,62,20,0,25,28,54,181,175,199,197,183,184,58,91,,80826,94644,N2156.8284,E08523.0078,694.5,0
08-08-2026 15:16,657,78,0,0,0,0,0,0,0,53,0,-1,73,77,68,107,86,-1.2,3,3,33,57,56,62,20,0,26,28,54,181,175,199,197,183,184,58,91,,80826,94645,N2156.8284,E08523.0078,694.5,0
08-08-2026 15:16,657,78,0,0,0,0,0,0,0,53,0,-1,73,77,68,107,86,-1.2,3,3,33,57,56,62,20,0,26,28,54,181,175,198,197,183,184,58,91,,80826,94646,N2156.8284,E08523.0078,694.5,0
08-08-2026 15:16,658,77,0,0,0,0,0,0,0,53,0,-1,73,76,68,107,86,-1.3,2.9,3,33,57,56,62,20,1,26,28,54,181,175,198,197,183,183,58,91,,80826,94646,N2156.8284,E08523.0078,694.5,0
08-08-2026 15:16,657,77,0,0,0,0,0,0,0,53,0,-1,73,76,68,107,86,-1.3,2.9,3,33,57,56,62,20,0,26,28,54,181,174,198,196,182,183,58,91,,80826,94648,N2156.8284,E08523.0078,694.5,0
08-08-2026 15:16,657,76,0,0,0,0,0,0,0,53,0,-1,73,76,68,107,86,-1.3,2.9,3,33,57,56,62,20,1,25,28,54,181,174,198,196,183,183,58,90,,80826,94649,N2156.8284,E08523.0078,694.5,0
08-08-2026 15:16,656,77,0,0,0,0,0,0,0,53,0,-1,73,76,68,107,86,-1.3,2.9,3,33,57,56,62,20,2,26,28,54,181,174,198,196,182,183,58,90,,80826,94650,N2156.8284,E08523.0078,694.5,0
08-08-2026 15:16,657,77,0,0,0,0,0,0,0,53,0,-1,73,76,68,107,86,-1.3,2.9,3,33,57,56,62,20,0,25,28,54,181,174,198,196,182,182,58,91,,80826,94651,N2156.8284,E08523.0078,694.5,0
08-08-2026 15:16,657,77,0,0,0,0,0,0,0,53,0,-1,73,76,68,107,86,-1.3,2.9,3,33,57,56,62,20,1,25,28,54,181,174,197,196,181,182,58,91,,80826,94651,N2156.8284,E08523.0078,694.5,0
08-08-2026 15:16,657,76,0,0,0,0,0,0,0,53,0,-1,73,76,69,110,88,-1.5,2.9,3,33,57,56,62,20,1,24,28,54,181,174,197,195,181,182,58,90,,80826,94653,N2156.8284,E08523.0078,694.5,0
08-08-2026 15:16,656,76,0,0,0,0,0,0,0,53,0,0,75,83,72,120,93,-1.6,3.8,3,33,57,56,62,20,1,25,28,54,181,174,197,195,181,181,58,91,,80826,94654,N2156.8284,E08523.0078,694.5,0
08-08-2026 15:16,656,77,0,0,0,0,0,0,0,53,0,-1,79,86,72,123,95,-1.4,4.2,3,33,57,56,62,20,0,25,28,54,181,173,196,195,181,181,58,91,,80826,94655,N2156.8284,E08523.0079,694.5,0
08-08-2026 15:16,657,77,0,0,0,0,0,0,0,53,0,-1,85,86,73,124,96,-1.5,4.1,3,33,57,56,62,20,0,25,28,54,180,173,196,194,181,181,58,90,,80826,94656,N2156.8284,E08523.0079,694.5,0
08-08-2026 15:16,656,103,0,0,0,0,0,0,0,53,0,-1,88,85,73,123,99,-1.2,3.6,3,42,57,56,62,20,1,24,28,54,180,173,196,195,181,181,58,90,,80826,94657,N2156.8284,E08523.0079,694.5,0
08-08-2026 15:16,657,102,0,0,0,0,0,0,0,53,0,-1,90,85,74,121,100,-1,3.2,3,42,57,56,62,20,0,24,28,54,180,173,196,194,180,181,58,90,,80826,94658,N2156.8284,E08523.0079,694.5,0
08-08-2026 15:16,656,77,0,0,0,0,0,0,0,53,0,-1,90,85,74,121,100,-1,3.2,3,33,57,56,62,20,1,24,28,54,180,173,196,194,180,181,58,90,,80826,94659,N2156.8284,E08523.0079,694.5,0
08-08-2026 15:16,656,79,0,0,0,0,0,0,0,53,0,-1,90,85,74,121,100,-1,3.2,3,33,57,56,62,20,1,25,28,54,180,173,195,194,180,180,58,90,,80826,94700,N2156.8284,E08523.0079,694.5,0
08-08-2026 15:17,657,78,0,0,0,0,0,0,0,53,0,-1,90,85,74,120,100,-0.9,3.1,3,33,57,56,62,20,1,25,28,54,180,173,196,194,180,181,58,90,,80826,94701,N2156.8284,E08523.0079,694.5,0
08-08-2026 15:17,657,78,0,0,0,0,0,0,0,53,0,-1,89,85,74,120,99,-1,3.2,3,33,57,56,62,20,2,25,28,54,180,173,195,194,180,181,58,90,,80826,94701,N2156.8284,E08523.0079,694.5,0
08-08-2026 15:17,657,78,0,0,0,0,0,0,0,53,0,-1,89,85,74,120,99,-1,3.2,3,33,57,56,62,20,1,25,28,54,180,173,196,194,180,180,58,90,,80826,94703,N2156.8284,E08523.0079,694.5,0
08-08-2026 15:17,657,105,0,0,0,0,0,0,0,53,0,-1,89,84,74,120,99,-1.1,3.1,3,42,57,56,62,20,1,25,28,54,180,173,195,194,180,180,58,90,,80826,94704,N2156.8284,E08523.0079,694.5,0
08-08-2026 15:17,656,78,0,0,0,0,0,0,0,53,0,-1,89,84,74,120,99,-1.1,3.1,3,33,57,56,62,20,1,26,28,54,180,173,195,194,180,180,58,90,,80826,94705,N2156.8284,E08523.0079,694.5,0
08-08-2026 15:17,656,79,0,0,0,0,0,0,0,53,0,-1,89,84,74,120,99,-1.1,3.1,3,33,57,56,62,20,1,26,28,54,180,173,196,194,180,180,58,91,,80826,94706,N2156.8284,E08523.0079,694.5,0
08-08-2026 15:17,657,78,0,0,0,0,0,0,0,53,0,-1,89,84,74,120,99,-1.1,3.1,3,33,57,56,62,20,1,26,28,54,180,173,195,194,180,180,58,90,,80826,94707,N2156.8284,E08523.0079,694.5,0
08-08-2026 15:17,657,78,0,0,0,0,0,0,0,53,0,-1,88,84,74,120,99,-1.1,3.1,3,33,57,56,62,20,1,26,28,54,180,173,195,194,180,180,58,91,,80826,94708,N2156.8284,E08523.0079,694.5,0
08-08-2026 15:17,656,79,0,0,0,0,0,0,0,53,0,-1,88,84,74,120,99,-1.1,3.1,3,33,57,56,62,20,1,26,28,54,180,172,196,193,180,180,58,90,,80826,94709,N2156.8284,E08523.0079,694.5,0
08-08-2026 15:17,657,78,0,0,0,0,0,0,0,53,0,-1,88,84,74,120,99,-1.1,3.1,3,33,57,56,62,20,1,25,28,54,180,172,196,194,180,180,58,90,,80826,94710,N2156.8284,E08523.0079,694.5,0
08-08-2026 15:17,656,79,0,0,0,0,0,0,0,53,0,-1,88,84,74,120,99,-1.1,3.1,3,33,57,56,62,20,1,25,28,54,179,172,196,193,180,180,58,90,,80826,94711,N2156.8284,E08523.0079,694.5,0
08-08-2026 15:17,657,78,0,0,0,0,0,0,0,53,0,-1,88,84,74,120,99,-1.1,3.1,3,33,57,56,62,20,1,25,28,54,180,172,195,193,180,180,58,90,,80826,94712,N2156.8284,E08523.0079,694.5,0
08-08-2026 15:17,656,79,0,0,0,0,0,0,0,53,0,-1,88,84,74,120,99,-1.1,3.1,3,33,57,56,62,20,0,25,28,54,179,172,196,193,180,180,58,90,,80826,94713,N2156.8284,E08523.0079,694.5,0
08-08-2026 15:17,656,78,0,0,0,0,0,0,0,53,0,-1,88,84,74,120,99,-1.1,3.1,3,33,57,56,62,20,1,25,28,54,179,172,196,193,180,180,58,90,,80826,94714,N2156.8284,E08523.0079,694.5,0
08-08-2026 15:17,657,104,0,0,0,0,0,0,0,53,0,-1,88,83,74,120,99,-1.2,3,3,42,57,56,62,20,2,25,28,54,179,172,195,193,180,179,58,90,,80826,94715,N2156.8284,E08523.0079,694.5,0
08-08-2026 15:17,656,79,0,0,0,0,0,0,0,53,0,-1,88,83,74,120,99,-1.2,3,3,33,57,56,62,20,0,25,28,54,179,172,194,193,180,179,58,91,,80826,94716,N2156.8284,E08523.0079,694.5,0
08-08-2026 15:17,656,79,0,0,0,0,0,0,0,53,0,-1,88,83,74,120,99,-1.2,3,3,33,57,56,62,20,0,26,28,54,179,171,194,193,180,179,58,91,,80826,94717,N2156.8284,E08523.0079,694.5,0
08-08-2026 15:17,656,78,0,0,0,0,0,0,0,53,0,-1,88,83,74,120,99,-1.2,3,3,33,57,56,62,20,1,25,28,54,179,171,195,193,180,179,58,90,,80826,94718,N2156.8284,E08523.0079,694.5,0
08-08-2026 15:17,656,79,0,0,0,0,0,0,0,53,0,-1,88,83,74,120,99,-1.2,3,3,33,57,56,62,20,1,26,28,54,179,171,194,193,180,179,58,90,,80826,94719,N2156.8284,E08523.0079,694.5,0
08-08-2026 15:17,657,77,0,0,0,0,0,0,0,53,0,-1,88,83,74,120,99,-1.2,3,3,33,57,56,62,20,0,25,28,54,179,171,195,193,179,179,58,90,,80826,94720,N2156.8284,E08523.0079,694.5,0
08-08-2026 15:17,657,102,0,0,0,0,0,0,0,53,0,-1,88,83,74,120,99,-1.2,3,3,42,57,56,62,20,1,25,28,54,179,171,194,192,179,179,58,90,,80826,94721,N2156.8283,E08523.0079,694.5,0
08-08-2026 15:17,657,102,0,0,0,0,0,0,0,53,0,-1,89,85,75,127,101,-1.6,3.6,3,42,57,56,62,20,1,24,28,54,179,171,193,192,179,179,58,91,,80826,94722,N2156.8283,E08523.0079,694.5,0
08-08-2026 15:17,656,77,0,0,0,0,0,0,0,53,0,-1,92,84,76,138,108,-2.2,3.8,3,33,57,56,62,20,1,24,28,54,179,171,193,192,179,178,58,90,,80826,94723,N2156.8283,E08523.0079,694.5,0
08-08-2026 15:17,657,77,0,0,0,0,0,0,0,53,0,0,97,84,76,137,113,-1.6,3.2,3,33,57,56,62,20,2,24,28,54,178,171,193,192,178,178,58,91,,80826,94724,N2156.8283,E08523.0079,694.5,0
08-08-2026 15:17,657,77,0,0,0,0,0,0,0,53,0,-1,101,84,75,139,113,-1.7,3.5,3,33,57,56,62,20,1,25,28,54,178,171,192,191,178,178,58,91,,80826,94725,N2156.8283,E08523.0079,694.5,0
08-08-2026 15:17,657,77,0,0,0,0,0,0,0,53,0,-1,103,84,75,138,114,-1.5,3.3,3,33,57,56,62,20,1,24,28,54,178,171,192,191,178,178,58,91,,80826,94726,N2156.8283,E08523.0079,694.5,0
08-08-2026 15:17,657,77,0,0,0,0,0,0,0,53,0,-1,103,84,75,138,114,-1.5,3.3,3,33,57,56,62,20,0,25,28,54,178,171,192,191,178,178,58,91,,80826,94727,N2156.8283,E08523.0079,694.5,0
08-08-2026 15:17,657,77,0,0,0,0,0,0,0,53,0,-1,103,84,75,137,114,-1.4,3.2,3,33,57,56,62,20,2,25,28,54,178,171,192,191,178,177,58,91,,80826,94728,N2156.8283,E08523.0079,694.5,0
08-08-2026 15:17,656,103,0,0,0,0,0,0,0,53,0,-1,103,84,75,137,113,-1.5,3.3,3,42,57,56,62,20,1,25,28,54,178,171,191,190,178,177,58,90,,80826,94729,N2156.8283,E08523.0079,694.5,0
08-08-2026 15:17,656,104,0,0,0,0,0,0,0,53,0,-1,103,84,75,137,113,-1.5,3.3,3,42,57,56,62,20,2,25,28,54,178,171,192,190,177,177,58,91,,80826,94730,N2156.8283,E08523.0079,694.5,0
08-08-2026 15:17,656,78,0,0,0,0,0,0,0,53,0,0,104,74,72,145,110,-3.3,3.7,3,33,57,56,62,20,0,25,28,54,178,170,191,190,178,177,58,91,,80826,94731,N2156.8281,E08523.0082,694.3,0
08-08-2026 15:17,655,82,0,0,67,160,0,0,0,53,0,-2,103,74,77,152,101,-5.4,4.8,3,33,57,56,62,19,1,26,28,54,178,170,195,190,178,177,58,91,,80826,94732,N2156.8279,E08523.0085,694.1,0.22
08-08-2026 15:17,652,112,0,0,0,0,0,0,0,53,0,-1,102,74,77,150,106,-4.7,4.1,3,46,57,56,62,20,1,26,28,54,178,170,193,191,178,177,58,90,,80826,94733,N2156.8279,E08523.0085,694.1,0.08
08-08-2026 15:17,654,85,2,0,0,0,0,0,0,53,0,1,102,74,76,149,115,-3.6,3.2,3,33,57,56,62,20,2,27,28,54,178,170,191,193,179,178,58,90,,80826,94734,N2156.8278,E08523.0087,694,0.29
08-08-2026 15:17,769,466,92,0,0,0,1,0,0,53,0,0,104,74,75,154,108,-4.7,4.5,3,156,57,56,62,34,5,38,28,54,178,170,195,213,193,190,58,91,,80826,94735,N2156.8277,E08523.0088,693.9,0.23
08-08-2026 15:17,1063,827,92,0,63,120,1,0,0,53,0,2,105,63,67,163,110,-5.7,4.9,3,208,57,56,62,38,14,51,28,54,178,170,208,246,221,214,58,90,,80826,94736,N2156.8276,E08523.0090,693.7,0.23
08-08-2026 15:17,1206,1134,91,0,125,261,1,0,0,53,0,2,103,69,52,141,129,0.5,2.9,3,253,57,56,62,39,37,76,28,54,186,184,233,289,261,250,58,91,,80826,94737,N2156.8273,E08523.0092,693.8,0.56
08-08-2026 15:17,1344,1425,90,0,159,356,1,0,0,53,0,4,100,89,36,137,131,4.7,5.9,3,290,57,56,62,38,59,113,28,54,208,206,275,341,310,295,58,90,,80826,94738,N2156.8269,E08523.0094,693.9,1.02
08-08-2026 15:17,1551,1855,90,0,327,755,1,0,0,53,0,3,101,79,48,106,160,8.5,-2.3,3,305,57,56,62,48,109,160,28,54,208,206,323,394,363,345,57,91,,80826,94739,N2156.8263,E08523.0099,693.8,2.82
08-08-2026 15:17,1872,1766,85,0,390,863,1,0,0,53,0,1,101,73,65,141,129,-0.4,2,3,270,57,56,62,50,123,213,28,54,207,205,371,436,409,389,57,91,,80826,94740,N2156.8254,E08523.0108,693.7,3.9
08-08-2026 15:17,2056,0,52,0,490,1130,2,0,0,53,0,4,100,46,63,195,29,-18.3,14.9,3,0,57,56,62,48,103,236,28,54,206,205,410,457,438,418,57,90,,80826,94741,N2156.8246,E08523.0119,693.7,3.9
08-08-2026 15:17,1800,1626,90,1,525,1210,2,0,0,53,0,0,93,67,44,184,73,-8.8,13.4,3,276,57,56,62,47,119,251,28,54,205,203,440,479,463,443,58,90,,80826,94742,N2156.8238,E08523.0131,693.7,4.26
08-08-2026 15:17,1907,1869,100,1,613,1434,3,0,0,53,0,2,94,126,27,172,127,5.4,14.4,3,269,57,56,62,51,128,266,28,54,205,203,467,499,486,466,58,91,,80826,94743,N2156.8232,E08523.0144,693.7,5.2
08-08-2026 15:17,1929,1717,50,0,615,1479,3,0,0,53,0,11,99,82,19,137,128,5.4,7.2,3,267,58,56,62,45,115,264,28,54,205,203,488,509,502,482,58,91,,80826,94744,N2156.8231,E08523.0160,693.5,5.53
08-08-2026 15:17,1545,1785,100,1,552,1331,3,0,0,53,0,2,105,73,55,63,195,15,-11.4,3,325,58,56,62,39,119,262,28,54,205,202,505,522,517,498,58,91,,80826,94745,N2156.8233,E08523.0178,693,6.04
08-08-2026 15:17,1485,1785,100,1,580,1354,3,0,0,53,0,6,105,79,54,144,148,2.9,2.1,3,325,58,56,62,39,123,263,28,54,203,201,522,536,533,515,58,90,,80826,94746,N2156.8234,E08523.0197,693,6.04
08-08-2026 15:17,1543,1700,100,1,622,1467,3,0,0,53,0,4,103,49,84,76,193,8.2,-15.2,3,304,57,56,62,41,127,268,28,54,203,200,538,548,548,533,58,91,,80826,94747,N2156.8234,E08523.0217,693.2,6.78
08-08-2026 15:17,1562,1684,95,1,664,1574,3,0,0,53,0,3,102,46,84,185,95,-12.8,5.2,3,296,58,56,62,43,131,272,28,54,203,200,552,555,558,545,58,91,,80826,94748,N2156.8231,E08523.0238,693.4,7.37
08-08-2026 15:17,1667,1817,93,1,676,1552,3,0,0,53,0,5,103,58,69,153,121,-4.3,2.1,3,299,57,56,62,46,134,277,28,54,203,199,563,560,567,555,58,91,,80826,94749,N2156.8228,E08523.0260,693.3,8.01
08-08-2026 15:17,1793,2003,100,1,711,1777,4,0,0,53,0,0,104,62,87,109,141,0.7,-5.7,3,0,57,56,62,49,108,287,28,54,202,198,572,561,572,561,58,91,,80826,94750,N2156.8223,E08523.0285,693.2,8.58
08-08-2026 15:17,1825,1670,100,0,821,1777,4,0,0,53,0,3,105,61,69,158,120,-4.6,3,3,267,57,56,62,39,102,269,28,54,201,198,572,557,569,561,58,91,,80826,94751,N2156.8218,E08523.0313,693.3,8.58
08-08-2026 15:17,1540,1556,100,1,825,1956,4,0,0,54,0,4,105,63,64,128,140,1.1,-1.3,3,311,57,56,62,40,125,258,28,54,201,197,574,563,573,566,58,90,,80826,94752,N2156.8213,E08523.0342,692.8,9.95
08-08-2026 15:17,1561,1665,94,1,863,2010,4,0,0,54,0,2,104,51,84,175,103,-10.5,3.9,3,293,57,56,62,42,129,259,28,54,201,197,579,569,580,574,58,90,,80826,94753,N2156.8205,E08523.0371,692.3,10.22
08-08-2026 15:17,1678,1831,100,1,965,2272,4,0,0,54,0,4,104,61,60,146,122,-2.3,2.5,3,296,57,56,62,45,136,267,28,54,201,197,586,573,587,580,58,91,,80826,94754,N2156.8197,E08523.0402,691.9,10.86
08-08-2026 15:17,1797,1817,100,1,987,2319,4,0,0,54,0,2,104,67,71,137,143,0.2,-1,3,272,57,56,62,46,141,278,28,54,201,196,590,576,591,585,58,90,,80826,94755,N2156.8185,E08523.0435,691.8,11.35
08-08-2026 15:17,1886,1195,51,0,1101,2508,5,0,0,54,0,5,104,61,49,98,164,7.8,-5.4,4,175,57,56,62,41,105,274,28,54,200,196,592,572,591,585,58,91,,80826,94756,N2156.8170,E08523.0470,691.6,11.35
08-08-2026 15:17,1521,1204,66,1,1057,2470,5,0,0,54,0,3,103,66,71,121,179,5.3,-6.3,4,301,57,56,62,38,108,255,28,54,200,196,590,569,588,582,58,91,,80826,94757,N2156.8152,E08523.0503,691.5,12.21
08-08-2026 15:17,1525,1328,79,1,1103,2714,5,0,0,54,0,3,105,62,71,110,145,2.6,-4.4,4,241,57,56,62,41,119,244,28,54,200,195,591,573,590,583,58,90,,80826,94758,N2156.8131,E08523.0538,691.2,13.73
08-08-2026 15:17,1560,1459,78,1,1173,2780,5,0,0,54,0,2,104,52,80,112,157,1.7,-7.3,4,258,57,56,62,42,121,237,28,54,200,195,593,574,593,586,58,90,,80826,94759,N2156.8106,E08523.0574,691.1,14
08-08-2026 15:18,1616,1540,74,1,1178,2739,5,0,0,54,0,1,104,66,75,136,128,-1.7,-0.1,4,262,57,56,62,42,118,234,28,54,200,195,594,574,594,587,58,91,,80826,94800,N2156.8080,E08523.0607,690.8,14.39
08-08-2026 15:18,1689,1076,66,1,1257,2978,5,0,0,54,0,0,103,66,76,139,121,-2.8,0.8,4,176,57,56,62,44,90,227,28,54,199,195,593,566,589,583,58,90,,80826,94801,N2156.8051,E08523.0640,690.5,14.39
08-08-2026 15:18,1727,963,55,1,1283,3042,6,0,0,54,0,3,104,68,71,120,168,4.5,-5.1,4,14,57,56,62,45,60,204,28,54,199,194,586,547,572,570,58,90,,80826,94802,N2156.8020,E08523.0676,690.3,15.68
08-08-2026 15:18,1497,570,44,1,1357,3209,6,0,0,54,0,0,105,63,79,110,170,4.4,-7.6,4,109,57,56,62,39,28,166,28,54,199,194,571,523,549,549,58,90,,80826,94803,N2156.7988,E08523.0710,690.3,16.03
08-08-2026 15:18,1332,0,22,1,1314,3070,6,0,0,54,0,0,106,67,79,108,153,3.3,-5.7,4,0,57,56,62,39,15,127,28,54,199,194,549,493,518,522,58,91,,80826,94804,N2156.7954,E08523.0743,690.2,16.11
08-08-2026 15:18,1309,840,70,0,1254,2968,5,0,35,54,0,-1,104,67,98,124,139,-1.6,-4.6,4,178,57,56,62,44,17,105,28,54,198,194,520,475,495,501,58,90,,80826,94805,N2156.7919,E08523.0774,690.2,15.76
08-08-2026 15:18,1686,0,0,0,1168,2777,4,0,35,54,0,-4,104,75,100,106,136,0.5,-5.5,4,0,57,56,62,48,15,100,28,54,198,194,501,457,476,484,58,90,,80826,94806,N2156.7884,E08523.0802,690.5,15.76
08-08-2026 15:18,1938,0,0,1,1078,2381,4,0,35,54,0,-2,102,93,70,61,189,15.1,-10.5,4,0,57,56,62,48,11,92,28,54,198,193,478,427,448,459,58,90,,80826,94807,N2156.7850,E08523.0826,690.4,13.53
08-08-2026 15:18,1877,0,0,1,1016,2400,4,0,0,54,0,-2,103,55,133,108,144,-4.2,-11.4,4,0,57,56,62,48,10,82,28,54,209,208,453,395,416,429,58,90,,80826,94808,N2156.7818,E08523.0847,690.4,13.06
08-08-2026 15:18,1923,0,0,1,1041,2421,4,0,0,54,0,0,103,64,101,90,169,4.2,-11.6,4,0,57,56,62,46,8,73,28,54,209,208,424,363,385,401,58,91,,80826,94809,N2156.7786,E08523.0865,690.3,12.88
08-08-2026 15:18,1753,0,7,1,992,2324,4,0,0,55,0,5,106,39,76,123,195,3.5,-10.9,4,181,57,56,62,47,10,71,28,54,209,207,396,344,361,376,58,90,,80826,94810,N2156.7752,E08523.0879,690.4,12.69
08-08-2026 15:18,1789,1256,76,1,967,2211,4,0,0,55,0,2,104,31,56,112,161,2.4,-7.4,4,195,57,56,62,45,66,82,28,54,208,206,379,369,373,381,59,91,,80826,94811,N2156.7718,E08523.0886,690.5,12.69
08-08-2026 15:18,1793,1756,80,1,918,2227,4,0,0,55,0,5,102,63,80,144,195,3.4,-6.8,4,293,57,56,62,43,99,114,28,54,208,205,392,414,410,411,59,91,,80826,94812,N2156.7683,E08523.0886,690.5,11.82
08-08-2026 15:18,1759,1825,98,1,1012,2317,4,0,0,55,0,4,103,44,76,96,129,0.1,-6.5,4,283,57,56,62,46,134,160,28,54,208,205,420,453,448,443,59,91,,80826,94813,N2156.7650,E08523.0879,690.6,11.72
08-08-2026 15:18,1862,1946,97,1,1034,2428,4,0,0,56,0,2,101,58,55,169,129,-3.7,4.3,4,289,57,56,62,46,141,203,28,54,207,204,451,484,481,472,59,91,,80826,94814,N2156.7618,E08523.0867,690.6,11.9
08-08-2026 15:18,1883,1962,100,1,1098,2548,5,0,0,56,0,5,105,71,65,194,147,-4.1,5.3,4,286,58,56,62,47,133,237,28,54,207,203,478,504,505,495,59,91,,80826,94815,N2156.7585,E08523.0857,690.6,12.17
08-08-2026 15:18,1788,1754,49,0,1097,2480,5,0,0,56,0,2,102,64,56,100,94,0.2,1.4,4,288,58,56,62,40,118,238,28,54,206,203,500,515,518,507,59,90,,80826,94816,N2156.7549,E08523.0846,690.7,12.17
08-08-2026 15:18,1564,1723,100,1,1092,2610,5,0,0,56,0,3,105,77,80,116,171,5.2,-5.8,4,307,58,56,62,38,131,238,28,54,206,203,515,531,535,524,59,90,,80826,94817,N2156.7512,E08523.0836,690.9,13.28
08-08-2026 15:18,1541,1722,100,1,1139,2704,5,0,0,56,0,1,104,70,69,119,134,1.6,-1.4,4,309,58,56,62,39,134,245,28,54,206,202,532,544,550,539,59,91,,80826,94818,N2156.7474,E08523.0825,690.9,13.5
08-08-2026 15:18,1574,1479,100,1,1152,2704,5,0,0,56,0,3,105,74,60,165,131,-2,4.8,4,259,58,56,62,40,136,253,28,54,206,202,548,553,561,552,59,90,,80826,94819,N2156.7437,E08523.0815,690.9,13.48
08-08-2026 15:18,1603,1887,100,1,1151,2739,5,0,0,56,0,3,104,65,57,139,112,-1.9,3.5,4,326,58,56,62,41,136,260,28,54,206,202,561,561,571,562,59,91,,80826,94820,N2156.7397,E08523.0805,690.9,13.52
08-08-2026 15:18,1625,1887,100,1,1206,2843,5,0,0,56,0,2,103,79,51,154,134,0.8,4.8,4,319,58,57,62,42,140,266,28,54,206,201,571,567,579,572,59,91,,80826,94821,N2156.7355,E08523.0796,691.1,13.52
08-08-2026 15:18,1693,1832,100,1,1246,2891,5,0,0,56,0,2,104,58,62,136,73,-6.7,5.9,4,297,58,57,62,43,142,272,28,54,205,201,579,570,586,579,59,91,,80826,94822,N2156.7312,E08523.0791,691.2,14.95
08-08-2026 15:18,1763,1812,100,1,1247,2997,5,0,0,56,0,5,104,79,66,195,137,-4.5,7.1,4,282,58,57,62,43,143,275,28,54,205,201,585,573,591,585,59,90,,80826,94823,N2156.7268,E08523.0788,691.6,15.23
08-08-2026 15:18,1749,1829,97,1,1284,3091,5,0,0,56,0,3,106,67,50,79,62,0,3.4,4,291,58,57,62,43,144,277,28,54,205,201,590,576,595,589,59,90,,80826,94824,N2156.7225,E08523.0788,691.9,15.29
08-08-2026 15:18,1746,1806,90,1,1316,3148,5,0,0,56,0,3,99,72,74,191,154,-3.9,3.5,4,291,58,57,62,43,146,278,28,54,205,200,592,578,598,591,59,90,,80826,94825,N2156.7181,E08523.0792,692.2,15.47
08-08-2026 15:18,1759,1811,83,1,1362,3193,5,0,0,56,0,2,104,68,69,128,123,-0.6,0.4,4,285,58,57,62,44,133,275,28,55,205,200,595,578,599,593,59,91,,80826,94826,N2156.7137,E08523.0797,692.7,15.47
08-08-2026 15:18,1800,1787,62,1,1346,3103,5,0,0,56,0,0,99,70,60,122,91,-2.1,4.1,4,77,58,57,62,45,77,254,28,55,205,200,592,562,587,584,59,90,,80826,94827,N2156.7091,E08523.0799,693.2,16.19
08-08-2026 15:18,1849,353,42,0,1344,3252,6,0,0,56,0,4,105,76,77,177,164,-1.4,1.2,4,52,58,57,62,40,37,209,28,55,205,200,579,534,560,560,59,90,,80826,94828,N2156.7045,E08523.0799,693.5,15.97
08-08-2026 15:18,1513,564,35,1,1375,3060,6,0,0,56,0,0,101,74,57,80,95,3.2,0.2,4,92,58,57,62,39,26,162,28,55,204,200,559,509,535,537,59,90,,80826,94829,N2156.6998,E08523.0797,693.8,16.08
08-08-2026 15:18,1330,182,31,1,1321,3164,6,0,0,56,0,0,104,79,77,174,188,1.6,-1.2,4,37,58,57,62,39,16,125,28,55,204,199,538,484,509,513,59,90,,80826,94830,N2156.6952,E08523.0794,694,16.14
08-08-2026 15:18,1310,112,33,1,1325,3129,6,0,0,56,0,0,104,66,76,103,70,-4.3,2.3,4,102,58,57,62,39,14,97,28,55,204,199,514,463,485,491,59,90,,80826,94831,N2156.6905,E08523.0790,694.3,16.14
08-08-2026 15:18,1295,588,36,1,1346,3063,6,0,0,56,0,1,102,84,67,166,152,0.3,3.1,4,126,58,57,62,39,14,83,28,55,204,199,495,452,470,475,59,90,,80826,94832,N2156.6860,E08523.0784,694.6,15.94
08-08-2026 15:18,1278,409,38,1,1315,3086,6,0,0,56,0,0,105,66,74,116,112,-1.2,-0.4,4,88,58,57,62,39,18,77,28,55,203,199,478,446,462,465,59,90,,80826,94833,N2156.6815,E08523.0778,694.8,15.85
08-08-2026 15:18,1308,234,39,1,1326,3089,6,0,0,56,0,0,102,81,70,137,130,0.4,1.8,4,48,58,57,62,40,18,74,28,55,203,198,470,445,457,459,59,90,,80826,94834,N2156.6769,E08523.0773,695.3,15.95
08-08-2026 15:18,1320,597,37,1,1330,3148,6,0,0,56,0,1,106,73,82,136,107,-3.8,2,4,126,58,57,62,39,22,75,28,55,204,198,464,446,456,457,59,90,,80826,94835,N2156.6724,E08523.0767,695.5,16.01
08-08-2026 15:18,1307,437,39,1,1339,3117,6,0,0,56,0,1,103,85,59,151,145,2,3.2,4,93,58,57,62,39,20,75,28,55,203,198,461,445,453,454,59,90,,80826,94836,N2156.6679,E08523.0759,695.8,16.01
08-08-2026 15:18,1315,381,37,1,1312,3065,6,0,0,56,0,1,106,69,69,124,140,1.6,-1.6,4,50,58,57,62,39,17,75,28,55,203,198,458,441,448,449,59,90,,80826,94837,N2156.6635,E08523.0751,695.9,16.04
08-08-2026 15:18,1321,320,31,1,1321,3110,6,0,0,56,0,0,104,72,72,141,114,-2.7,2.7,4,67,58,57,62,39,14,73,28,55,203,198,454,432,440,442,59,90,,80826,94838,N2156.6590,E08523.0743,696.1,15.91
08-08-2026 15:18,1319,196,32,1,1305,3051,6,0,0,56,0,0,104,87,61,150,129,0.5,4.7,4,42,58,57,62,39,11,70,28,55,203,198,447,424,430,433,59,90,,80826,94839,N2156.6545,E08523.0734,696.1,15.78
08-08-2026 15:18,1323,66,28,1,1320,3096,6,0,0,56,0,0,103,87,60,150,105,-1.8,7.2,4,6,58,57,62,39,9,64,28,55,203,197,439,409,416,421,59,90,,80826,94840,N2156.6501,E08523.0725,696.1,15.78
08-08-2026 15:18,1329,0,21,1,1304,3112,6,0,0,56,0,0,104,88,71,156,77,-6.2,9.6,4,0,58,58,62,39,6,56,28,55,203,197,424,387,396,403,59,90,,80826,94841,N2156.6457,E08523.0720,696.2,15.78
08-08-2026 15:18,1291,0,25,1,1346,3174,6,0,0,56,0,1,104,79,66,125,76,-3.6,6.2,4,19,58,58,62,39,5,51,28,55,202,197,407,367,374,382,59,91,,80826,94842,N2156.6412,E08523.0717,696.2,15.67
08-08-2026 15:18,1304,418,40,1,1327,2985,6,0,0,56,0,2,104,83,60,166,154,1.1,3.5,4,89,58,58,62,40,11,55,28,55,202,197,392,364,368,374,59,91,,80826,94843,N2156.6368,E08523.0717,696.3,15.45
08-08-2026 15:18,1324,243,38,1,1281,3009,6,0,0,56,0,2,103,61,67,145,105,-4.6,3.4,4,60,58,58,62,40,14,60,28,55,202,197,387,367,369,374,59,90,,80826,94845,N2156.6278,E08523.0722,696.2,15.76
08-08-2026 15:18,1338,129,28,1,1297,3101,6,0,0,56,0,0,104,86,57,101,138,6.6,-0.8,4,26,58,58,62,40,14,63,28,55,202,197,383,365,367,372,59,90,,80826,94846,N2156.6232,E08523.0723,696.2,16.12
08-08-2026 15:18,1337,0,24,1,1314,3171,6,0,0,56,0,0,104,57,75,168,129,-5.7,2.1,4,0,57,58,62,39,9,59,28,55,202,196,378,353,357,362,59,90,,80826,94846,N2156.6232,E08523.0723,696.2,16.22
08-08-2026 15:18,1321,0,20,1,1399,3155,6,0,0,56,0,2,104,86,53,161,149,2.1,4.5,4,0,57,58,62,40,6,54,28,55,201,197,367,335,340,348,59,90,,80826,94847,N2156.6185,E08523.0724,696.2,16.43
08-08-2026 15:18,1401,0,4,1,1395,3150,6,0,0,56,0,0,102,64,70,112,131,1.3,-2.5,4,0,58,58,62,40,6,51,28,55,201,196,353,316,321,331,60,91,,80826,94848,N2156.6138,E08523.0723,696,16.68
08-08-2026 15:18,1436,0,0,1,1445,3452,6,0,0,56,0,0,105,80,75,119,145,3.1,-2.1,4,0,58,58,62,38,6,49,28,55,201,196,337,298,304,314,60,90,,80826,94849,N2156.6089,E08523.0720,695.8,17.36
08-08-2026 15:18,1437,0,0,1,1475,3471,6,0,41,56,0,-3,104,73,87,106,127,0.7,-3.5,4,0,58,58,62,38,6,47,28,55,201,195,321,281,286,297,60,90,,80826,94850,N2156.6039,E08523.0716,695.5,17.56
08-08-2026 15:18,1475,951,69,1,1411,3127,5,0,37,56,0,-4,105,91,98,130,123,-1.4,0,4,177,57,58,62,44,14,61,28,55,201,195,307,287,286,293,60,91,,80826,94851,N2156.5990,E08523.0708,695.1,17.56
08-08-2026 15:18,1724,0,0,1,1287,3046,5,0,32,56,0,-3,103,80,81,107,132,2.4,-2.6,4,0,57,58,62,44,12,63,28,55,201,195,304,285,286,292,60,90,,80826,94853,N2156.5900,E08523.0688,694.5,16.05
08-08-2026 15:18,1691,0,39,1,1231,2928,4,0,28,56,0,-3,104,84,100,138,127,-2.7,-0.5,4,0,57,58,62,48,9,63,28,55,208,207,298,279,280,285,60,91,,80826,94854,N2156.5860,E08523.0676,694.1,15.44
08-08-2026 15:18,1993,0,0,1,1121,2704,4,0,21,56,0,0,104,73,77,128,102,-3,2.2,4,94,57,58,62,50,18,77,28,55,209,208,294,280,279,284,60,91,,80826,94855,N2156.5822,E08523.0663,694.2,14.2
08-08-2026 15:18,2086,895,47,1,1171,2711,4,0,0,57,0,1,104,79,73,137,122,-0.9,2.1,4,119,58,58,62,50,35,98,28,55,209,207,296,301,294,295,60,91,,80826,94856,N2156.5786,E08523.0649,693.9,13.44
08-08-2026 15:18,2141,317,43,1,1194,2801,4,0,0,57,0,-1,104,83,68,146,107,-2.4,5.4,4,41,57,58,62,51,23,115,28,55,208,206,308,313,307,306,60,90,,80826,94856,N2156.5786,E08523.0649,693.9,13.81
08-08-2026 15:18,2176,0,29,1,1190,2815,4,0,0,58,0,-1,104,84,68,142,95,-3.1,6.3,4,0,58,58,62,51,15,118,28,55,208,206,312,302,301,301,61,91,,80826,94858,N2156.5709,E08523.0621,693.1,14.32
08-08-2026 15:18,2201,773,50,1,1217,2857,4,0,0,59,0,0,103,90,63,183,131,-2.5,7.9,4,97,57,58,62,51,19,118,27,55,208,205,309,299,294,296,61,91,,80826,94859,N2156.5669,E08523.0607,692.8,13.87
08-08-2026 15:18,2238,411,44,1,1185,2822,4,0,0,60,0,-1,104,91,63,150,86,-3.6,9.2,4,0,58,57,62,51,15,118,27,55,208,205,307,291,289,291,61,91,,80826,94900,N2156.5622,E08523.0593,692.3,14.53
08-08-2026 15:19,2224,0,36,1,1204,2834,4,0,0,60,0,0,103,100,49,156,112,0.7,9.5,4,0,58,57,62,52,11,114,27,55,208,204,304,275,275,279,61,91,,80826,94901,N2156.5580,E08523.0586,691.9,14.58
08-08-2026 15:19,2207,0,33,1,1164,2768,4,0,0,60,0,-1,105,103,60,128,120,3.5,5.1,4,0,58,57,62,51,10,108,27,55,208,204,289,260,261,266,62,90,,80826,94901,N2156.5580,E08523.0586,691.9,13.96
08-08-2026 15:19,2024,0,56,0,1188,2798,5,0,0,60,0,2,103,86,59,176,99,-5,10.4,4,0,58,57,63,42,37,98,27,55,208,203,279,270,262,264,62,91,,80826,94903,N2156.5500,E08523.0588,691.3,13.82
08-08-2026 15:19,1732,1312,77,1,1222,2898,5,0,0,60,0,2,105,72,69,195,67,-12.5,13.1,4,292,58,57,62,42,72,116,27,55,207,203,289,319,300,294,61,91,,80826,94904,N2156.5464,E08523.0596,691.4,13.8
08-08-2026 15:19,1746,1561,74,1,1293,3072,5,0,0,60,0,2,103,100,35,160,87,-0.8,13.8,4,247,58,57,63,43,87,150,27,55,207,203,323,367,348,335,61,91,,80826,94905,N2156.5423,E08523.0609,691.5,13.35
08-08-2026 15:19,1800,1123,56,1,1303,3077,5,0,0,60,0,1,103,87,71,169,136,-1.7,4.9,4,43,58,57,63,43,65,164,27,55,206,203,355,391,377,364,61,91,,80826,94906,N2156.5381,E08523.0625,691.4,15.27
08-08-2026 15:19,1744,200,32,1,1313,3171,6,0,0,60,0,1,104,85,55,114,109,2.5,3.5,4,32,58,57,63,39,26,145,27,56,206,203,374,391,384,375,61,90,,80826,94906,N2156.5381,E08523.0625,691.4,16.12
08-08-2026 15:19,1425,88,27,1,1336,3112,6,0,0,60,0,0,105,68,78,181,121,-7,5,4,17,58,57,63,39,14,116,27,56,206,203,381,378,374,370,61,91,,80826,94908,N2156.5294,E08523.0663,691.6,16.36
08-08-2026 15:19,1355,0,24,1,1314,3209,6,0,0,60,0,0,104,84,62,129,76,-3.1,7.5,4,0,58,58,63,39,7,91,27,56,206,202,379,358,357,357,61,91,,80826,94909,N2156.5249,E08523.0680,692.1,16.36
08-08-2026 15:19,1309,0,16,1,1351,3176,6,0,0,60,0,0,104,94,71,143,145,2.5,2.1,4,0,58,58,63,39,6,73,27,56,206,202,367,338,338,340,61,91,,80826,94910,N2156.5204,E08523.0699,692.7,16.25
08-08-2026 15:19,1301,0,24,1,1313,3082,6,0,0,60,0,0,105,69,71,137,117,-2.2,1.8,4,0,58,58,63,39,5,62,27,56,206,201,350,317,319,323,61,91,,80826,94911,N2156.5161,E08523.0720,693,16.05
08-08-2026 15:19,1280,0,23,1,1258,2971,6,0,0,59,0,1,104,78,55,140,129,1.2,3.4,4,111,58,58,63,39,6,57,27,56,206,201,338,307,305,310,61,91,,80826,94911,N2156.5161,E08523.0720,693,15.74
08-08-2026 15:19,1264,792,48,1,1235,3070,6,0,0,59,0,1,106,64,90,177,66,-13.7,8.5,4,173,58,58,63,39,14,65,27,56,206,201,327,321,313,314,61,91,,80826,94913,N2156.5076,E08523.0757,694,15.56
08-08-2026 15:19,1294,552,45,1,1232,2990,6,0,0,59,0,0,101,84,53,145,145,3.1,3.1,4,186,58,58,63,38,30,79,27,56,206,201,335,348,336,334,61,91,,80826,94914,N2156.5036,E08523.0779,694.2,15.31
08-08-2026 15:19,1419,726,52,0,1343,3042,5,0,0,59,0,5,106,55,58,164,156,-1.1,0.5,4,139,58,58,63,43,57,108,27,56,205,201,353,381,364,359,61,91,,80826,94915,N2156.4997,E08523.0798,694,15.37
08-08-2026 15:19,1691,1710,78,1,1278,2964,5,0,0,59,0,2,101,69,38,117,106,2,4.2,4,144,58,58,63,43,75,143,27,56,205,200,380,418,401,390,61,91,,80826,94916,N2156.4956,E08523.0816,693.7,15.69
08-08-2026 15:19,1755,1806,61,1,1338,3105,5,0,0,59,0,0,105,74,87,139,142,-1,-1.6,4,284,58,58,63,44,72,168,27,56,205,201,409,445,427,417,61,91,,80826,94917,N2156.4917,E08523.0837,693.1,15.85
08-08-2026 15:19,1812,362,38,1,1351,3162,6,0,0,59,0,0,101,84,58,146,128,0.8,4.4,4,54,58,58,63,39,51,163,27,56,205,200,431,447,436,429,61,91,,80826,94918,N2156.4878,E08523.0859,692.4,16.25
08-08-2026 15:19,1522,0,23,1,1386,3249,6,0,0,59,0,1,106,78,72,156,117,-3.3,4.5,4,0,58,58,63,39,16,132,27,56,205,200,436,429,423,423,61,91,,80826,94919,N2156.4838,E08523.0883,692.1,16.46
08-08-2026 15:19,1414,0,0,1,1370,3190,6,0,0,59,0,0,103,80,65,127,128,1.6,1.4,4,0,58,58,63,39,10,102,27,57,205,200,428,404,401,405,61,91,,80826,94920,N2156.4799,E08523.0910,691.6,16.72
08-08-2026 15:19,1349,0,0,1,1396,3268,6,0,0,59,0,0,106,88,67,145,103,-2.1,6.3,4,0,58,58,63,39,7,82,27,56,205,200,414,378,376,384,61,91,,80826,94921,N2156.4762,E08523.0938,691.1,16.54
08-08-2026 15:19,1363,0,0,1,1343,3091,6,0,0,59,0,-3,103,101,68,117,135,5.1,1.5,4,0,58,58,63,39,5,67,27,56,205,200,395,354,353,362,61,91,,80826,94922,N2156.4725,E08523.0967,690.9,16.19
08-08-2026 15:19,1327,0,0,1,1318,3176,6,0,0,59,0,0,105,78,86,133,118,-2.3,0.7,4,0,58,58,63,39,6,57,27,56,205,199,373,331,332,343,61,90,,80826,94923,N2156.4690,E08523.0996,690.8,16.41
08-08-2026 15:19,1285,0,4,1,1286,3030,6,0,0,59,0,0,103,80,75,147,119,-2.3,3.3,4,0,58,58,63,39,5,51,27,56,204,199,352,311,313,323,61,90,,80826,94924,N2156.4656,E08523.1028,690.9,15.9
08-08-2026 15:19,1307,0,4,1,1327,3112,6,0,0,59,0,0,104,68,86,155,73,-10,6.4,4,0,58,58,63,39,4,48,27,56,204,199,333,292,295,306,61,91,,80826,94925,N2156.4622,E08523.1059,690.6,15.91
08-08-2026 15:19,1336,0,0,1,1363,3241,6,0,0,59,0,1,103,95,47,148,145,4.5,5.1,4,0,58,58,63,39,5,47,27,56,204,199,316,275,278,290,61,90,,80826,94926,N2156.4587,E08523.1091,690.1,16.26
08-08-2026 15:19,1365,0,0,1,1366,3167,6,0,85,59,0,0,105,55,87,143,130,-4.5,-1.9,4,0,58,58,63,40,4,46,27,56,204,199,298,257,261,273,61,90,,80826,94926,N2156.4587,E08523.1091,690.1,16.58
08-08-2026 15:19,1380,0,0,0,1326,3204,5,0,28,59,0,0,104,75,80,151,102,-5.4,4.4,4,0,58,58,63,41,13,53,27,56,204,198,284,263,259,269,61,90,,80826,94928,N2156.4513,E08523.1154,689.6,16.87
08-08-2026 15:19,1663,0,13,0,1348,3306,5,0,45,59,0,-7,104,124,71,87,125,9.1,1.5,4,0,58,58,63,44,14,69,27,56,203,198,280,270,267,274,61,91,,80826,94929,N2156.4476,E08523.1182,687.9,17.02
08-08-2026 15:19,1728,0,11,1,1248,2931,5,0,45,59,0,-2,102,89,72,111,155,6.1,-2.7,4,0,58,58,63,43,9,67,27,56,203,198,279,260,261,269,61,91,,80826,94930,N2156.4441,E08523.1208,686.6,16.35
08-08-2026 15:19,1693,0,10,1,1196,2836,4,0,21,59,0,-3,102,78,92,121,119,-1.6,-1.2,4,176,58,58,63,42,10,72,27,56,203,201,272,259,257,264,61,91,,80826,94931,N2156.4406,E08523.1232,685.6,15.25
08-08-2026 15:19,2035,0,10,1,1210,2839,4,0,28,59,0,-2,102,75,88,116,126,-0.3,-2.3,4,0,58,58,63,52,10,85,27,56,209,208,270,252,253,261,61,91,,80826,94932,N2156.4370,E08523.1255,684.7,14.89
08-08-2026 15:19,2207,0,9,1,1193,2836,4,0,28,59,0,-3,102,77,95,136,132,-2.2,-1.4,4,0,58,58,63,52,9,92,27,56,209,207,264,240,243,251,61,91,,80826,94933,N2156.4334,E08523.1276,683.7,14.88
08-08-2026 15:19,2224,0,10,1,1245,2921,4,0,28,60,0,-2,101,70,90,147,140,-2.7,-1.3,4,0,58,58,63,52,9,97,27,56,209,206,255,227,231,239,61,91,,80826,94934,N2156.4297,E08523.1297,682.7,14.79
08-08-2026 15:19,2287,0,10,1,1227,2891,4,0,28,61,0,-3,102,60,96,74,134,2.4,-9.6,4,0,58,58,63,52,10,101,27,56,208,206,247,216,218,227,62,91,,80826,94935,N2156.4257,E08523.1316,681.8,15.63
08-08-2026 15:19,2326,0,12,1,1270,3058,4,0,28,61,0,-2,103,71,107,93,195,6.6,-13.8,4,0,58,58,64,52,10,104,27,56,209,205,234,205,208,216,62,91,,80826,94936,N2156.4216,E08523.1330,681,15.63
08-08-2026 15:19,2268,0,11,1,1189,2827,4,0,21,63,0,-3,105,58,94,95,160,2.9,-10.1,4,0,58,58,64,51,9,100,27,56,208,205,224,196,198,206,63,91,,80826,94937,N2156.4175,E08523.1340,680.4,15.49
08-08-2026 15:19,2185,0,13,1,1164,2775,4,0,21,63,0,-1,106,67,102,119,149,-0.5,-6.5,4,0,58,58,64,50,9,94,27,56,208,205,214,187,189,196,63,91,,80826,94938,N2156.4135,E08523.1343,679.8,14.48
08-08-2026 15:19,2105,0,28,1,1157,2685,4,0,0,64,0,-2,105,58,103,78,135,1.2,-10.2,4,0,58,58,64,49,9,88,27,56,208,204,205,179,181,188,64,91,,80826,94939,N2156.4095,E08523.1342,679.4,14.02
08-08-2026 15:19,2080,0,34,1,1058,2553,4,0,0,65,0,-1,105,60,102,95,152,1.5,-9.9,4,0,58,57,64,47,10,83,27,56,208,204,197,176,176,182,64,91,,80826,94940,N2156.4059,E08523.1333,678.9,13.68
08-08-2026 15:19,1997,1521,49,1,1118,2610,4,0,0,66,0,1,104,56,89,110,157,1.4,-8,4,211,58,57,64,47,37,98,27,57,208,203,198,215,201,201,65,91,,80826,94941,N2156.4025,E08523.1315,678,13.06
08-08-2026 15:19,1964,224,69,0,1167,2730,5,0,0,66,0,2,103,48,74,113,152,1.3,-6.5,4,32,58,57,64,39,69,118,27,57,208,203,221,273,254,244,65,91,,80826,94942,N2156.3991,E08523.1295,677.3,13.56
08-08-2026 15:19,1663,1604,71,1,1182,2716,5,0,0,67,0,4,104,59,71,126,190,5.2,-7.6,4,269,58,57,64,38,94,150,27,57,207,203,259,325,304,290,65,91,,80826,94943,N2156.3957,E08523.1270,676.9,14.25
08-08-2026 15:19,1635,1654,88,1,1269,2947,5,0,0,67,0,4,102,45,50,94,195,9.6,-10.6,4,277,58,58,64,41,125,190,27,57,207,203,304,376,355,336,66,91,,80826,94944,N2156.3927,E08523.1242,675.8,14.69
08-08-2026 15:19,1726,1553,84,1,1197,2808,5,0,0,67,0,3,104,47,84,195,174,-5.8,-1.6,4,245,58,58,64,41,126,222,27,57,207,203,349,415,398,378,65,91,,80826,94945,N2156.3894,E08523.1213,675.3,14.59
08-08-2026 15:19,1756,1804,69,1,1236,3034,5,0,0,67,0,2,102,48,56,91,69,-3,1.4,4,284,58,58,64,41,128,254,27,57,206,203,394,445,432,411,65,91,,80826,94946,N2156.3861,E08523.1180,675.1,14.59
08-08-2026 15:19,1799,1056,63,1,1323,3190,5,0,0,66,0,1,102,65,104,195,155,-7.9,0.1,4,162,58,58,64,43,91,262,27,58,206,202,424,461,453,433,65,91,,80826,94947,N2156.3826,E08523.1147,674.8,15.53
08-08-2026 15:19,1775,1486,53,1,1378,3115,6,0,0,66,0,2,102,65,51,122,66,-4.2,7,4,137,58,58,64,43,55,242,27,58,206,202,442,461,461,442,65,91,,80826,94948,N2156.3791,E08523.1113,674.8,16.14
08-08-2026 15:19,1538,210,30,0,1343,3134,6,0,0,66,0,0,105,82,100,94,180,6.8,-10.4,4,40,58,58,64,39,36,193,27,58,206,202,452,448,453,438,65,91,,80826,94949,N2156.3757,E08523.1079,674.7,16.24
08-08-2026 15:19,1375,0,25,1,1308,3124,6,0,0,66,0,2,104,27,77,152,117,-8.5,-1.5,4,55,59,58,64,39,13,149,27,58,206,201,443,428,435,424,65,91,,80826,94950,N2156.3724,E08523.1045,674.7,16.36
08-08-2026 15:19,1314,733,35,1,1201,2931,6,0,0,65,0,5,106,36,65,185,192,-2.2,-3.6,4,155,59,58,64,38,22,122,27,58,206,201,435,424,427,417,64,91,,80826,94951,N2156.3695,E08523.1008,674.5,15.84
08-08-2026 15:19,1226,980,50,1,1407,3268,5,0,0,65,0,0,102,50,73,81,138,3.4,-8,4,209,59,58,64,39,32,117,27,59,206,201,434,435,434,423,64,91,,80826,94952,N2156.3672,E08523.0968,674.1,15.3
08-08-2026 15:19,1597,1471,62,0,1274,2787,5,0,0,65,0,5,98,35,96,70,187,5.6,-17.8,4,249,59,58,64,42,50,129,27,59,206,201,442,456,450,437,64,91,,80826,94953,N2156.3653,E08523.0928,673.5,14.89
08-08-2026 15:19,1640,1587,83,1,1285,3009,5,0,0,65,0,5,99,61,90,180,195,-1.4,-4.4,4,270,59,58,64,40,110,153,27,59,206,201,459,486,478,461,64,91,,80826,94954,N2156.3638,E08523.0887,673.1,14.71
08-08-2026 15:19,1617,1710,95,1,1271,2853,5,0,0,64,0,0,98,25,83,27,81,-0.4,-11.2,4,283,59,58,64,41,128,188,27,59,205,201,483,511,504,487,64,91,,80826,94955,N2156.3626,E08523.0842,673.1,14.98
08-08-2026 15:19,1712,1822,94,1,1161,2756,5,0,0,64,0,2,95,60,95,51,190,10.4,-17.4,4,294,59,58,64,39,135,221,27,59,205,201,507,531,528,511,64,91,,80826,94956,N2156.3626,E08523.0798,672.8,14.98
08-08-2026 15:19,1658,1858,93,1,1210,2902,5,0,0,64,0,3,94,50,114,148,195,-1.7,-11.1,4,276,59,58,64,40,138,249,27,59,205,201,526,543,543,527,64,91,,80826,94957,N2156.3628,E08523.0753,672.4,14.62
08-08-2026 15:19,1682,1836,88,1,1176,2815,5,0,0,64,0,0,95,48,80,58,83,-0.7,-5.7,4,302,59,59,64,39,138,269,27,59,205,200,541,551,554,540,64,91,,80826,94958,N2156.3636,E08523.0707,672.3,14.62
08-08-2026 15:19,1675,1624,82,1,1204,2954,5,0,0,64,0,0,100,65,101,166,162,-4,-3.2,4,269,59,59,64,40,136,283,27,59,205,200,553,556,563,550,63,91,,80826,94959,N2156.3649,E08523.0661,672.2,14.83
08-08-2026 15:19,1670,1078,63,1,1215,2926,5,0,0,63,0,2,103,65,86,100,128,0.7,-4.9,4,179,59,59,64,41,104,275,27,59,205,200,560,550,562,552,63,91,,80826,95000,N2156.3665,E08523.0617,672.1,15.08
08-08-2026 15:20,1696,1034,62,1,1193,2860,5,0,0,63,0,0,102,59,83,99,148,2.5,-7.3,4,168,59,59,64,41,84,251,27,59,205,200,558,543,557,547,63,91,,80826,95001,N2156.3682,E08523.0573,672.8,15.08
08-08-2026 15:20,1668,1801,63,1,1210,2907,6,0,0,63,0,2,106,85,78,131,195,7.1,-5.7,4,125,59,59,64,41,74,229,27,59,205,200,555,538,554,544,63,91,,80826,95002,N2156.3702,E08523.0533,673.3,15
08-08-2026 15:20,1423,1346,73,1,1160,2824,6,0,0,63,0,1,102,52,77,88,114,0.1,-5.1,4,271,59,59,65,36,87,213,27,59,205,200,552,542,556,545,63,91,,80826,95003,N2156.3725,E08523.0495,673.8,14.61
08-08-2026 15:20,1219,1328,77,1,1174,2813,6,0,0,63,0,3,104,82,61,118,165,6.8,-2.6,4,256,59,59,65,36,89,217,27,59,205,199,558,555,566,554,63,91,,80826,95004,N2156.3750,E08523.0459,674.1,14.52
08-08-2026 15:20,1193,1333,74,1,1184,2824,6,0,0,63,0,0,101,52,82,154,100,-8.4,2.4,4,309,59,59,65,39,97,222,27,59,204,199,568,570,579,567,63,91,,80826,95005,N2156.3777,E08523.0423,674.6,14.44
08-08-2026 15:20,1337,1393,70,1,1180,2765,5,0,0,63,0,3,103,76,63,195,82,-10,12.6,4,250,59,59,65,39,108,225,27,59,204,199,581,581,590,579,63,91,,80826,95006,N2156.3802,E08523.0388,675.1,14.44
08-08-2026 15:20,1599,1074,70,1,1131,2640,5,0,0,63,0,0,102,100,54,125,60,-1.9,11.1,4,182,59,59,65,39,105,227,27,59,204,198,591,583,594,584,63,91,,80826,95007,N2156.3826,E08523.0353,675.3,13.99
08-08-2026 15:20,1622,1327,66,1,1191,2964,5,0,0,63,0,-1,99,101,36,195,51,-7.9,20.9,4,231,59,59,65,39,97,222,27,59,204,198,594,580,594,585,63,91,,80826,95008,N2156.3846,E08523.0315,675.7,13.9
08-08-2026 15:20,1542,1519,98,1,1112,2631,5,0,0,63,0,0,97,104,37,195,82,-4.6,18,4,275,59,59,65,38,113,220,27,58,204,198,594,581,595,585,63,91,,80826,95009,N2156.3858,E08523.0275,676.1,13.78
08-08-2026 15:20,1511,1519,98,1,1103,2621,5,0,0,63,0,1,97,122,42,171,85,-0.6,16.6,4,282,59,59,65,39,133,230,27,58,204,198,598,587,601,592,63,91,,80826,95010,N2156.3860,E08523.0235,676.3,13.17
08-08-2026 15:20,1493,1558,100,1,1112,2548,5,0,0,63,0,2,95,79,40,149,27,-8.3,16.1,4,289,60,59,65,39,136,242,27,58,203,198,603,592,607,598,63,91,,80826,95011,N2156.3850,E08523.0199,676.5,13.17
08-08-2026 15:20,1454,1576,100,1,1015,2357,5,0,0,62,0,5,91,87,59,195,143,-2.4,8,4,303,59,59,65,39,132,253,27,58,203,198,608,596,612,605,63,91,,80826,95012,N2156.3832,E08523.0168,676.6,12.3
08-08-2026 15:20,1424,1589,100,1,1002,2341,5,0,0,62,0,4,94,71,47,128,88,-1.6,6.4,4,313,60,59,65,39,132,258,27,58,203,198,614,600,617,611,63,91,,80826,95013,N2156.3810,E08523.0141,676.6,12.01
08-08-2026 15:20,1429,1584,100,1,1056,2456,5,0,0,62,0,5,97,63,55,170,148,-1.4,3,4,306,60,59,65,39,134,264,27,58,203,198,619,605,622,618,63,91,,80826,95014,N2156.3786,E08523.0113,676.6,12.19
08-08-2026 15:20,1451,1577,95,1,1030,2388,5,0,0,62,0,5,105,61,60,152,129,-2.2,2.4,4,296,59,59,65,39,135,269,27,58,203,198,624,608,626,622,63,91,,80826,95015,N2156.3761,E08523.0086,676.5,12.19
08-08-2026 15:20,1459,1792,92,1,1035,2489,5,0,0,62,0,3,103,69,53,129,116,0.3,2.9,4,341,60,59,65,39,136,270,27,58,203,197,627,611,629,626,63,91,,80826,95016,N2156.3736,E08523.0057,676.6,12.55
08-08-2026 15:20,1459,1568,100,1,1058,2506,5,0,0,62,0,2,105,81,59,136,154,4,0.4,4,297,60,59,65,39,137,270,27,58,203,197,631,612,631,629,63,91,,80826,95017,N2156.3711,E08523.0028,676.9,12.61
08-08-2026 15:20,1480,1774,100,1,1092,2570,5,0,0,62,0,3,103,73,58,121,144,3.8,-0.8,4,331,60,59,65,39,138,272,27,58,203,197,633,613,632,631,63,91,,80826,95018,N2156.3685,E08522.9999,677.2,13.03
08-08-2026 15:20,1489,1544,100,1,1098,2558,5,0,0,62,0,3,105,63,71,131,153,1.4,-3,4,322,60,59,65,39,139,274,27,58,203,197,636,613,633,633,63,91,,80826,95019,N2156.3659,E08522.9969,677.4,13.15
08-08-2026 15:20,1517,1523,100,1,1112,2617,5,0,0,62,0,2,104,65,63,122,128,0.8,-0.4,4,277,60,60,65,39,140,274,27,58,203,197,635,612,633,634,63,91,,80826,95020,N2156.3633,E08522.9939,677.5,13.23
08-08-2026 15:20,1527,1733,99,1,1101,2629,5,0,0,62,0,3,105,67,65,128,146,2,-1.6,4,315,59,60,65,39,141,275,27,58,203,197,636,611,632,634,63,91,,80826,95021,N2156.3606,E08522.9907,677.8,13.23
08-08-2026 15:20,1524,1741,100,1,1116,2624,5,0,0,62,0,3,104,59,69,141,135,-1.6,-0.4,4,316,59,60,65,39,142,274,27,58,202,197,635,610,632,635,63,91,,80826,95022,N2156.3580,E08522.9875,677.9,13.3
08-08-2026 15:20,1528,1514,100,1,1136,2662,5,0,0,62,0,3,104,63,74,144,122,-3.3,1.1,4,308,60,60,65,39,142,273,27,58,202,197,635,608,631,635,63,91,,80826,95023,N2156.3554,E08522.9843,678.2,13.7
08-08-2026 15:20,1568,1695,100,1,1154,2711,5,0,0,62,0,2,103,69,60,143,121,-1.3,3.1,4,300,60,60,65,38,142,273,27,58,202,196,634,606,630,635,63,91,,80826,95024,N2156.3529,E08522.9810,678.3,13.74
08-08-2026 15:20,1596,1683,100,1,1152,2709,5,0,0,62,0,4,104,74,59,150,146,1.1,1.9,4,292,60,60,65,38,143,272,27,58,202,196,633,605,629,633,63,91,,80826,95025,N2156.3503,E08522.9777,678.3,13.92
08-08-2026 15:20,1594,1691,100,1,1151,2754,5,0,0,62,0,3,104,61,63,135,126,-1.1,0.7,4,294,60,60,65,37,145,272,27,58,202,196,632,603,627,632,63,91,,80826,95026,N2156.3476,E08522.9746,678.4,13.92
08-08-2026 15:20,1604,1686,100,1,1173,2761,5,0,0,62,0,3,104,60,73,152,136,-2.9,0.3,4,287,60,60,65,38,145,269,27,58,202,196,631,602,627,632,63,91,,80826,95027,N2156.3449,E08522.9713,678.8,14.28
08-08-2026 15:20,1630,1663,98,1,1189,2843,5,0,0,62,0,3,104,68,64,121,138,2.1,-1.3,4,282,60,60,65,39,146,270,27,58,201,195,629,601,626,631,63,90,,80826,95028,N2156.3421,E08522.9680,679.2,14.55
08-08-2026 15:20,1660,1655,100,1,1215,2874,5,0,0,61,0,4,104,64,68,127,158,2.7,-3.5,4,271,60,60,65,39,147,270,27,58,201,195,628,600,625,629,63,91,,80826,95029,N2156.3393,E08522.9644,679.5,14.87
08-08-2026 15:20,1681,1641,100,1,1236,2950,5,0,0,61,0,3,105,54,79,144,117,-5.2,0.2,4,270,60,60,65,40,148,271,27,58,201,195,626,599,625,627,63,91,,80826,95030,N2156.3367,E08522.9607,679.6,15.05
08-08-2026 15:20,1702,1836,100,1,1253,2966,5,0,0,61,0,3,105,71,64,131,166,4.2,-2.8,4,264,60,60,65,40,149,270,27,58,201,195,625,598,624,627,63,91,,80826,95031,N2156.3340,E08522.9570,679.9,15.05
08-08-2026 15:20,1709,1624,100,1,1270,2985,5,0,0,61,0,3,105,61,69,102,154,4.4,-6,4,262,60,60,66,41,148,271,27,58,201,195,623,597,623,625,63,91,,80826,95032,N2156.3315,E08522.9531,680,15.3
08-08-2026 15:20,1724,1823,98,1,1276,2985,5,0,0,61,0,3,104,58,75,130,148,0.1,-3.5,4,292,60,60,66,41,150,273,26,58,201,195,624,597,623,625,63,91,,80826,95033,N2156.3291,E08522.9492,680.3,15.43
08-08-2026 15:20,1743,1838,100,1,1265,2978,5,0,0,61,0,3,105,62,71,125,152,1.8,-3.6,4,287,60,60,66,41,150,273,26,58,201,195,623,596,622,623,63,91,,80826,95034,N2156.3268,E08522.9450,680.8,15.5
08-08-2026 15:20,1733,1620,100,1,1267,2985,5,0,0,61,0,3,105,58,75,122,156,1.7,-5.1,4,260,60,60,66,40,151,271,26,58,201,195,621,595,622,623,63,91,,80826,95035,N2156.3248,E08522.9409,681.1,15.42
08-08-2026 15:20,1713,1830,100,1,1247,2950,5,0,0,61,0,2,106,61,85,127,155,0.4,-5.2,4,298,60,60,66,40,150,270,26,58,201,195,621,595,621,622,63,91,,80826,95036,N2156.3230,E08522.9366,681.4,15.42
08-08-2026 15:20,1678,1640,100,1,1234,2843,5,0,0,61,0,3,105,55,71,121,124,-1.3,-1.9,4,272,60,60,66,39,148,269,26,58,201,195,621,595,621,621,63,91,,80826,95037,N2156.3214,E08522.9324,681.9,14.82
08-08-2026 15:20,1667,1654,100,1,1189,2791,5,0,0,61,0,4,105,77,52,133,195,8.7,-3.7,4,278,60,60,66,38,148,266,26,58,201,194,619,595,620,620,63,91,,80826,95038,N2156.3202,E08522.9282,682,14.55
08-08-2026 15:20,1621,1669,100,1,1150,2773,5,0,0,61,0,4,106,60,59,75,147,7.3,-7.1,4,287,60,61,66,39,148,262,26,58,201,194,621,596,620,620,63,91,,80826,95039,N2156.3192,E08522.9243,682,13.76
08-08-2026 15:20,1517,1754,100,1,1098,2678,5,0,0,61,0,3,103,60,75,110,160,3.5,-6.5,4,295,60,61,66,39,143,258,26,58,201,194,621,597,621,621,63,91,,80826,95040,N2156.3185,E08522.9205,681.9,13.16
08-08-2026 15:20,1435,1819,100,1,1047,2421,5,0,0,61,0,4,104,67,65,120,165,4.7,-4.3,4,353,60,61,66,39,142,256,26,58,200,194,622,601,624,624,63,91,,80826,95041,N2156.3179,E08522.9168,682.2,13.16
08-08-2026 15:20,1373,1622,100,1,989,2362,5,0,0,61,0,3,101,64,62,80,171,9.3,-8.9,4,332,60,61,66,38,133,253,26,58,200,194,625,605,629,629,63,90,,80826,95042,N2156.3174,E08522.9131,682.7,12.1
08-08-2026 15:20,1332,1802,98,1,963,2293,5,0,0,61,0,2,105,73,82,93,195,9.3,-11.1,4,375,60,61,66,42,114,254,26,58,200,194,629,610,634,633,63,90,,80826,95043,N2156.3169,E08522.9096,683.4,11.46
08-08-2026 15:20,1745,954,55,1,862,2057,4,0,0,61,0,3,103,49,78,111,140,0,-5.8,4,289,60,61,66,39,126,244,26,58,200,194,632,610,633,634,63,90,,80826,95044,N2156.3165,E08522.9063,684,10.57
08-08-2026 15:20,1517,1565,100,1,834,1979,4,0,0,61,0,6,105,50,74,142,161,-0.5,-4.3,4,290,60,61,66,39,137,237,26,58,200,194,634,614,635,636,63,90,,80826,95045,N2156.3161,E08522.9032,684.8,9.89
08-08-2026 15:20,1415,1609,100,1,790,1869,4,0,0,61,0,5,104,41,75,141,136,-3.9,-2.9,4,318,60,61,66,39,139,237,26,58,200,194,637,617,638,639,63,91,,80826,95046,N2156.3161,E08522.9004,684.3,9.89
08-08-2026 15:20,1301,1589,100,1,663,1567,4,0,0,61,0,5,105,47,71,143,133,-3.4,-1.4,4,349,60,61,66,36,114,242,26,58,200,194,640,621,641,642,63,91,,80826,95047,N2156.3161,E08522.8980,683.2,8.28
08-08-2026 15:20,1258,1307,98,1,575,1434,2,0,0,61,0,1,104,64,76,130,139,-0.3,-2.1,4,0,60,61,66,38,88,235,26,58,200,193,643,619,641,643,63,90,,80826,95048,N2156.3161,E08522.8958,682.5,7.29
08-08-2026 15:20,1556,1668,100,1,459,1092,2,0,0,61,0,9,103,43,54,141,141,-1.1,-1.1,4,290,60,61,66,39,117,214,26,58,200,193,642,619,638,641,63,90,,80826,95049,N2156.3161,E08522.8940,682,5.6
08-08-2026 15:20,1451,1593,100,1,436,1021,2,0,0,61,0,10,104,42,51,147,154,-0.2,-1.6,4,295,60,61,66,39,132,208,26,58,200,193,645,626,643,645,63,90,,80826,95050,N2156.3161,E08522.8925,681.5,5.21
08-08-2026 15:20,1428,1378,100,1,409,988,2,0,0,61,0,9,104,49,49,132,146,1.4,-1.4,4,270,60,61,66,39,136,214,26,58,200,193,649,632,649,651,63,90,,80826,95051,N2156.3160,E08522.8910,681.6,5.21
08-08-2026 15:20,1373,1611,100,1,399,953,2,0,0,61,0,8,104,54,53,131,161,3.1,-2.9,4,328,60,61,66,38,135,223,26,58,200,193,654,635,653,655,63,90,,80826,95052,N2156.3159,E08522.8896,681.7,4.84
08-08-2026 15:20,1329,1604,100,1,388,925,1,0,0,61,0,9,104,49,52,134,149,1.2,-1.8,4,337,60,61,66,38,126,230,26,58,200,192,658,638,656,659,63,91,,80826,95053,N2156.3157,E08522.8882,681.7,4.78
08-08-2026 15:20,1371,1693,98,1,371,860,1,0,0,61,0,9,104,51,53,120,183,6.1,-6.5,4,329,60,61,66,39,129,240,26,58,200,192,660,641,659,661,63,90,,80826,95054,N2156.3156,E08522.8869,681.8,4.45
08-08-2026 15:20,1549,1702,100,1,325,764,1,0,0,60,0,8,102,63,55,113,173,6.8,-5.2,4,303,60,61,66,39,145,244,26,58,199,192,663,641,660,663,63,90,,80826,95055,N2156.3155,E08522.8857,681.4,3.81
08-08-2026 15:20,1597,1847,100,1,365,835,1,0,0,60,0,12,102,40,38,128,158,3.2,-2.8,4,315,60,61,67,40,149,251,26,58,199,192,663,637,658,662,63,91,,80826,95056,N2156.3154,E08522.8846,681.2,3.81
08-08-2026 15:20,1651,1648,100,1,364,847,1,0,0,60,0,9,102,40,63,137,157,-0.3,-4.3,4,273,60,62,67,40,150,259,26,58,199,192,661,632,654,659,63,91,,80826,95057,N2156.3153,E08522.8833,681.1,4.3
08-08-2026 15:20,1745,1616,100,1,372,880,1,0,0,60,0,10,103,44,55,143,143,-1.1,-1.1,4,285,60,62,67,41,153,268,26,58,199,192,658,628,650,654,63,91,,80826,95058,N2156.3152,E08522.8821,681.1,4.38
08-08-2026 15:20,1788,2002,100,1,388,910,1,0,0,60,0,10,103,44,46,110,178,6.6,-7,4,308,60,62,67,42,155,276,26,58,199,192,653,623,647,651,63,90,,80826,95059,N2156.3151,E08522.8808,681.1,4.43
08-08-2026 15:21,1831,1799,100,1,388,920,1,0,0,60,0,10,102,54,45,123,169,5.5,-3.7,4,272,60,62,67,42,157,279,26,58,199,192,650,619,643,648,63,90,,80826,95100,N2156.3150,E08522.8796,681.1,4.58
08-08-2026 15:21,1839,1788,100,1,393,922,1,0,0,60,0,10,102,45,50,113,173,5.5,-6.5,4,269,60,62,67,42,156,280,26,58,198,192,646,616,640,643,63,90,,80826,95101,N2156.3148,E08522.8782,681.4,4.58
08-08-2026 15:21,1849,1990,100,1,393,934,1,0,0,60,0,9,102,48,53,110,176,6.1,-7.1,4,270,60,62,67,42,158,282,26,58,198,191,642,613,637,638,63,91,,80826,95102,N2156.3145,E08522.8768,681.7,4.67
08-08-2026 15:21,1868,1775,100,1,391,934,1,0,0,60,0,9,102,42,56,121,162,2.7,-5.5,4,264,60,62,67,42,158,282,26,58,198,191,640,610,635,636,63,90,,80826,95103,N2156.3143,E08522.8755,682.1,4.68
08-08-2026 15:21,1846,1998,99,1,398,934,1,0,0,60,0,10,102,35,62,143,150,-2,-3.4,4,266,60,62,67,42,159,283,26,58,198,191,637,609,633,632,63,90,,80826,95104,N2156.3141,E08522.8741,682.4,4.77
08-08-2026 15:21,1864,1762,100,1,402,947,1,0,0,60,0,10,102,38,58,135,152,-0.3,-3.7,4,261,60,62,67,42,159,284,26,58,198,191,635,608,632,630,63,90,,80826,95105,N2156.3139,E08522.8727,682.8,4.8
08-08-2026 15:21,1892,1963,100,1,403,947,1,0,0,60,0,8,103,44,58,133,153,0.6,-3.4,4,257,60,62,67,42,159,284,26,58,198,191,635,607,630,627,63,90,,80826,95106,N2156.3138,E08522.8713,683.3,4.8
08-08-2026 15:21,1920,1943,100,1,410,968,1,0,0,60,0,8,103,45,57,118,160,3,-5.4,4,280,60,62,67,43,157,285,26,58,198,191,634,606,630,625,63,90,,80826,95107,N2156.3136,E08522.8697,684.2,4.98
08-08-2026 15:21,1948,1730,99,1,418,985,1,0,0,60,0,8,103,49,56,115,170,4.8,-6.2,4,240,60,62,67,43,157,283,26,58,198,190,632,605,628,623,63,90,,80826,95108,N2156.3135,E08522.8682,685,5.05
08-08-2026 15:21,1978,1817,96,1,420,1007,1,0,0,60,0,7,103,47,60,117,168,3.8,-6.4,4,254,60,62,67,44,152,280,26,58,198,190,630,603,625,620,63,91,,80826,95110,N2156.3132,E08522.8651,686.2,5.16
08-08-2026 15:21,2010,1785,95,1,432,1012,1,0,0,60,0,6,103,46,67,136,141,-1.6,-2.6,4,234,60,62,67,44,150,281,26,58,198,190,629,601,622,617,63,90,,80826,95110,N2156.3132,E08522.8651,686.2,5.38
08-08-2026 15:21,2061,1481,69,1,442,1040,2,0,0,60,0,9,103,44,61,133,165,1.5,-4.9,4,198,60,62,67,43,145,274,26,58,198,190,625,597,617,613,63,90,,80826,95111,N2156.3131,E08522.8635,686.6,5.38
08-08-2026 15:21,1885,1815,100,1,480,1125,2,0,0,60,0,5,104,58,73,120,156,2.1,-5.1,4,280,60,62,67,39,149,257,26,58,198,190,620,596,614,610,63,90,,80826,95113,N2156.3129,E08522.8598,688.1,5.35
08-08-2026 15:21,1716,1633,100,1,535,1260,2,0,0,60,0,6,104,60,56,111,167,6,-5.2,4,262,60,62,67,39,154,253,26,58,198,190,619,598,615,611,63,90,,80826,95114,N2156.3129,E08522.8578,688.9,6.14
08-08-2026 15:21,1759,1809,99,1,527,1246,2,0,0,60,0,8,104,56,51,87,195,11.3,-10.3,4,285,60,62,67,39,155,259,26,58,198,190,618,600,618,613,63,90,,80826,95115,N2156.3128,E08522.8558,689.5,6.33
08-08-2026 15:21,1770,1830,100,1,536,1248,2,0,0,60,0,7,103,49,59,102,175,6.3,-8.3,4,280,60,62,67,40,155,261,26,58,197,190,620,601,621,616,63,91,,80826,95116,N2156.3128,E08522.8538,689.9,6.39
08-08-2026 15:21,1804,2000,100,1,555,1302,2,0,0,60,0,7,103,48,69,111,172,4,-8.2,4,307,60,62,68,41,159,269,26,58,197,190,622,603,622,618,63,90,,80826,95116,N2156.3128,E08522.8538,689.9,6.55
08-08-2026 15:21,1842,1795,99,1,561,1321,2,0,0,60,0,6,104,35,74,143,138,-4.4,-3.4,4,297,60,62,68,41,159,274,26,58,197,190,623,603,624,621,63,90,,80826,95118,N2156.3128,E08522.8498,690.7,6.25
08-08-2026 15:21,1881,1991,98,1,564,1338,2,0,0,60,0,5,103,45,79,153,129,-5.8,-1,4,293,61,62,68,42,160,279,26,58,197,190,624,604,625,621,63,90,,80826,95119,N2156.3130,E08522.8477,691.2,6.6
08-08-2026 15:21,1941,1889,97,1,601,1404,3,0,0,60,0,5,103,61,48,104,173,8.2,-5.6,4,268,61,62,68,43,155,278,26,58,197,189,625,601,623,620,63,90,,80826,95120,N2156.3133,E08522.8455,691.8,7.17
08-08-2026 15:21,1762,1736,98,0,579,1368,3,0,0,60,0,6,102,57,58,84,181,9.6,-9.8,4,287,61,62,68,39,141,257,26,58,197,189,622,598,618,616,63,90,,80826,95121,N2156.3136,E08522.8432,692,7.3
08-08-2026 15:21,1531,1744,100,1,640,1505,3,0,0,60,0,6,103,31,96,195,112,-14.8,1.8,4,272,60,62,68,39,146,247,26,58,197,189,622,601,621,618,63,90,,80826,95121,N2156.3136,E08522.8432,692,7.47
08-08-2026 15:21,1566,1692,100,1,610,1423,3,0,0,60,0,9,104,44,69,176,56,-14.5,9.5,4,298,61,62,68,39,146,245,26,58,197,189,625,605,624,622,63,90,,80826,95123,N2156.3143,E08522.8388,691.9,7.51
08-08-2026 15:21,1572,1701,100,1,617,1503,3,0,0,60,0,6,105,69,74,135,181,4.1,-5.1,4,304,61,62,68,39,150,247,26,58,197,189,628,608,629,627,63,90,,80826,95124,N2156.3147,E08522.8365,692,7.65
08-08-2026 15:21,1574,1723,100,1,628,1423,3,0,0,60,0,6,104,55,55,136,122,-1.4,1.4,4,257,61,62,68,39,149,251,26,58,197,189,631,610,631,630,63,90,,80826,95125,N2156.3152,E08522.8343,692.2,7.25
08-08-2026 15:21,1585,1679,100,1,632,1489,3,0,0,60,0,5,104,73,53,116,169,7.3,-3.3,4,294,61,63,68,39,151,253,26,58,197,189,634,611,634,634,63,90,,80826,95126,N2156.3158,E08522.8320,692.3,7.31
08-08-2026 15:21,1605,1876,100,1,655,1534,3,0,0,60,0,4,105,67,60,141,117,-1.7,3.1,4,324,61,63,68,38,152,258,26,58,197,189,636,612,635,636,63,90,,80826,95126,N2156.3158,E08522.8320,692.3,7.75
08-08-2026 15:21,1681,1618,99,1,702,1642,3,0,0,60,0,7,104,59,62,137,153,1.3,-1.9,4,265,61,63,68,39,155,263,26,58,197,189,636,612,636,638,63,90,,80826,95128,N2156.3176,E08522.8275,692.9,8.05
08-08-2026 15:21,1735,1831,96,1,717,1677,3,0,0,60,0,5,105,54,61,118,154,2.9,-4.3,4,290,61,63,68,40,156,271,26,58,197,189,637,612,637,639,63,90,,80826,95129,N2156.3186,E08522.8252,693.1,8.17
08-08-2026 15:21,1772,1807,97,1,725,1753,3,0,0,60,0,5,105,68,57,138,152,2.5,-0.3,4,283,61,63,68,41,157,278,26,58,196,189,636,612,636,639,63,90,,80826,95130,N2156.3199,E08522.8229,693.3,8.83
08-08-2026 15:21,1829,1790,97,1,763,1779,3,0,0,60,0,5,105,59,61,114,146,3,-3.4,4,268,61,63,68,41,161,280,26,58,196,189,636,611,636,638,63,90,,80826,95131,N2156.3212,E08522.8206,693.6,8.91
08-08-2026 15:21,1909,1904,97,1,779,1829,3,0,0,60,0,6,105,60,66,140,158,1.2,-2.4,4,274,61,63,68,42,160,282,26,58,196,188,635,611,635,635,63,90,,80826,95132,N2156.3229,E08522.8185,694,8.99
08-08-2026 15:21,1929,1730,100,1,772,1826,3,0,0,60,0,6,106,64,53,123,159,4.7,-2.5,4,249,61,63,68,41,163,281,26,58,196,188,634,610,634,633,63,90,,80826,95133,N2156.3247,E08522.8164,694.3,9.25
08-08-2026 15:21,1852,1808,100,1,736,1767,3,0,0,60,0,5,107,59,60,136,141,0.4,-0.6,4,274,61,63,68,40,162,281,26,58,196,188,634,609,633,632,63,90,,80826,95134,N2156.3265,E08522.8146,694.8,8.88
08-08-2026 15:21,1763,1817,100,1,695,1644,3,0,0,60,0,6,105,61,52,135,141,1.5,0.3,4,289,61,63,68,37,158,274,26,59,196,188,632,608,631,629,63,90,,80826,95135,N2156.3283,E08522.8129,695.3,8.58
08-08-2026 15:21,1666,1873,100,1,667,1588,3,0,0,60,0,5,104,63,54,139,138,0.8,1,4,314,61,63,68,38,156,269,26,59,196,188,631,607,630,628,63,90,,80826,95136,N2156.3300,E08522.8113,695.6,7.85
08-08-2026 15:21,1632,1662,100,1,647,1538,3,0,0,60,0,6,102,65,50,162,120,-2.7,5.7,4,284,61,63,69,39,153,266,26,58,196,188,630,606,629,628,63,90,,80826,95136,N2156.3300,E08522.8113,695.6,7.65
08-08-2026 15:21,1577,1715,98,1,636,1510,3,0,0,60,0,6,103,61,57,168,114,-5,5.8,4,302,61,63,69,39,153,261,26,59,195,187,631,607,630,629,63,90,,80826,95138,N2156.3332,E08522.8077,697.1,7.66
08-08-2026 15:21,1540,1729,100,1,607,1446,3,0,0,60,0,6,104,61,56,167,104,-5.8,6.8,4,315,61,63,69,39,149,258,26,59,195,187,632,609,631,632,63,90,,80826,95139,N2156.3346,E08522.8061,697.5,7.42
08-08-2026 15:21,1492,1779,100,1,610,1416,3,0,0,60,0,5,104,61,58,165,109,-5.3,5.9,4,332,61,63,69,39,148,255,26,59,195,187,634,611,634,635,63,90,,80826,95140,N2156.3361,E08522.8042,698.4,7.15
08-08-2026 15:21,1515,1741,100,1,620,1465,3,0,0,60,0,5,104,62,56,164,111,-4.7,5.9,4,275,61,63,69,39,149,254,26,59,195,187,636,614,637,639,63,90,,80826,95141,N2156.3377,E08522.8023,699.1,7.32
08-08-2026 15:21,1555,1701,100,1,627,1475,3,0,0,60,0,5,104,65,53,161,123,-2.6,5,4,302,61,63,69,39,150,253,26,59,195,187,639,616,640,642,63,90,,80826,95142,N2156.3392,E08522.8006,699.7,7.47
08-08-2026 15:21,1570,1692,100,1,632,1500,3,0,0,60,0,6,105,63,63,186,92,-9.4,9.4,4,305,61,63,69,39,151,255,26,59,195,187,640,616,641,644,63,90,,80826,95143,N2156.3407,E08522.7988,700.3,7.53
08-08-2026 15:21,1565,1699,100,1,634,1479,3,0,0,60,0,5,104,58,62,180,88,-9.6,8.8,4,301,61,63,69,39,150,259,26,59,195,187,642,617,642,645,63,90,,80826,95144,N2156.3423,E08522.7970,700.9,7.69
08-08-2026 15:21,1625,1659,100,1,656,1545,3,0,0,60,0,5,104,71,55,163,115,-3.2,6.4,4,275,61,63,69,39,152,261,26,59,195,187,643,617,642,646,63,90,,80826,95145,N2156.3438,E08522.7952,701.3,7.75
08-08-2026 15:21,1725,1606,100,1,685,1695,3,0,0,60,0,6,103,81,34,109,142,8,1.4,4,257,61,63,69,40,157,265,26,59,195,187,643,616,643,647,63,90,,80826,95146,N2156.3454,E08522.7934,701.8,8.25
08-08-2026 15:21,1801,1810,100,1,719,1695,3,0,0,60,0,5,104,90,35,126,168,9.7,1.3,4,278,61,63,69,40,157,267,26,59,195,186,643,616,643,647,63,90,,80826,95147,N2156.3471,E08522.7915,701.9,8.47
08-08-2026 15:21,1826,1989,93,1,782,1814,3,0,0,60,0,3,104,65,56,110,141,4,-2.2,4,295,61,64,69,42,158,275,26,59,195,186,642,616,642,645,63,90,,80826,95148,N2156.3490,E08522.7895,702,8.98
08-08-2026 15:21,1992,1835,40,1,817,1899,4,0,0,60,0,2,103,79,59,135,155,4,0,4,252,61,64,69,43,153,273,26,59,195,186,640,608,636,640,63,90,,80826,95149,N2156.3510,E08522.7873,702.2,9.54
08-08-2026 15:21,1965,1837,77,0,916,2116,4,0,0,60,0,4,104,67,58,133,131,0.7,1.1,4,269,61,64,69,39,123,247,26,59,195,186,634,600,625,630,63,90,,80826,95150,N2156.3532,E08522.7851,702.2,10.22
08-08-2026 15:21,1729,1259,74,1,941,2168,4,0,0,60,0,3,103,52,73,157,116,-6.2,2,4,200,61,64,69,39,126,236,26,59,195,186,627,598,620,624,63,90,,80826,95151,N2156.3555,E08522.7827,702.3,10.92
08-08-2026 15:21,1805,1388,72,1,1026,2381,4,0,0,60,0,2,104,60,77,175,96,-9.6,6.2,4,213,61,64,69,42,121,228,26,59,194,186,622,594,616,620,63,90,,80826,95152,N2156.3580,E08522.7804,702.5,11.58
08-08-2026 15:21,1771,1436,51,0,1075,2551,5,0,0,60,0,2,103,74,65,165,109,-4.7,6.5,4,182,61,64,69,38,108,209,26,59,194,186,615,587,609,612,63,90,,80826,95153,N2156.3607,E08522.7778,702.7,13.08
08-08-2026 15:21,1611,1320,70,1,1124,2730,5,0,0,60,0,2,105,88,61,130,153,5,0.4,4,227,61,64,69,39,119,199,26,59,194,186,610,587,606,608,63,90,,80826,95154,N2156.3634,E08522.7751,702.4,13.76
08-08-2026 15:21,1630,1624,76,1,1230,2841,5,0,0,60,0,3,107,69,67,137,118,-1.7,2.1,4,287,61,64,70,37,134,200,26,59,194,186,610,592,610,610,63,90,,80826,95155,N2156.3663,E08522.7722,702.7,13.76
08-08-2026 15:21,1680,1499,74,1,1206,2843,5,0,0,60,0,1,106,70,76,132,120,-1.8,0.6,4,248,61,64,70,38,124,204,26,59,194,186,612,595,614,612,63,90,,80826,95156,N2156.3692,E08522.7691,702.8,14.4
08-08-2026 15:21,1640,975,64,1,1219,2893,5,0,0,60,0,0,105,84,72,158,107,-3.9,6.3,4,164,61,64,70,37,95,199,26,59,194,186,611,587,609,608,63,90,,80826,95157,N2156.3722,E08522.7661,702.7,14.64
08-08-2026 15:21,1666,836,53,1,1220,2836,5,0,0,60,0,0,104,91,52,109,91,2.1,5.7,4,139,61,64,70,37,67,182,26,59,194,186,604,573,597,597,63,90,,80826,95158,N2156.3752,E08522.7632,702.4,14.68
08-08-2026 15:21,1668,814,49,1,1179,2886,5,0,0,60,0,1,104,90,57,195,126,-3.6,10.2,4,92,61,64,70,38,51,159,26,59,194,186,592,557,580,582,63,90,,80826,95159,N2156.3777,E08522.7600,702.2,14.23
08-08-2026 15:21,1584,567,47,1,1142,2794,5,0,0,60,0,0,103,81,62,177,37,-12.1,15.9,4,100,61,64,70,39,42,137,26,59,194,185,577,541,563,566,63,90,,80826,95200,N2156.3799,E08522.7565,702.3,13.94
08-08-2026 15:22,1551,632,49,1,1185,2770,5,0,0,60,0,2,96,99,28,195,34,-9,23.2,4,91,61,64,70,38,39,122,26,59,194,185,564,530,550,552,63,90,,80826,95201,N2156.3816,E08522.7527,702.4,13.69
08-08-2026 15:22,1533,612,49,1,1079,2820,5,0,0,60,0,9,96,76,39,195,81,-7.7,15.1,4,110,61,64,70,39,37,111,26,59,194,185,552,523,541,542,63,90,,80826,95202,N2156.3824,E08522.7488,702.9,13.67
08-08-2026 15:22,1395,657,49,1,1053,2435,5,0,0,60,0,-1,90,90,30,109,24,-2.5,14.5,4,156,61,64,70,38,46,104,26,59,194,185,544,524,538,537,63,90,,80826,95203,N2156.3824,E08522.7452,702.9,11.98
08-08-2026 15:22,1326,1291,82,1,1044,2454,5,0,0,60,0,1,90,101,41,114,150,9.6,2.4,4,273,61,64,70,37,58,109,26,59,194,185,544,539,547,543,63,90,,80826,95204,N2156.3815,E08522.7417,703,11.98
08-08-2026 15:22,1439,1778,97,1,987,2376,5,0,0,60,0,5,94,87,58,195,126,-4,9.8,4,272,61,64,70,37,110,133,26,59,194,185,556,566,570,563,63,90,,80826,95205,N2156.3803,E08522.7387,703,11.81
08-08-2026 15:22,1456,1665,51,1,883,2178,4,0,0,60,0,1,99,64,62,164,59,-10.3,10.7,4,309,61,64,70,38,117,165,26,59,194,185,577,584,591,583,63,90,,80826,95206,N2156.3788,E08522.7361,703.4,10.57
08-08-2026 15:22,1437,1588,77,1,736,1715,4,0,0,60,0,1,102,97,40,163,113,0.7,10.7,4,309,61,64,70,38,106,174,26,59,194,184,593,595,601,595,63,90,,80826,95207,N2156.3770,E08522.7339,704,10.08
08-08-2026 15:22,1377,790,64,1,722,1745,4,0,0,60,0,1,100,85,58,165,111,-2.7,8.1,4,162,61,64,70,37,90,175,26,59,194,184,604,598,607,602,63,90,,80826,95208,N2156.3749,E08522.7324,704.1,8.98
08-08-2026 15:22,1316,485,38,1,698,1642,4,0,0,60,0,0,101,83,49,140,105,-0.1,6.9,4,101,61,64,70,37,46,163,26,59,194,184,607,588,600,599,63,90,,80826,95209,N2156.3724,E08522.7315,704.2,8.67
08-08-2026 15:22,1250,173,36,0,644,1590,3,0,0,60,0,0,106,79,86,184,70,-12.1,10.7,4,38,61,64,70,35,34,139,26,59,193,184,601,571,584,586,63,90,,80826,95210,N2156.3699,E08522.7311,704.2,8.38
08-08-2026 15:22,1156,62,23,0,543,1335,3,0,0,60,0,0,104,70,84,124,132,-0.6,-2.2,4,14,61,64,70,34,14,112,26,59,193,184,586,547,561,567,63,90,,80826,95211,N2156.3676,E08522.7310,704.5,7.83
08-08-2026 15:22,1201,601,34,0,487,1269,3,0,0,60,0,0,105,67,72,184,101,-8.8,7.8,4,152,61,64,71,37,18,94,26,59,193,184,569,532,544,550,63,90,,80826,95212,N2156.3655,E08522.7310,704.9,6.62
08-08-2026 15:22,1229,867,47,0,460,1066,2,0,0,60,0,10,103,30,57,195,79,-14.3,8.9,4,197,61,64,71,38,35,90,26,59,193,184,556,528,536,541,63,90,,80826,95213,N2156.3637,E08522.7312,705.3,4.82
08-08-2026 15:22,1355,1058,57,1,382,882,1,0,0,60,0,3,103,51,69,195,79,-13.4,9.8,4,169,61,65,71,37,44,99,26,59,193,184,552,538,543,544,63,90,,80826,95214,N2156.3623,E08522.7316,705.7,4.47
08-08-2026 15:22,1536,1480,73,0,333,896,1,0,0,60,0,8,103,39,58,191,109,-10.1,6.3,4,260,61,65,71,41,61,121,26,59,193,184,558,556,557,556,63,90,,80826,95215,N2156.3610,E08522.7321,706,4.12
08-08-2026 15:22,1785,1839,78,1,399,932,1,0,0,60,0,5,103,46,66,195,75,-14,10,4,279,61,65,71,42,114,156,26,59,192,184,572,576,576,572,63,90,,80826,95216,N2156.3598,E08522.7328,706.2,4.12
08-08-2026 15:22,1889,823,56,1,406,958,1,0,0,60,0,4,103,63,68,166,115,-5.6,4.6,4,120,61,65,71,42,97,175,26,59,192,184,583,574,579,577,63,90,,80826,95217,N2156.3586,E08522.7336,706.3,4.35
08-08-2026 15:22,1829,528,50,1,372,882,1,0,0,60,0,3,103,64,72,161,106,-6.3,4.7,4,81,61,65,71,39,50,165,26,59,193,184,582,555,565,566,63,90,,80826,95218,N2156.3574,E08522.7344,706.4,4.77
08-08-2026 15:22,1755,508,52,1,371,863,1,0,0,60,0,5,104,53,70,176,105,-8.8,5.4,4,210,61,65,71,39,72,152,26,59,192,183,572,551,558,558,63,90,,80826,95219,N2156.3562,E08522.7351,706.5,4.31
08-08-2026 15:22,1764,979,59,1,381,901,1,0,0,60,0,5,105,60,60,170,107,-6.3,6.3,4,154,61,65,71,40,78,156,26,59,192,184,568,552,559,558,63,90,,80826,95220,N2156.3550,E08522.7357,706.7,4.6
08-08-2026 15:22,1820,1275,71,1,394,927,1,0,0,60,0,3,105,68,60,110,173,7.1,-5.5,4,121,61,65,71,41,92,163,26,59,192,183,567,554,561,559,63,90,,80826,95221,N2156.3537,E08522.7363,706.8,4.6
08-08-2026 15:22,1857,393,48,1,396,913,1,0,0,60,0,2,104,80,56,135,135,2.4,2.4,4,58,61,65,71,40,47,154,26,59,192,183,565,542,553,553,63,90,,80826,95222,N2156.3523,E08522.7367,706.9,4.99
08-08-2026 15:22,1785,435,44,1,363,866,1,0,0,60,0,4,104,54,72,168,109,-7.7,4.1,4,69,61,65,71,37,35,134,26,59,192,183,553,521,534,536,63,90,,80826,95223,N2156.3510,E08522.7371,707.1,4.46
08-08-2026 15:22,1614,387,41,1,336,810,1,0,0,60,0,4,104,62,72,191,84,-11.7,9.7,4,68,61,65,71,39,29,112,26,59,192,183,538,503,515,519,63,90,,80826,95224,N2156.3498,E08522.7374,707.1,3.99
08-08-2026 15:22,1486,453,41,1,297,708,1,0,0,60,0,4,104,71,61,113,151,4.8,-2.8,4,85,61,64,71,38,26,100,26,59,192,183,523,492,502,506,63,90,,80826,95225,N2156.3486,E08522.7375,707.1,3.72
08-08-2026 15:22,1376,486,42,1,291,691,1,0,0,60,0,4,105,83,49,113,162,8.3,-1.5,4,100,61,64,71,37,27,93,26,59,192,183,512,488,496,499,63,90,,80826,95226,N2156.3476,E08522.7376,707.2,3.72
08-08-2026 15:22,1285,841,47,1,271,641,1,0,0,60,0,3,104,71,55,150,117,-1.7,4.9,4,182,61,65,71,36,38,95,26,59,192,183,507,495,499,498,63,90,,80826,95227,N2156.3466,E08522.7376,707.3,3.46
08-08-2026 15:22,1263,764,42,1,273,649,1,0,0,60,0,4,105,65,63,135,152,1.9,-1.5,4,167,61,65,71,36,39,100,26,59,192,183,509,503,506,503,63,90,,80826,95228,N2156.3456,E08522.7374,707.4,3.37
08-08-2026 15:22,1217,662,42,1,257,611,1,0,0,60,0,2,105,81,47,92,177,11.9,-5.1,4,151,61,65,72,34,38,108,26,59,192,183,514,509,511,508,63,90,,80826,95229,N2156.3448,E08522.7371,707.7,3.58
08-08-2026 15:22,1117,573,18,0,232,573,1,0,0,60,0,1,102,95,48,43,195,19.9,-10.5,4,15,61,65,72,30,24,97,26,59,192,183,517,504,508,506,63,90,,80826,95230,N2156.3441,E08522.7365,707.9,3.21
08-08-2026 15:22,941,136,13,0,154,368,1,0,0,60,0,2,101,99,36,96,177,14.4,-1.8,4,42,61,65,72,23,12,80,26,59,191,182,513,491,496,497,63,90,,80826,95231,N2156.3436,E08522.7358,708.2,3.21
08-08-2026 15:22,855,163,13,0,143,346,1,0,0,60,0,2,101,71,65,124,141,2.3,-1.1,4,69,61,65,72,22,9,67,26,59,191,182,504,480,484,486,63,90,,80826,95232,N2156.3432,E08522.7351,708.2,1.8
08-08-2026 15:22,830,256,13,0,83,205,1,0,0,60,0,4,104,68,62,174,105,-6.3,7.5,4,87,61,65,72,20,10,59,26,59,191,182,495,472,476,478,63,90,,80826,95233,N2156.3431,E08522.7348,708.3,1.41
08-08-2026 15:22,741,100,0,0,53,134,1,0,0,60,0,3,105,68,65,157,117,-3.7,4.3,4,70,61,65,72,16,8,49,26,59,191,182,486,464,467,470,63,90,,80826,95234,N2156.3428,E08522.7345,708.4,0.83
08-08-2026 15:22,653,143,0,0,0,0,1,0,0,60,0,4,106,68,63,157,117,-3.5,4.5,5,60,61,65,72,15,7,44,26,59,191,182,478,457,460,463,63,90,,80826,95235,N2156.3427,E08522.7343,708.4,0.48
08-08-2026 15:22,644,146,0,0,0,0,1,0,0,60,0,4,106,68,63,155,119,-3.1,4.1,5,64,61,65,72,15,6,41,26,59,191,182,471,451,454,457,63,90,,80826,95236,N2156.3427,E08522.7342,708.6,0.48
08-08-2026 15:22,646,196,0,0,0,0,1,0,0,60,0,4,106,68,63,155,119,-3.1,4.1,5,85,62,65,72,15,6,39,26,59,191,182,465,447,449,452,63,90,,80826,95237,N2156.3427,E08522.7342,708.6,0.19
08-08-2026 15:22,649,147,0,0,0,0,1,0,0,60,0,4,106,68,63,155,119,-3.1,4.1,5,59,62,65,72,15,5,37,26,59,191,181,460,443,445,448,63,90,,80826,95238,N2156.3427,E08522.7342,708.6,0
08-08-2026 15:22,649,144,0,0,0,0,1,0,0,60,0,4,106,68,63,154,119,-3,4,5,59,62,65,72,15,5,35,26,59,191,181,455,439,441,444,63,90,,80826,95239,N2156.3427,E08522.7342,708.6,0
08-08-2026 15:22,649,193,0,0,0,0,1,0,0,60,0,4,106,68,63,154,119,-3,4,5,81,62,65,72,15,5,35,26,59,190,181,451,436,436,440,63,90,,80826,95240,N2156.3426,E08522.7342,708.6,0
08-08-2026 15:22,647,147,0,0,0,0,1,0,0,60,0,4,106,68,63,154,119,-3,4,5,64,62,65,72,15,5,35,26,59,190,181,447,432,433,436,63,90,,80826,95241,N2156.3426,E08522.7342,708.6,0
08-08-2026 15:22,648,196,0,0,0,0,1,0,0,60,0,4,106,68,63,154,119,-3,4,5,85,62,65,72,15,5,36,26,59,190,181,444,430,430,434,63,90,,80826,95242,N2156.3426,E08522.7342,708.6,0
08-08-2026 15:22,649,146,0,0,0,0,1,0,0,60,0,4,106,68,63,153,119,-2.9,3.9,5,64,62,65,72,15,5,35,26,59,190,181,441,428,427,430,63,90,,80826,95243,N2156.3426,E08522.7342,708.5,0
08-08-2026 15:22,696,282,8,0,0,0,1,0,0,60,0,5,106,68,63,153,120,-2.8,3.8,5,109,62,65,72,19,6,38,26,59,190,181,438,428,426,430,63,90,,80826,95244,N2156.3426,E08522.7342,708.5,0
08-08-2026 15:22,816,286,23,0,0,0,1,0,0,60,0,7,106,62,59,154,121,-3,3.6,5,184,62,65,72,23,10,47,26,59,190,181,439,436,432,434,63,90,,80826,95245,N2156.3426,E08522.7342,708.6,0.16
08-08-2026 15:22,1029,908,39,0,89,188,1,0,0,59,0,6,107,61,57,155,121,-3,3.8,4,238,62,65,73,32,21,63,26,59,190,181,446,452,447,446,63,90,,80826,95246,N2156.3426,E08522.7339,708.6,0.16
08-08-2026 15:22,1078,323,18,0,89,188,1,0,0,59,0,3,105,65,63,159,114,-4.3,4.7,4,82,62,65,73,32,21,64,26,59,190,181,455,455,453,453,63,90,,80826,95247,N2156.3424,E08522.7334,708.6,1.64
08-08-2026 15:22,812,230,11,0,93,211,1,0,0,59,0,3,104,66,64,160,113,-4.5,4.9,4,80,63,65,73,20,11,61,26,59,190,181,459,452,451,452,63,90,,80826,95248,N2156.3423,E08522.7329,708.6,1.53
08-08-2026 15:22,882,724,99,0,82,198,1,0,0,59,0,5,103,66,53,153,125,-1.5,4.1,4,218,63,65,73,24,14,65,26,59,190,181,460,457,454,455,63,90,,80826,95249,N2156.3422,E08522.7323,708.6,1.26
08-08-2026 15:22,1123,967,70,0,140,309,1,0,0,59,0,7,103,70,47,132,144,3.5,1.1,4,229,63,65,73,37,37,83,26,59,190,181,469,476,472,469,63,90,,80826,95250,N2156.3421,E08522.7317,708.8,1.77
08-08-2026 15:22,1287,549,45,0,197,441,1,0,0,59,0,2,103,73,58,124,144,3.5,-0.5,4,119,63,65,73,37,35,100,26,59,190,180,484,491,488,485,63,90,,80826,95251,N2156.3420,E08522.7309,708.7,1.77
08-08-2026 15:22,1294,528,38,0,238,561,1,0,0,59,0,0,102,86,54,90,176,11.8,-5.4,4,113,64,65,73,37,24,102,26,59,190,180,494,492,491,489,63,90,,80826,95252,N2156.3423,E08522.7297,709.1,3.72
08-08-2026 15:22,1201,0,26,0,236,559,1,0,0,60,0,0,102,92,67,109,154,7,-2,4,0,64,65,73,33,16,88,26,59,190,180,496,479,480,482,63,90,,80826,95253,N2156.3426,E08522.7284,709.1,3.9
08-08-2026 15:22,976,123,17,0,248,566,1,0,0,60,0,0,102,90,71,135,127,1.1,2.7,4,34,64,65,73,25,8,70,26,59,190,180,489,462,464,468,63,90,,80826,95254,N2156.3433,E08522.7272,708.5,4.07
08-08-2026 15:22,921,0,7,0,249,590,1,0,0,60,0,0,104,88,67,139,121,0.3,3.9,4,9,64,65,73,23,6,54,26,59,189,180,475,444,446,452,63,90,,80826,95255,N2156.3442,E08522.7262,707.9,3.86
08-08-2026 15:22,860,2,1,0,251,594,1,0,0,60,0,0,105,78,76,122,134,1.4,-1,4,0,64,65,73,21,5,43,26,59,189,180,460,426,428,436,63,90,,80826,95256,N2156.3450,E08522.7252,707.7,3.86
08-08-2026 15:22,811,0,0,0,245,573,1,0,0,60,0,0,105,83,69,127,129,1.6,1.2,4,0,64,65,73,19,4,34,26,59,189,180,444,409,411,419,63,90,,80826,95257,N2156.3457,E08522.7243,707.7,3.13
08-08-2026 15:22,915,579,75,0,233,542,1,0,0,60,0,2,104,67,75,154,110,-5.2,3.6,4,165,64,65,73,37,5,43,26,59,189,180,431,411,408,414,63,90,,80826,95258,N2156.3465,E08522.7234,707.9,2.76
08-08-2026 15:22,1326,862,59,0,284,649,1,0,0,60,0,1,104,49,97,194,81,-16.1,6.5,4,166,64,65,73,38,29,64,26,59,189,180,432,432,425,426,63,90,,80826,95259,N2156.3474,E08522.7225,708,3.71
08-08-2026 15:23,1480,451,37,0,313,729,1,0,0,60,0,-2,104,57,99,166,84,-12.4,4,4,0,64,65,73,38,19,70,26,59,189,180,441,434,431,432,63,90,,80826,95300,N2156.3487,E08522.7218,708.2,4.61
08-08-2026 15:23,1398,974,60,1,324,748,1,0,0,60,0,2,104,59,77,172,113,-7.7,4.1,4,191,64,65,73,39,24,80,26,60,189,180,444,440,436,436,63,90,,80826,95301,N2156.3502,E08522.7215,708.3,4.61
08-08-2026 15:23,1406,137,24,1,288,691,1,0,0,60,0,-2,104,74,80,121,131,0.4,-1.6,4,0,63,65,73,38,15,78,26,60,155,153,447,432,431,434,64,90,,80826,95302,N2156.3518,E08522.7214,708.5,5.04
08-08-2026 15:23,1246,0,0,1,267,566,1,0,0,60,0,-2,103,84,69,116,145,4.4,-1.4,4,0,63,65,73,33,11,67,26,59,132,128,442,415,416,422,64,90,,80826,95303,N2156.3533,E08522.7217,708.6,4.28
08-08-2026 15:23,1058,0,0,0,179,476,1,1,0,60,0,-4,104,98,70,117,134,4.5,1.1,4,0,63,65,73,25,7,53,26,59,131,129,430,396,398,406,64,90,,80826,95304,N2156.3544,E08522.7222,708.6,3.41
08-08-2026 15:23,700,99,0,0,99,0,2,1,0,60,0,-4,103,101,70,93,153,9.1,-2.9,5,42,63,65,73,15,6,44,26,60,131,129,416,384,384,393,64,90,,80826,95305,N2156.3552,E08522.7225,708.5,1.74
08-08-2026 15:23,632,138,0,0,0,0,12,0,0,60,0,0,103,88,61,116,147,5.8,-0.4,5,58,63,65,73,16,6,45,26,60,132,130,406,382,379,387,64,90,,80826,95306,N2156.3553,E08522.7226,708.5,1.74
08-08-2026 15:23,876,582,100,0,0,0,12,0,0,60,0,0,103,85,76,125,129,1.3,0.5,4,171,63,65,73,26,11,53,26,59,133,131,403,396,390,393,64,90,,80826,95307,N2156.3556,E08522.7225,708.5,0.41
08-08-2026 15:23,1112,931,99,0,130,278,12,0,0,60,0,0,105,78,78,153,114,-3.9,3.9,4,225,63,65,73,35,34,66,26,60,134,132,411,423,414,413,64,90,,80826,95308,N2156.3556,E08522.7224,708.5,0.99
08-08-2026 15:23,1300,1037,93,0,179,396,12,0,0,60,0,1,107,72,83,148,117,-4.2,2,4,282,63,65,73,38,57,99,26,59,135,133,435,460,450,444,64,90,,80826,95309,N2156.3555,E08522.7225,708.5,1.47
08-08-2026 15:23,1488,753,56,0,268,630,12,0,0,60,0,0,109,82,69,137,132,0.8,1.8,4,138,63,65,73,39,69,130,26,60,135,133,466,490,482,474,64,90,,80826,95310,N2156.3552,E08522.7227,708.5,1.78
08-08-2026 15:23,1443,831,53,0,248,594,12,0,0,60,0,0,109,82,74,137,123,-0.6,2.2,4,165,63,65,73,38,64,146,26,60,136,134,490,505,499,492,64,90,,80826,95311,N2156.3550,E08522.7229,708.4,1.78
08-08-2026 15:23,1396,735,53,0,249,564,12,0,0,60,0,0,108,87,67,90,182,11.2,-7.2,4,145,64,65,73,38,58,153,26,60,136,134,506,514,509,503,64,90,,80826,95312,N2156.3547,E08522.7230,708.4,2.46
08-08-2026 15:23,1376,826,51,0,248,585,12,0,0,60,0,-2,107,100,63,63,185,15.9,-8.5,4,180,64,65,73,38,58,156,26,60,137,135,518,522,516,511,65,90,,80826,95313,N2156.3542,E08522.7232,708.6,2.46
08-08-2026 15:23,1422,1267,68,0,224,531,12,0,0,60,0,-4,106,107,61,80,184,15,-5.8,4,244,64,65,73,39,72,166,26,60,137,136,529,536,529,523,65,90,,80826,95314,N2156.3535,E08522.7235,708.8,2.78
08-08-2026 15:23,1523,1362,72,0,259,601,12,0,0,60,0,-5,106,99,85,100,148,6.2,-3.4,4,245,64,65,74,39,96,183,26,60,137,136,543,551,544,537,65,90,,80826,95315,N2156.3528,E08522.7237,708.9,2.86
08-08-2026 15:23,1567,1271,70,0,266,637,12,0,0,60,0,-3,106,95,73,132,125,1.5,2.9,4,224,64,65,74,39,101,201,26,60,138,136,556,561,557,548,65,90,,80826,95316,N2156.3521,E08522.7237,709.1,2.86
08-08-2026 15:23,1596,1359,80,0,301,696,12,0,0,60,0,-5,106,95,77,112,131,3.7,-0.1,4,232,65,65,74,39,125,220,26,60,139,136,568,570,568,558,65,90,,80826,95317,N2156.3514,E08522.7233,709.3,3.31
08-08-2026 15:23,1716,1799,86,0,314,743,12,0,0,60,0,-3,105,84,81,119,139,2.3,-1.7,4,224,65,65,74,38,129,237,26,60,139,137,578,578,580,570,65,90,,80826,95318,N2156.3506,E08522.7227,709.6,3.66
08-08-2026 15:23,1660,1098,62,0,341,809,12,0,0,60,0,1,105,81,76,158,105,-4.8,5.8,4,185,65,64,74,39,105,236,26,60,139,137,584,571,580,570,65,90,,80826,95319,N2156.3498,E08522.7220,709.8,4.2
08-08-2026 15:23,1554,725,49,0,325,778,12,0,0,60,0,0,104,69,86,165,107,-7.5,4.1,4,120,65,65,74,39,58,214,26,60,139,137,580,556,569,560,65,90,,80826,95320,N2156.3489,E08522.7213,710.1,4.33
08-08-2026 15:23,1419,0,16,0,323,696,12,0,0,60,0,3,106,63,78,183,93,-10.5,7.5,4,0,65,64,74,34,38,172,26,60,140,137,569,534,549,544,65,90,,80826,95321,N2156.3482,E08522.7205,710.7,4.33
08-08-2026 15:23,1162,0,13,0,250,630,12,0,0,60,0,2,107,63,73,143,136,-1.7,-0.3,4,0,65,64,74,26,14,124,26,60,140,137,549,508,523,521,65,90,,80826,95322,N2156.3474,E08522.7198,711,3.63
08-08-2026 15:23,1008,521,30,0,215,509,12,0,0,60,0,0,107,83,68,109,154,6,-3,4,140,65,65,74,30,15,101,26,60,140,138,529,495,505,505,65,90,,80826,95323,N2156.3467,E08522.7192,711.3,3.25
08-08-2026 15:23,1055,148,0,0,168,421,12,0,0,60,0,5,107,75,65,133,140,1.7,0.3,4,42,65,65,74,20,12,81,26,60,140,138,514,482,493,493,65,90,,80826,95324,N2156.3461,E08522.7188,711.3,2.5
08-08-2026 15:23,704,83,0,0,108,278,12,0,0,60,0,4,108,87,53,132,142,4.4,2.4,5,46,65,65,74,15,9,59,26,60,110,108,500,468,478,479,65,90,,80826,95326,N2156.3456,E08522.7184,711.2,1.77
08-08-2026 15:24,1582,98,33,1,634,1503,3,0,0,60,0,-3,3,40,49,28,22,-1.5,-0.3,2,10,64,64,75,37,6,66,26,60,198,195,369,337,331,336,65,90,,80826,95327,N2156.3456,E08522.7184,711.2,0.29
08-08-2026 15:24,1569,47,32,1,631,1493,3,0,0,60,0,0,3,43,49,26,40,0.8,-2,2,8,64,64,75,38,6,61,26,61,198,195,354,322,316,322,65,90,,80826,95328,N2156.3456,E08522.7184,711.2,0
08-08-2026 15:24,1526,70,31,1,610,1437,3,0,0,60,0,-1,2,42,46,27,42,1.1,-1.9,2,14,64,64,75,39,7,59,26,60,198,195,341,309,304,310,65,90,,80826,95330,N2156.3456,E08522.7184,711.2,0
08-08-2026 15:24,1493,43,31,1,604,1432,3,0,0,60,0,-3,2,36,50,34,20,-2.8,0,2,7,63,64,75,39,6,58,26,60,198,195,326,296,291,298,65,90,,80826,95331,N2156.3456,E08522.7184,711.2,0
08-08-2026 15:24,1486,20,31,1,604,1420,3,0,0,60,0,-5,2,43,52,37,21,-2.5,0.7,2,3,63,64,74,39,6,56,26,60,197,195,313,282,279,285,65,90,,80826,95332,N2156.3456,E08522.7184,711.2,0
08-08-2026 15:24,1532,0,31,1,624,1463,3,0,0,60,0,0,3,41,48,14,47,2.6,-4,2,0,63,64,75,38,6,56,26,60,197,194,301,269,266,273,65,90,,80826,95334,N2156.3456,E08522.7184,711.2,0
08-08-2026 15:24,1589,0,30,1,647,1531,3,0,0,61,0,-4,3,33,53,27,34,-1.3,-2.7,2,0,63,64,75,38,7,54,26,60,197,194,287,256,254,261,65,90,,80826,95335,N2156.3456,E08522.7184,711.2,0
08-08-2026 15:24,1612,4,34,1,659,1512,3,0,0,60,0,-4,4,33,50,19,22,-1.4,-2,2,114,63,64,74,38,16,62,26,60,197,194,278,266,256,261,65,90,,80826,95336,N2156.3456,E08522.7184,711.2,0
08-08-2026 15:24,1715,1246,69,0,741,1706,4,0,0,60,0,1,3,47,53,39,25,-2,0.8,2,200,63,64,74,41,36,90,26,61,197,194,286,308,288,285,65,90,,80826,95338,N2156.3456,E08522.7184,711.2,0
08-08-2026 15:24,1753,641,84,0,840,2036,4,0,0,61,0,3,3,41,63,32,68,1.4,-5.8,2,92,63,64,74,39,59,114,26,61,197,194,310,346,326,318,65,90,,80826,95339,N2156.3456,E08522.7184,711.2,0
08-08-2026 15:24,1642,480,42,1,872,2036,4,0,0,61,0,1,3,37,55,34,40,-1.2,-2.4,2,81,63,64,74,38,38,119,26,60,197,194,333,359,343,336,65,90,,80826,95341,N2156.3456,E08522.7184,711.2,0
08-08-2026 15:24,1598,647,49,1,890,2083,4,0,0,61,0,2,3,30,48,30,29,-1.9,-1.7,2,112,63,64,74,37,33,119,26,60,196,194,349,371,355,347,65,90,,80826,95341,N2156.3456,E08522.7184,711.2,0
08-08-2026 15:24,1642,1213,62,1,891,2102,4,0,0,61,0,2,3,31,45,30,26,-1.8,-1,2,203,63,64,74,39,52,132,26,60,196,194,367,397,378,367,65,90,,80826,95433,N2156.3808,E08522.7359,708.6,7.96
08-08-2026 15:24,1730,85,41,0,987,2289,5,0,0,61,0,4,2,32,42,33,28,-1.5,-0.5,2,15,63,64,75,38,64,143,26,60,196,193,389,420,400,389,65,90,,80826,95434,N2156.3822,E08522.7378,708.4,8.05
08-08-2026 15:24,1486,1390,71,1,1070,2494,5,0,0,61,0,7,2,33,40,36,31,-1.2,-0.2,2,259,63,64,74,39,76,162,26,61,196,193,412,448,426,413,65,90,,80826,95436,N2156.3842,E08522.7423,707.5,8.04
08-08-2026 15:24,1540,1594,82,1,1170,2751,5,0,0,61,0,6,3,36,43,38,45,0,-1.4,2,282,63,64,74,38,113,188,26,61,196,193,440,479,457,444,65,90,,80826,95437,N2156.3848,E08522.7449,707.1,8.76
08-08-2026 15:24,1635,1295,83,1,1170,2751,5,0,0,61,0,1,2,34,47,27,33,-0.7,-1.9,2,220,63,64,74,38,113,220,26,60,195,193,470,503,486,471,65,90,,80826,95438,N2156.3851,E08522.7476,706.7,8.89
08-08-2026 15:24,1763,510,69,1,1331,3124,5,0,0,61,0,0,2,40,47,29,26,-1,-0.4,2,79,63,64,74,41,91,243,26,60,195,193,494,515,505,490,65,90,,80826,95440,N2156.3847,E08522.7527,706.4,7.78
08-08-2026 15:24,1813,977,50,1,1340,3152,5,0,0,61,0,0,3,39,47,26,40,0.6,-2.2,2,55,63,64,74,41,60,233,26,61,195,192,506,507,505,494,65,90,,80826,95441,N2156.3842,E08522.7555,706.1,8.47
08-08-2026 15:24,1697,429,42,0,1321,3103,6,0,0,61,0,6,4,30,48,53,24,-4.7,1.1,2,71,63,64,74,37,38,189,26,60,195,193,506,493,495,486,65,90,,80826,95442,N2156.3832,E08522.7587,705.8,9.85
08-08-2026 15:24,1365,1156,54,1,1289,3060,6,0,0,61,0,3,3,42,42,39,37,-0.2,0.2,2,211,63,64,74,37,53,168,26,60,195,192,503,499,496,487,65,90,,80826,95444,N2156.3796,E08522.7648,705,10.83
08-08-2026 15:24,1307,1156,63,1,1308,3075,6,0,0,61,0,0,2,42,41,26,36,1.1,-0.9,2,246,63,64,74,37,64,166,26,60,195,192,509,515,509,500,65,90,,80826,95445,N2156.3770,E08522.7676,704.4,12.29
08-08-2026 15:24,1323,794,47,1,1340,3150,6,0,0,61,0,1,2,38,39,25,32,0.6,-0.8,2,165,63,64,74,38,54,162,26,60,195,192,519,523,518,509,64,90,,80826,95446,N2156.3742,E08522.7706,703.9,12.29
08-08-2026 15:24,1327,659,45,1,1319,3108,6,0,0,61,0,-1,2,42,53,17,34,0.6,-2.8,2,138,63,64,74,38,50,154,26,60,195,192,526,523,521,513,64,90,,80826,95448,N2156.3679,E08522.7769,702.6,14.1
08-08-2026 15:24,1370,76,18,1,1365,3230,6,0,0,61,0,3,2,39,50,41,25,-2.7,0.5,2,16,63,64,74,38,20,135,26,60,195,192,526,510,513,507,64,90,,80826,95449,N2156.3645,E08522.7798,702.1,15.8
08-08-2026 15:24,1369,0,0,1,1346,3164,6,0,0,61,0,-3,1,44,55,29,39,-0.1,-2.1,2,0,63,64,74,39,14,108,26,60,195,192,516,483,490,488,64,90,,80826,95451,N2156.3574,E08522.7862,701.8,16.15
08-08-2026 15:24,1400,0,0,1,1414,3334,6,0,0,61,0,0,2,34,47,34,30,-1.7,-0.9,2,0,63,64,74,39,8,87,26,60,195,192,496,453,461,463,64,90,,80826,95452,N2156.3539,E08522.7892,701.7,15.64
08-08-2026 15:24,1425,0,9,1,1435,3353,6,0,28,61,0,-3,2,42,48,23,25,-0.4,-0.8,2,0,63,64,74,39,7,73,26,60,194,192,472,423,433,437,64,90,,80826,95453,N2156.3504,E08522.7924,701.6,16.02
08-08-2026 15:24,1486,0,2,1,1392,3400,5,0,51,61,0,-15,2,60,54,25,20,0.1,1.1,2,0,63,64,74,38,8,64,26,60,195,191,446,397,407,412,65,90,,80826,95455,N2156.3435,E08522.7990,701.3,16.28
08-08-2026 15:25,1489,822,73,0,1341,3183,5,0,25,61,0,-8,2,57,46,27,28,1.2,1,2,0,63,64,74,41,18,74,26,60,194,192,426,394,398,401,65,90,,80826,95456,N2156.3401,E08522.8025,700.8,16.69
08-08-2026 15:25,1760,0,1,1,1313,3027,5,0,21,61,0,-5,3,51,42,29,36,1.6,0.2,2,0,63,64,74,41,14,78,26,60,194,191,414,377,385,389,65,90,,80826,95457,N2156.3367,E08522.8061,700.2,17.19
08-08-2026 15:25,1747,0,2,1,1214,2869,4,0,7,61,0,-2,4,49,51,38,31,-0.9,0.5,2,0,63,64,74,40,12,74,26,60,201,200,396,360,367,373,65,90,,80826,95459,N2156.3297,E08522.8136,699.4,17.32
08-08-2026 15:25,1924,0,3,0,1178,2794,4,0,7,61,0,-3,4,52,39,34,29,0.8,1.8,2,0,63,63,74,47,12,85,26,60,208,206,381,346,354,359,65,90,,80826,95501,N2156.3228,E08522.8216,698.6,18.35
08-08-2026 15:25,2103,0,5,1,1145,2709,4,0,7,61,0,-4,3,41,52,36,21,-2.6,0.4,2,0,63,63,74,47,12,89,26,60,208,206,365,326,335,342,65,90,,80826,95501,N2156.3228,E08522.8216,698.6,18.35
08-08-2026 15:25,2059,0,4,1,1120,2629,4,0,7,62,0,-3,3,42,39,21,29,1.1,-0.5,2,0,63,63,74,46,11,91,26,60,207,205,347,305,315,323,65,90,,80826,95503,N2156.3186,E08522.8302,698.2,16.06
08-08-2026 15:25,2049,0,3,1,1104,2581,4,0,7,62,0,0,3,46,45,33,33,0.1,0.1,2,0,63,63,74,46,11,89,26,60,207,205,328,286,296,304,65,90,,80826,95504,N2156.3175,E08522.8347,698.4,15.03
08-08-2026 15:25,2037,0,4,1,1098,2584,4,0,7,63,0,-2,3,47,43,27,40,1.7,-0.9,2,0,63,63,74,46,11,88,26,60,206,204,310,269,278,287,66,90,,80826,95506,N2156.3165,E08522.8432,698.1,13.97
08-08-2026 15:25,2016,0,4,1,1090,2572,4,0,7,63,0,-5,3,45,50,27,28,-0.4,-0.6,2,0,63,63,74,45,10,87,26,60,206,204,293,253,263,271,66,90,,80826,95507,N2156.3164,E08522.8473,697.8,13.73
08-08-2026 15:25,2009,0,4,1,1092,2598,4,0,7,63,0,-4,2,45,45,27,24,-0.3,0.3,2,0,63,63,74,45,10,86,26,60,206,204,277,240,248,257,66,90,,80826,95508,N2156.3161,E08522.8515,697.5,13.82
08-08-2026 15:25,2029,0,4,1,1106,2645,4,0,7,63,0,-5,2,44,47,31,26,-0.8,0.2,2,0,63,63,74,46,10,87,26,60,205,203,263,228,236,244,66,90,,80826,95510,N2156.3155,E08522.8598,696.4,13.68
08-08-2026 15:25,2085,0,5,1,1148,2695,4,0,7,63,0,-2,2,50,45,30,34,0.9,0.1,2,0,63,63,74,47,10,88,26,60,205,203,250,216,224,232,66,90,,80826,95511,N2156.3153,E08522.8639,696.3,14.02
08-08-2026 15:25,2101,0,4,1,1145,2718,4,0,7,63,0,-3,2,48,43,32,32,0.5,0.5,2,0,63,63,74,47,10,88,26,60,205,202,239,207,214,221,66,90,,80826,95512,N2156.3152,E08522.8680,695.6,14.06
08-08-2026 15:25,2140,0,4,1,1192,2775,4,0,7,63,0,-5,2,45,42,26,19,-0.4,1,2,0,63,63,74,48,10,90,26,60,205,202,229,199,205,212,66,91,,80826,95514,N2156.3152,E08522.8766,694.3,14.21
08-08-2026 15:25,2203,0,5,1,1225,2869,4,0,7,63,0,-2,2,52,43,27,28,1,0.8,2,0,63,63,74,48,11,95,26,60,205,201,219,192,198,204,66,90,,80826,95515,N2156.3154,E08522.8811,693.5,15.39
08-08-2026 15:25,2307,0,5,1,1305,3063,4,0,31,63,0,-4,3,47,52,27,28,-0.4,-0.6,2,0,63,63,74,50,11,105,26,60,205,201,212,187,191,197,66,90,,80826,95516,N2156.3159,E08522.8856,692,15.39
08-08-2026 15:25,2371,0,5,1,1275,3084,4,0,37,63,0,-8,2,55,49,27,35,1.4,-0.2,2,0,63,63,74,49,13,106,26,61,204,201,205,182,185,190,65,90,,80826,95517,N2156.3165,E08522.8903,690.9,16.25
08-08-2026 15:25,2315,0,6,1,1281,2999,4,0,29,63,0,-7,3,49,51,24,25,-0.1,-0.3,2,0,63,63,74,49,12,105,26,61,204,201,199,177,180,185,65,90,,80826,95518,N2156.3171,E08522.8950,689.8,15.79
08-08-2026 15:25,2306,0,6,1,1233,2940,4,0,7,63,0,-4,3,47,49,29,30,-0.1,-0.3,2,0,63,62,74,49,11,102,26,61,204,201,193,173,175,180,65,90,,80826,95519,N2156.3177,E08522.8997,688.5,15.63
08-08-2026 15:25,2299,0,6,1,1253,2966,4,0,28,63,0,-5,3,47,47,37,27,-1,1,2,0,63,62,74,49,11,102,26,61,208,206,189,169,171,175,65,90,,80826,95520,N2156.3183,E08522.9044,687.5,15.62
08-08-2026 15:25,2343,0,6,1,1276,3004,4,0,28,64,0,-7,3,49,47,31,25,-0.4,0.8,2,0,63,62,74,49,12,102,26,61,208,206,184,166,168,171,66,90,,80826,95521,N2156.3189,E08522.9091,686.9,15.62
08-08-2026 15:25,2299,0,7,1,1250,2973,4,0,22,64,0,-2,3,54,41,30,41,2.4,0.2,2,0,63,62,74,49,12,99,26,61,208,206,180,163,164,167,66,90,,80826,95522,N2156.3196,E08522.9139,686.3,15.67
08-08-2026 15:25,2269,0,6,1,1224,2883,4,0,37,64,0,-2,3,48,44,26,31,0.9,-0.1,2,0,63,62,74,48,11,96,26,61,208,205,177,160,161,164,66,90,,80826,95523,N2156.3204,E08522.9185,686.1,15.09
08-08-2026 15:25,2253,0,6,1,1224,2895,4,0,7,64,0,-2,3,48,44,32,31,0.3,0.5,2,0,63,62,74,48,11,94,26,61,207,205,174,158,158,160,66,90,,80826,95524,N2156.3214,E08522.9229,685.7,15.22
08-08-2026 15:25,2247,0,6,1,1226,2891,4,0,7,65,0,-3,3,48,44,27,34,1.1,-0.3,2,0,63,62,74,48,11,94,26,61,207,205,171,155,156,157,66,90,,80826,95525,N2156.3224,E08522.9273,685.5,15.15
08-08-2026 15:25,2272,0,6,1,1231,2914,4,0,28,65,0,-1,3,42,45,29,38,0.6,-1.2,2,0,63,62,74,49,11,93,26,61,207,204,168,153,153,155,67,90,,80826,95526,N2156.3236,E08522.9316,685.2,15.15
08-08-2026 15:25,2257,0,8,1,1230,2865,4,0,7,65,0,-1,4,43,48,27,24,-0.8,-0.2,2,0,63,62,74,48,11,92,26,61,206,203,166,151,151,153,67,91,,80826,95527,N2156.3250,E08522.9359,684.8,15.05
08-08-2026 15:25,2206,0,9,1,1181,2850,4,0,7,65,0,-6,4,47,47,23,23,0,0,2,0,63,62,74,47,10,89,26,61,206,203,164,150,150,151,67,90,,80826,95528,N2156.3264,E08522.9400,684.4,14.84
08-08-2026 15:25,2164,0,12,1,1187,2789,4,0,7,65,0,-2,4,45,46,31,30,-0.2,0,2,0,63,62,74,46,11,86,26,61,206,203,162,148,148,148,67,90,,80826,95529,N2156.3280,E08522.9442,683.9,14.46
08-08-2026 15:25,2119,0,18,1,1136,2699,4,0,7,65,0,-3,3,46,47,31,27,-0.5,0.3,2,0,63,62,74,46,11,84,26,61,206,203,160,146,146,146,67,90,,80826,95530,N2156.3299,E08522.9481,683.6,14.27
08-08-2026 15:25,2078,0,27,1,1118,2647,4,0,0,65,0,0,4,44,43,34,29,-0.4,0.6,2,76,63,62,74,45,13,84,26,61,206,202,160,158,152,150,67,90,,80826,95531,N2156.3317,E08522.9518,683,14.27
08-08-2026 15:25,2080,627,73,0,1161,2688,5,0,0,65,0,2,3,41,38,31,33,0.5,0.1,2,87,63,62,74,45,20,86,26,61,206,203,168,179,171,167,66,90,,80826,95532,N2156.3339,E08522.9551,682.5,13.94
08-08-2026 15:25,1698,1091,66,1,1137,2692,5,0,0,65,0,3,3,39,39,28,34,0.6,-0.6,2,181,64,62,74,39,20,82,26,61,205,202,180,202,188,183,66,90,,80826,95533,N2156.3365,E08522.9585,681.4,14.1
08-08-2026 15:25,1658,1336,63,1,1229,2931,5,0,0,65,0,1,3,38,44,37,25,-1.8,0.6,2,222,63,62,74,37,57,100,26,61,205,202,205,252,232,220,66,90,,80826,95534,N2156.3391,E08522.9620,680.6,14.54
08-08-2026 15:25,1693,1379,52,0,1305,2994,6,0,0,65,0,4,3,41,40,32,33,0.2,0,2,85,63,62,74,37,46,110,26,61,205,202,240,286,269,256,66,90,,80826,95535,N2156.3418,E08522.9655,679.9,15.4
08-08-2026 15:25,1444,7,34,1,1348,3096,6,0,0,65,0,2,3,40,43,31,41,0.7,-1.3,2,1,63,62,74,37,20,102,26,61,205,202,269,298,286,277,66,91,,80826,95536,N2156.3448,E08522.9691,679.1,16.04
08-08-2026 15:25,1321,533,26,1,1316,3053,6,0,0,64,0,0,3,40,45,33,30,-0.8,-0.2,2,150,63,62,74,37,16,92,26,61,205,201,287,302,292,285,66,90,,80826,95537,N2156.3478,E08522.9727,678.5,16.23
08-08-2026 15:25,1298,330,33,1,1279,3148,6,0,0,64,0,-1,3,40,44,31,30,-0.5,-0.3,2,70,63,62,74,37,13,83,26,61,205,201,298,305,295,289,66,91,,80826,95538,N2156.3508,E08522.9764,678.2,16.16
08-08-2026 15:25,1328,67,36,1,1321,3143,6,0,0,64,0,0,2,40,44,30,30,-0.4,-0.4,2,14,63,62,74,37,12,77,26,61,205,201,306,309,298,293,66,91,,80826,95539,N2156.3538,E08522.9801,677.8,16.2
08-08-2026 15:25,1316,445,21,1,1335,3070,6,0,0,64,0,-1,2,42,43,30,31,0,-0.2,2,93,63,62,74,37,10,71,26,61,204,201,310,306,297,293,66,90,,80826,95540,N2156.3567,E08522.9839,677.3,16.35
08-08-2026 15:25,1318,0,16,1,1308,3105,6,0,0,64,0,-2,2,42,46,33,27,-1,0.2,2,0,63,62,74,37,7,62,26,61,204,201,309,295,289,286,66,90,,80826,95541,N2156.3597,E08522.9876,676.9,16.35
08-08-2026 15:25,1295,0,23,1,1295,3063,6,0,0,64,0,2,2,42,43,30,39,0.8,-1,2,17,63,62,74,37,5,55,26,61,204,201,303,283,278,277,66,91,,80826,95542,N2156.3627,E08522.9913,676.5,16.09
08-08-2026 15:25,1295,255,33,1,1312,3093,6,0,0,64,0,-1,2,42,44,28,31,0.1,-0.5,2,53,63,62,74,37,8,56,26,61,204,201,296,282,275,273,66,90,,80826,95544,N2156.3687,E08522.9985,675.8,15.98
08-08-2026 15:25,1319,270,26,1,1305,3115,6,0,0,64,0,0,3,44,44,29,33,0.4,-0.4,2,0,63,62,74,38,8,57,26,61,203,200,293,281,274,273,66,91,,80826,95545,N2156.3717,E08523.0021,675.5,16.23
08-08-2026 15:25,1321,67,28,1,1304,3070,6,0,0,64,0,0,3,42,43,25,39,1.3,-1.5,2,14,63,62,74,38,5,55,26,61,203,200,291,276,270,269,66,91,,80826,95546,N2156.3748,E08523.0057,675.3,16.23
08-08-2026 15:25,1311,63,27,1,1314,3112,6,0,0,64,0,-1,3,42,48,28,34,0,-1.2,2,0,63,62,74,38,4,53,26,61,203,200,285,265,261,263,66,91,,80826,95546,N2156.3748,E08523.0057,675.3,16.26
08-08-2026 15:25,1302,0,18,1,1295,3013,6,0,0,64,0,-2,2,40,49,33,29,-1.3,-0.5,2,0,63,62,74,37,4,48,26,61,203,200,277,252,250,252,66,90,,80826,95548,N2156.3808,E08523.0127,674.9,16.07
08-08-2026 15:25,1295,0,0,1,1284,3013,6,0,36,64,0,-5,3,46,57,24,29,-0.6,-1.6,2,0,63,62,74,37,5,49,26,61,203,200,266,245,241,243,66,91,,80826,95549,N2156.3838,E08523.0162,674.9,15.94
08-08-2026 15:25,1442,0,0,0,953,2331,4,0,36,64,0,-7,3,39,58,29,28,-2,-1.8,2,0,64,62,74,37,10,58,26,61,203,200,262,253,246,247,66,90,,80826,95549,N2156.3838,E08523.0162,674.9,15.59
08-08-2026 15:25,1268,825,0,0,728,1795,4,0,36,64,0,-9,3,38,61,28,22,-2.9,-1.7,2,0,63,62,74,37,10,58,26,61,203,200,263,252,248,248,66,90,,80826,95551,N2156.3883,E08523.0230,675.1,13.93
08-08-2026 15:25,1211,821,39,1,613,1753,3,0,0,64,0,-4,3,38,50,24,38,0.2,-2.6,2,190,64,62,74,39,8,59,26,61,203,200,261,255,249,248,66,91,,80826,95551,N2156.3883,E08523.0230,675.1,11.96
08-08-2026 15:25,1451,356,49,0,712,1646,3,0,0,64,0,0,3,34,48,20,43,0.9,-3.7,2,63,63,62,75,41,9,69,26,61,203,202,264,258,254,253,66,91,,80826,95553,N2156.3897,E08523.0288,674.5,10.12
08-08-2026 15:25,1691,535,44,1,676,1597,3,0,0,64,0,0,3,34,47,25,34,-0.4,-2.2,2,87,63,62,75,39,9,68,26,61,208,206,265,260,254,253,66,90,,80826,95554,N2156.3897,E08523.0315,674.2,8.59
08-08-2026 15:25,1678,481,43,1,695,1628,3,0,0,64,0,0,3,34,48,38,24,-2.8,0,2,101,63,62,75,40,18,72,26,61,208,206,268,273,264,262,66,90,,80826,95555,N2156.3892,E08523.0342,673.9,8.64
08-08-2026 15:25,1743,935,55,1,722,1668,3,0,0,64,0,1,3,32,56,37,24,-3.7,-1.1,2,147,63,62,74,40,33,92,26,61,207,205,280,302,287,281,66,91,,80826,95556,N2156.3880,E08523.0370,673.4,8.94
08-08-2026 15:25,1869,944,59,1,798,1864,3,0,0,64,0,2,2,37,50,35,39,-0.9,-1.7,2,136,64,62,75,44,55,113,26,61,207,205,300,333,317,308,66,91,,80826,95556,N2156.3880,E08523.0370,673.4,9.19
08-08-2026 15:25,2030,944,60,1,835,1965,3,0,0,65,0,1,3,33,50,28,34,-1.1,-2.3,2,92,63,62,74,45,49,132,26,61,207,204,323,353,341,330,66,91,,80826,95558,N2156.3848,E08523.0424,672.6,9.58
08-08-2026 15:25,2077,621,78,0,847,2045,4,0,0,65,0,1,3,36,47,25,37,0.1,-2.3,2,82,64,62,75,44,28,134,26,61,206,204,341,359,351,341,66,91,,80826,95559,N2156.3829,E08523.0451,672.4,10.71
08-08-2026 15:25,1848,145,39,0,881,2076,4,0,0,65,0,1,3,35,48,33,29,-1.7,-0.9,2,249,64,62,74,38,47,129,26,61,206,204,351,372,360,350,66,91,,80826,95600,N2156.3807,E08523.0476,672.3,10.63
08-08-2026 15:26,1760,1701,89,1,953,2360,4,0,0,65,0,0,2,41,40,27,32,0.6,-0.4,2,266,64,62,75,38,81,150,26,61,206,203,371,408,391,378,66,91,,80826,95601,N2156.3785,E08523.0504,672.4,11.31
08-08-2026 15:26,1685,1536,82,1,1087,2565,5,0,0,65,0,3,2,44,41,37,36,0.2,0.4,2,261,64,62,75,39,106,168,26,61,206,203,400,443,426,411,66,91,,80826,95601,N2156.3785,E08523.0504,672.4,12.5
08-08-2026 15:26,1590,1111,61,1,1151,2725,5,0,0,65,0,3,2,39,43,39,34,-0.9,0.1,2,193,64,62,75,39,96,186,26,61,206,203,428,462,450,436,66,90,,80826,95603,N2156.3740,E08523.0573,672.6,13.56
08-08-2026 15:26,1639,677,51,1,1226,2916,5,0,0,65,0,-3,3,42,43,35,20,-1.6,1.4,2,114,64,62,75,38,46,180,26,61,206,203,448,461,457,445,66,91,,80826,95604,N2156.3719,E08523.0613,672.6,14.54
08-08-2026 15:26,1676,347,49,1,1246,2945,5,0,0,65,0,0,3,59,42,43,23,-0.3,3.7,2,57,64,62,75,39,34,157,26,61,206,203,454,450,451,442,66,91,,80826,95605,N2156.3700,E08523.0654,672.5,15.07
08-08-2026 15:26,1684,108,31,1,1178,2839,5,0,0,65,0,0,3,50,41,33,33,0.9,0.9,2,18,64,62,74,37,13,128,26,61,206,202,449,428,434,428,66,91,,80826,95606,N2156.3683,E08523.0697,672.5,14.87
08-08-2026 15:26,1616,0,31,1,1158,2749,5,0,0,65,0,-2,3,45,37,31,25,0.2,1.4,2,0,64,62,75,37,10,101,26,61,206,202,435,400,410,407,66,91,,80826,95607,N2156.3670,E08523.0741,672.3,14.64
08-08-2026 15:26,1546,0,30,1,1124,2626,5,0,0,65,0,0,3,44,40,30,34,0.8,0,2,0,63,62,75,39,7,82,26,61,205,202,415,372,384,384,66,91,,80826,95608,N2156.3663,E08523.0781,672.4,14.35
08-08-2026 15:26,1476,0,31,1,1097,2572,5,0,0,65,0,-5,3,52,37,30,19,0.4,2.6,2,0,64,62,75,39,6,69,26,61,205,202,392,347,359,361,66,91,,80826,95609,N2156.3659,E08523.0818,672.5,12.99
08-08-2026 15:26,1429,0,25,1,1039,2426,5,0,0,65,0,-4,3,54,42,35,26,0.3,2.1,2,0,64,62,75,39,6,61,26,61,205,201,370,323,336,340,66,91,,80826,95610,N2156.3659,E08523.0856,672.6,12.64
08-08-2026 15:26,1406,0,25,1,1004,2371,5,0,0,65,0,-2,3,49,36,35,33,1.1,1.5,2,0,64,62,75,39,5,52,26,61,205,201,348,303,315,320,66,91,,80826,95611,N2156.3662,E08523.0891,672.3,12.44
08-08-2026 15:26,1349,0,28,1,979,2341,5,0,0,65,0,2,3,46,34,42,33,0.3,2.1,2,0,64,62,75,38,5,46,26,61,205,201,327,284,297,303,66,91,,80826,95611,N2156.3662,E08523.0891,672.3,11.8
08-08-2026 15:26,1292,96,29,1,951,2216,5,0,0,65,0,5,3,44,33,43,34,0.2,2,2,21,64,62,75,37,4,45,26,61,205,201,309,270,282,288,66,91,,80826,95613,N2156.3685,E08523.0954,672.1,11.43
08-08-2026 15:26,1296,267,29,1,916,2147,5,0,0,64,0,6,3,43,34,53,25,-1.9,3.7,2,57,64,62,74,37,7,50,26,61,205,201,295,267,275,281,66,90,,80826,95614,N2156.3701,E08523.0984,671.6,11.26
08-08-2026 15:26,1242,238,29,1,921,2159,5,0,0,64,0,0,3,51,35,21,38,3.3,-0.1,2,54,63,62,75,37,5,52,26,61,205,201,288,267,273,278,66,91,,80826,95615,N2156.3721,E08523.1010,671.2,10.93
08-08-2026 15:26,1249,147,26,1,901,2149,5,0,0,64,0,-2,3,42,44,26,35,0.7,-1.1,2,0,63,62,75,36,5,55,26,61,204,201,281,260,267,273,66,91,,80826,95616,N2156.3743,E08523.1034,671.2,11.05
08-08-2026 15:26,1201,818,25,1,854,1958,4,0,0,64,0,-1,3,36,49,34,23,-2.4,-0.2,2,190,63,62,75,38,6,56,26,61,204,201,276,260,266,271,66,91,,80826,95617,N2156.3763,E08523.1055,671,10.6
08-08-2026 15:26,1367,0,31,1,769,1739,4,0,0,64,0,0,3,38,42,40,23,-2.1,1.3,2,98,63,62,75,39,11,60,26,61,204,201,275,268,269,272,66,91,,80826,95618,N2156.3784,E08523.1073,671.3,9.77
08-08-2026 15:26,1434,1050,66,1,777,1833,4,0,0,64,0,0,3,45,36,19,35,2.5,-0.7,2,200,64,62,75,39,24,78,26,61,203,201,282,301,293,292,66,91,,80826,95619,N2156.3805,E08523.1091,671.6,9.34
08-08-2026 15:26,1534,1461,72,1,872,2045,4,0,0,64,0,3,4,44,38,19,51,3.8,-2.6,2,258,63,62,75,38,76,110,26,61,204,200,307,350,336,328,66,91,,80826,95620,N2156.3827,E08523.1110,671.8,9.62
08-08-2026 15:26,1641,1457,72,1,914,2131,4,0,0,64,0,1,3,40,41,31,29,-0.3,0.1,2,237,64,62,75,38,84,146,26,61,204,200,344,393,378,367,66,91,,80826,95621,N2156.3851,E08523.1130,672,10.19
08-08-2026 15:26,1641,917,70,0,1019,2367,5,0,0,64,0,7,4,34,37,39,28,-1.4,0.8,2,160,64,62,75,38,82,164,26,61,203,200,378,422,410,396,66,91,,80826,95622,N2156.3877,E08523.1153,672.3,11.32
08-08-2026 15:26,1431,957,65,1,1036,2430,5,0,0,64,0,7,3,39,39,35,32,-0.3,0.3,2,187,64,62,75,38,74,175,26,61,203,200,407,443,434,419,66,91,,80826,95623,N2156.3903,E08523.1178,672.5,11.94
08-08-2026 15:26,1428,804,53,1,1065,2496,5,0,0,64,0,2,3,42,42,34,43,0.9,-0.9,2,155,63,62,75,39,55,172,26,61,203,200,430,455,449,434,66,91,,80826,95624,N2156.3930,E08523.1203,672.6,12.73
08-08-2026 15:26,1449,752,51,1,1077,2534,5,0,0,64,0,0,3,42,45,33,24,-1.2,0.6,2,183,64,62,75,39,54,163,26,61,203,200,446,463,458,444,66,91,,80826,95625,N2156.3958,E08523.1227,672.8,12.98
08-08-2026 15:26,1473,1089,61,1,1086,2577,5,0,0,64,0,-1,3,49,41,22,33,1.9,-0.3,2,204,64,62,74,39,63,161,26,61,203,200,459,478,473,458,66,91,,80826,95626,N2156.3988,E08523.1250,672.8,12.84
08-08-2026 15:26,1539,1079,62,1,1117,2657,5,0,0,64,0,3,3,46,38,30,35,1.3,0.3,2,248,64,62,75,39,83,165,26,61,203,200,474,493,488,472,66,91,,80826,95627,N2156.4021,E08523.1271,672.9,13.37
08-08-2026 15:26,1596,1557,78,1,1177,2763,5,0,0,64,0,1,3,44,40,38,26,-0.8,1.6,2,269,64,62,75,39,100,180,26,61,203,200,491,512,507,490,66,91,,80826,95628,N2156.4057,E08523.1289,673.1,14.38
08-08-2026 15:26,1665,1564,85,1,1248,2916,5,0,0,64,0,4,3,44,35,45,26,-1,2.8,2,257,64,62,75,38,127,203,26,61,203,199,510,530,526,508,66,91,,80826,95629,N2156.4097,E08523.1303,673.4,14.98
08-08-2026 15:26,1740,1558,82,1,1294,3030,5,0,0,64,0,2,3,46,33,36,22,-0.1,2.7,2,247,64,62,75,39,127,227,26,61,203,199,529,539,541,523,66,91,,80826,95630,N2156.4140,E08523.1310,673.5,14.98
08-08-2026 15:26,1782,731,50,1,1325,3089,5,0,0,64,0,0,2,53,37,30,28,1.4,1.8,2,113,63,62,75,40,81,232,26,61,202,199,538,535,544,528,66,91,,80826,95631,N2156.4185,E08523.1311,673.9,15.27
08-08-2026 15:26,1753,1410,51,1,1314,3027,6,0,0,64,0,1,3,49,36,39,28,0.2,2.4,2,3,64,62,75,40,60,209,26,61,202,199,539,525,537,524,66,91,,80826,95632,N2156.4230,E08523.1306,674.3,15.8
08-08-2026 15:26,1586,1372,52,0,1281,3006,6,0,0,64,0,2,4,49,53,33,45,0.8,-1.6,2,244,64,62,75,36,64,179,26,61,202,199,534,519,530,518,66,91,,80826,95633,N2156.4274,E08523.1293,674.7,15.57
08-08-2026 15:26,1319,1347,75,1,1263,3044,6,0,0,64,0,9,5,44,33,46,49,1.4,0.8,2,290,64,62,74,36,82,174,26,61,202,199,535,533,538,527,66,91,,80826,95634,N2156.4315,E08523.1275,675.2,15.23
08-08-2026 15:26,1246,1333,100,1,1218,2938,6,0,0,63,0,3,5,40,37,34,27,-0.4,1,2,299,64,62,75,36,91,176,26,61,202,198,547,552,555,543,66,91,,80826,95635,N2156.4355,E08523.1253,675.7,14.28
08-08-2026 15:26,1331,1554,98,1,1070,2574,5,0,0,63,0,10,4,36,36,43,31,-1.2,1.2,2,306,63,62,75,38,93,191,26,61,201,198,562,567,570,559,66,91,,80826,95636,N2156.4389,E08523.1232,676.6,14.28
08-08-2026 15:26,1476,1492,100,1,1062,2522,5,0,0,63,0,7,3,36,37,31,32,0,-0.2,2,280,64,62,75,39,109,204,26,61,202,198,577,578,582,572,66,91,,80826,95637,N2156.4421,E08523.1209,677.3,13.12
08-08-2026 15:26,1463,1727,100,1,1073,2520,5,0,0,63,0,7,3,37,38,35,35,-0.1,-0.1,2,328,63,62,75,39,125,215,26,61,201,198,589,587,592,584,66,91,,80826,95638,N2156.4452,E08523.1185,677.7,12.81
08-08-2026 15:26,1468,1497,100,1,1075,2541,5,0,0,63,0,6,3,35,40,32,37,0,-1,2,282,64,62,75,39,127,227,26,61,201,198,599,593,600,593,66,91,,80826,95639,N2156.4484,E08523.1162,678.1,12.81
08-08-2026 15:26,1477,1696,98,1,1096,2579,5,0,0,63,0,5,2,38,37,23,44,2.2,-2,2,319,64,62,75,39,128,237,26,61,201,198,606,597,605,600,66,91,,80826,95640,N2156.4516,E08523.1140,678.3,13.02
08-08-2026 15:26,1514,1676,96,1,1124,2643,5,0,0,63,0,5,2,38,37,23,44,2.2,-2,2,301,63,62,75,39,133,245,26,61,201,198,612,597,609,606,66,90,,80826,95641,N2156.4549,E08523.1117,678.7,13.27
08-08-2026 15:26,1532,1453,96,1,1125,2702,5,0,0,63,0,5,2,35,42,38,34,-1.1,-0.3,2,262,64,62,75,39,133,249,26,61,201,198,615,598,612,610,66,91,,80826,95642,N2156.4581,E08523.1095,679.1,13.43
08-08-2026 15:26,1564,1632,100,1,1166,2737,5,0,0,63,0,4,3,35,41,37,28,-1.5,0.3,2,287,63,62,75,39,134,253,26,61,201,198,617,597,612,612,66,91,,80826,95643,N2156.4615,E08523.1070,679.3,14.17
08-08-2026 15:26,1631,1771,97,1,1200,2808,5,0,0,63,0,9,3,34,36,34,36,0,-0.4,2,298,63,62,75,39,136,255,26,61,201,198,617,596,613,612,66,90,,80826,95644,N2156.4648,E08523.1044,679.6,14.63
08-08-2026 15:26,1676,1560,95,1,1260,2942,5,0,0,63,0,4,3,36,60,30,38,-1.6,-3.2,2,257,64,62,75,38,141,257,26,61,201,198,617,594,614,613,66,90,,80826,95645,N2156.4682,E08523.1016,679.7,15.15
08-08-2026 15:26,1726,1540,93,1,1299,3039,5,0,0,63,0,3,3,37,46,45,26,-2.8,1,2,246,63,62,75,39,141,260,26,61,201,198,616,593,614,612,66,91,,80826,95646,N2156.4716,E08523.0987,680,15.15
08-08-2026 15:26,1769,1705,100,1,1314,3108,5,0,0,63,0,2,3,36,39,24,32,0.5,-1.1,2,267,63,62,75,40,142,264,26,61,201,198,615,590,614,612,66,90,,80826,95647,N2156.4754,E08523.0958,680.1,15.53
08-08-2026 15:26,1806,1699,83,1,1332,3134,5,0,0,63,0,2,3,35,43,28,27,-0.9,-0.7,2,249,63,62,75,40,129,262,26,61,201,197,612,585,610,609,66,90,,80826,95648,N2156.4792,E08523.0928,680.2,16.41
08-08-2026 15:26,1836,883,53,1,1354,3197,5,0,0,63,0,1,3,37,46,26,34,-0.1,-1.7,2,132,64,62,75,41,106,243,26,61,201,197,607,567,596,598,66,90,,80826,95649,N2156.4830,E08523.0899,680.3,16.74
08-08-2026 15:26,1741,411,41,0,1349,3157,6,0,0,63,0,5,4,39,46,32,32,-0.7,-0.7,2,67,63,62,75,38,45,194,26,61,200,197,590,540,569,574,66,90,,80826,95650,N2156.4869,E08523.0870,680.4,16.62
08-08-2026 15:26,1426,620,38,1,1313,3131,6,0,0,63,0,-1,3,39,51,34,29,-1.7,-0.7,2,125,63,62,75,37,31,153,26,61,200,197,569,520,546,553,66,90,,80826,95651,N2156.4910,E08523.0843,680.7,16.62
08-08-2026 15:26,1329,635,43,1,1329,3145,6,0,0,63,0,0,3,39,46,22,34,0.5,-1.9,2,132,63,62,75,37,27,125,26,61,200,197,550,507,530,536,66,90,,80826,95652,N2156.4952,E08523.0819,680.8,16.62
08-08-2026 15:26,1306,683,43,1,1278,3020,6,0,0,63,0,1,3,36,48,36,32,-1.6,-0.8,2,144,64,62,75,37,39,110,26,61,200,197,537,506,524,528,66,91,,80826,95653,N2156.4993,E08523.0799,680.7,15.42
08-08-2026 15:26,1295,1174,68,1,1294,3032,6,0,0,63,0,6,4,35,38,29,34,0.2,-0.8,2,315,64,62,75,37,59,113,26,61,200,197,535,522,535,535,66,91,,80826,95654,N2156.5033,E08523.0780,680.9,15.59
08-08-2026 15:26,1308,1353,63,1,1340,3169,6,0,0,63,0,1,3,34,45,29,27,-1.3,-0.9,2,286,63,62,75,37,79,128,26,61,200,197,546,543,554,550,66,90,,80826,95655,N2156.5075,E08523.0761,681.2,16.19
08-08-2026 15:26,1330,936,54,1,1335,3176,6,0,0,63,0,1,3,41,47,29,46,1.1,-2.3,2,181,64,62,75,38,66,135,26,61,200,197,558,552,563,560,66,90,,80826,95656,N2156.5121,E08523.0740,681.4,16.19
08-08-2026 15:26,1340,371,36,1,1356,3145,6,0,0,63,0,1,2,35,46,33,37,-0.7,-1.5,2,76,63,62,75,38,43,129,26,61,200,197,563,544,557,556,66,90,,80826,95657,N2156.5166,E08523.0720,681.6,16.52
08-08-2026 15:26,1332,450,51,1,1343,3176,6,0,0,63,0,3,3,43,43,25,37,1.2,-1.2,2,41,64,63,75,38,23,113,26,61,199,197,559,527,542,544,66,90,,80826,95658,N2156.5208,E08523.0701,681.8,16.1
08-08-2026 15:26,1324,667,45,1,1329,3063,6,0,0,63,0,0,3,37,49,39,36,-1.5,-0.9,2,141,64,63,75,37,22,102,26,61,199,197,547,516,529,532,66,90,,80826,95659,N2156.5249,E08523.0683,682.1,15.98
08-08-2026 15:26,1314,512,46,1,1321,3127,6,0,0,63,0,0,3,41,43,29,32,0.1,-0.5,2,44,64,63,75,38,23,95,26,61,200,196,538,510,521,524,66,91,,80826,95700,N2156.5290,E08523.0664,682.2,16.02
08-08-2026 15:27,1318,365,36,1,1306,3143,6,0,0,63,0,2,3,40,45,28,43,1,-2,2,78,63,63,75,37,19,90,26,61,200,196,530,499,510,514,66,91,,80826,95701,N2156.5331,E08523.0644,682.4,16.02
08-08-2026 15:27,1303,426,36,1,1289,3042,6,0,0,63,0,0,3,41,47,32,29,-0.9,-0.3,2,91,63,63,75,37,19,83,26,61,199,196,519,488,498,503,66,90,,80826,95702,N2156.5372,E08523.0625,682.6,15.68
08-08-2026 15:27,1277,775,36,1,1272,3034,6,0,0,63,0,3,3,36,45,30,42,0.3,-2.1,2,168,64,63,75,37,21,81,26,61,199,196,510,483,491,495,66,91,,80826,95703,N2156.5410,E08523.0606,682.8,15.14
08-08-2026 15:27,1275,1019,76,1,1302,3070,6,0,0,63,0,1,3,35,49,27,28,-1.3,-1.5,2,220,64,63,75,37,54,92,26,61,199,196,509,497,500,501,66,90,,80826,95704,N2156.5449,E08523.0587,683.3,15.25
08-08-2026 15:27,1313,1378,57,1,1321,3129,6,0,0,63,0,2,3,35,45,25,35,0,-2,2,149,63,63,75,37,60,110,26,61,199,196,518,516,518,517,66,91,,80826,95705,N2156.5491,E08523.0570,683.7,15.99
08-08-2026 15:27,1336,914,54,1,1330,3178,6,0,0,63,0,0,3,34,52,36,30,-2.4,-1.2,2,188,63,63,75,38,57,123,26,60,198,195,530,527,529,528,66,90,,80826,95706,N2156.5533,E08523.0556,683.6,15.99
08-08-2026 15:27,1349,771,43,1,1335,3157,6,0,0,63,0,4,3,36,46,37,33,-1.4,-0.6,2,138,63,63,75,38,45,123,26,60,199,195,538,529,532,532,66,91,,80826,95707,N2156.5577,E08523.0547,683.6,16.1
08-08-2026 15:27,1315,740,50,1,1303,3070,6,0,0,63,0,3,3,35,46,30,33,-0.8,-1.4,2,156,64,63,75,37,45,120,26,61,198,195,541,529,533,532,66,90,,80826,95708,N2156.5620,E08523.0539,683.8,15.92
08-08-2026 15:27,1301,885,50,1,1299,3068,6,0,0,63,0,2,3,43,47,26,39,0.9,-1.7,2,160,63,63,75,37,49,119,26,61,198,195,544,532,536,534,66,90,,80826,95709,N2156.5665,E08523.0534,684,16.18
08-08-2026 15:27,1293,884,53,1,1291,3013,6,0,0,63,0,1,3,39,52,33,48,0.2,-2.8,2,189,64,63,75,37,49,120,26,61,198,195,547,536,539,537,66,90,,80826,95710,N2156.5711,E08523.0532,684.3,15.83
08-08-2026 15:27,1287,1057,63,1,1297,3058,6,0,0,63,0,1,3,36,46,31,35,-0.6,-1.4,2,260,64,63,75,37,65,124,26,61,198,195,552,548,549,544,66,90,,80826,95711,N2156.5756,E08523.0531,684.9,15.83
08-08-2026 15:27,1291,1099,69,1,1289,3098,6,0,0,63,0,1,3,43,44,30,28,-0.3,0.1,2,236,64,63,75,37,73,135,26,61,198,195,560,562,562,556,66,90,,80826,95712,N2156.5801,E08523.0534,685.5,15.76
08-08-2026 15:27,1313,1094,63,1,1308,3091,6,0,0,63,0,5,3,40,42,33,39,0.4,-0.8,2,229,64,63,75,37,79,146,26,61,198,195,571,572,574,566,65,90,,80826,95713,N2156.5846,E08523.0537,686,15.99
08-08-2026 15:27,1319,1262,69,1,1311,3089,6,0,0,63,0,3,3,37,43,33,31,-0.8,-0.4,2,265,64,63,75,37,84,155,26,61,198,195,581,581,583,575,65,90,,80826,95714,N2156.5891,E08523.0541,686.6,15.99
08-08-2026 15:27,1318,1152,50,1,1326,3105,6,0,0,63,0,3,3,40,43,33,31,-0.5,-0.1,2,242,64,63,75,37,73,160,26,61,198,195,590,585,588,581,66,90,,80826,95715,N2156.5936,E08523.0545,687,16.07
08-08-2026 15:27,1313,884,58,1,1320,3115,6,0,0,63,0,3,2,38,43,34,29,-1,0,2,171,63,63,75,37,63,155,26,60,198,195,593,581,587,581,65,90,,80826,95716,N2156.5981,E08523.0549,687.1,16.07
08-08-2026 15:27,1296,707,48,1,1289,3044,6,0,0,63,0,2,2,38,41,36,29,-1,0.4,2,152,64,63,75,37,53,145,26,61,198,195,591,574,581,578,65,90,,80826,95717,N2156.6025,E08523.0552,687.2,15.89
08-08-2026 15:27,1289,1003,56,1,1300,3060,6,0,0,63,0,0,2,40,40,27,28,0.1,-0.1,2,223,64,63,75,37,58,140,26,61,198,195,589,574,580,576,65,90,,80826,95718,N2156.6069,E08523.0554,687.3,15.8
08-08-2026 15:27,1308,984,50,1,1311,3103,6,0,0,63,0,1,2,40,41,28,35,0.6,-0.8,2,207,64,63,75,37,60,138,26,60,198,195,589,576,581,577,65,91,,80826,95719,N2156.6113,E08523.0554,687.3,15.87
08-08-2026 15:27,1310,951,53,1,1313,3096,6,0,0,63,0,1,3,39,46,33,29,-1.1,-0.3,2,173,64,63,75,37,61,137,26,61,197,194,589,576,582,577,65,90,,80826,95720,N2156.6157,E08523.0552,687.5,16
08-08-2026 15:27,1307,799,54,1,1308,3072,6,0,0,63,0,3,3,39,41,28,34,0.4,-0.8,2,170,64,63,75,37,60,135,26,61,197,194,590,576,582,578,65,90,,80826,95721,N2156.6200,E08523.0549,687.5,16
08-08-2026 15:27,1294,854,56,1,1296,3049,6,0,0,63,0,4,3,41,36,24,52,3.3,-2.3,2,181,64,63,75,37,62,137,26,61,197,194,591,578,583,578,65,90,,80826,95722,N2156.6242,E08523.0547,687.7,15.74
08-08-2026 15:27,1306,871,44,1,1301,3134,6,0,0,63,0,3,3,33,45,37,47,-0.2,-2.2,2,185,63,63,75,37,62,136,26,61,197,194,591,578,583,580,65,90,,80826,95723,N2156.6286,E08523.0545,688,15.74
08-08-2026 15:27,1297,846,57,1,1293,3075,6,0,0,63,0,3,4,34,51,29,29,-1.7,-1.7,2,182,64,63,75,37,67,137,26,60,197,194,592,579,585,581,65,90,,80826,95724,N2156.6330,E08523.0543,688.2,15.77
08-08-2026 15:27,1292,1323,77,1,1307,3068,6,0,0,63,0,6,4,35,46,40,47,-0.4,-1.8,2,284,64,63,75,37,83,146,26,61,197,194,596,592,595,589,65,91,,80826,95725,N2156.6373,E08523.0544,688.7,15.63
08-08-2026 15:27,1279,1231,76,1,1283,3060,6,0,0,63,0,3,3,35,46,28,49,1,-3.2,2,274,64,63,75,36,94,159,26,61,197,194,605,603,606,600,65,90,,80826,95726,N2156.6415,E08523.0548,689.2,15.63
08-08-2026 15:27,1269,718,39,1,1256,2992,6,0,0,63,0,0,3,36,47,23,34,0,-2.2,2,157,64,63,75,36,78,164,26,61,197,194,613,601,609,604,65,90,,80826,95727,N2156.6457,E08523.0553,689.5,15.4
08-08-2026 15:27,1234,556,77,0,1146,2763,5,0,0,63,0,2,2,35,47,21,42,0.9,-3.3,2,114,64,63,75,40,74,162,26,61,197,194,615,597,605,602,65,90,,80826,95728,N2156.6500,E08523.0560,689.6,15.06
08-08-2026 15:27,1665,1294,35,0,1135,2721,5,0,0,63,0,0,2,35,50,35,30,-2,-1,2,41,63,63,75,39,37,147,26,61,197,194,609,579,591,592,65,90,,80826,95729,N2156.6539,E08523.0570,689.7,14.21
08-08-2026 15:27,1535,226,35,1,1093,2596,5,0,0,63,0,0,2,36,46,27,28,-0.9,-1.1,2,42,63,63,75,39,18,123,26,61,197,194,594,552,565,570,65,90,,80826,95730,N2156.6576,E08523.0580,689.8,13.63
08-08-2026 15:27,1479,284,35,1,1063,2527,5,0,0,63,0,4,2,38,44,34,30,-1,-0.2,2,74,63,63,75,39,16,104,26,61,197,194,573,529,542,548,65,90,,80826,95731,N2156.6612,E08523.0590,689.9,13.63
08-08-2026 15:27,1455,1033,58,1,1058,2539,5,0,0,63,0,2,2,39,41,32,35,0.1,-0.5,2,196,64,63,75,39,43,101,26,61,197,194,558,529,537,540,65,90,,80826,95732,N2156.6647,E08523.0599,690,12.91
08-08-2026 15:27,1489,930,55,1,1112,2612,5,0,0,63,0,2,2,39,45,30,36,0,-1.2,2,172,64,63,75,39,49,107,26,61,196,194,553,534,540,540,65,90,,80826,95733,N2156.6683,E08523.0607,690,12.91
08-08-2026 15:27,1551,1451,74,1,1140,2742,5,0,0,63,0,3,3,36,43,36,27,-1.6,0.2,2,258,63,63,75,39,75,123,26,61,196,193,555,547,550,547,65,91,,80826,95734,N2156.6720,E08523.0614,690,13.79
08-08-2026 15:27,1613,1423,67,1,1201,2839,5,0,0,63,0,3,3,39,42,34,34,-0.3,-0.3,2,238,64,63,75,38,102,145,26,61,196,193,564,560,564,558,65,90,,80826,95735,N2156.6759,E08523.0621,689.9,14.33
08-08-2026 15:27,1673,987,57,1,1231,2921,5,0,0,62,0,3,3,42,40,29,36,0.9,-0.5,2,163,64,63,75,38,95,160,26,61,196,193,572,561,568,562,65,90,,80826,95736,N2156.6799,E08523.0628,689.9,14.33
08-08-2026 15:27,1696,842,53,1,1252,2950,5,0,0,62,0,2,2,40,43,30,38,0.5,-1.1,2,188,64,63,75,38,68,158,26,61,196,193,570,551,561,555,65,90,,80826,95737,N2156.6841,E08523.0634,689.9,15.1
08-08-2026 15:27,1658,166,40,1,1277,2957,6,0,0,62,0,3,2,38,45,30,39,0.2,-1.6,2,28,63,63,75,37,57,149,26,61,196,193,565,540,552,548,65,90,,80826,95737,N2156.6841,E08523.0634,689.9,15.1
08-08-2026 15:27,1344,368,23,1,1207,2909,6,0,0,62,0,-1,2,38,49,30,28,-1.3,-0.9,2,0,64,63,75,36,23,125,26,61,196,193,555,519,533,532,65,90,,80826,95739,N2156.6926,E08523.0646,690,15.21
08-08-2026 15:27,1206,0,13,1,1185,2822,6,0,0,62,0,-3,3,51,46,31,26,0,1,2,0,64,63,75,34,14,100,26,61,195,193,535,492,506,509,65,90,,80826,95740,N2156.6968,E08523.0654,690,14.83
08-08-2026 15:27,1171,746,58,1,1096,2612,5,0,0,62,0,2,3,36,45,42,36,-1.5,-0.3,2,166,64,63,75,39,23,93,26,61,195,193,516,483,493,495,65,90,,80826,95741,N2156.7007,E08523.0660,690,14.83
08-08-2026 15:27,1509,890,39,1,1108,2593,5,0,0,62,0,6,3,36,35,38,27,-1,1.2,2,162,64,63,75,39,32,93,26,61,195,193,507,486,491,493,65,90,,80826,95742,N2156.7045,E08523.0665,689.9,13.38
08-08-2026 15:27,1553,899,49,1,1125,2732,5,0,0,62,0,-4,3,47,40,18,19,0.8,0.6,2,161,64,63,75,39,41,98,26,61,195,192,505,491,493,495,65,90,,80826,95743,N2156.7083,E08523.0667,690,13.64
08-08-2026 15:27,1539,1048,55,1,1164,2768,5,0,0,62,0,3,4,39,50,26,35,-0.2,-2,2,154,64,63,75,39,47,106,26,61,195,192,507,497,497,498,65,90,,80826,95744,N2156.7121,E08523.0668,689.9,14
08-08-2026 15:27,1613,771,53,1,1181,2829,5,0,0,62,0,3,3,36,50,36,43,-0.7,-2.1,2,131,63,63,75,38,54,114,26,61,195,192,509,501,500,500,65,90,,80826,95745,N2156.7162,E08523.0668,690.2,14.43
08-08-2026 15:27,1675,1011,57,1,1223,2888,5,0,0,62,0,1,3,36,47,36,27,-2,-0.2,2,148,64,63,75,37,60,121,26,61,195,192,512,506,505,503,65,90,,80826,95746,N2156.7203,E08523.0670,690.5,14.43
08-08-2026 15:27,1689,1009,60,1,1258,3006,5,0,0,62,0,1,3,36,46,42,27,-2.5,0.5,2,166,64,63,75,39,62,128,26,61,195,192,515,510,509,505,65,91,,80826,95747,N2156.7246,E08523.0673,690.7,15.28
08-08-2026 15:27,1654,2,42,0,1272,2954,6,0,0,62,0,7,4,39,42,44,39,-0.8,0.2,2,214,64,63,75,38,50,124,26,61,195,192,516,506,508,503,65,90,,80826,95748,N2156.7289,E08523.0678,690.9,15.4
08-08-2026 15:27,1381,749,39,1,1289,2994,6,0,0,62,0,2,3,44,44,36,39,0.3,-0.3,2,153,63,63,75,37,50,122,26,61,195,192,515,507,509,503,65,91,,80826,95749,N2156.7333,E08523.0682,691,15.78
08-08-2026 15:27,1317,749,39,1,1310,3091,6,0,0,62,0,0,3,40,43,31,25,-0.9,0.3,2,21,64,63,75,37,31,116,26,61,195,192,516,503,505,501,65,90,,80826,95750,N2156.7378,E08523.0686,691,16.13
08-08-2026 15:27,1330,283,37,1,1333,3105,6,0,0,62,0,2,3,39,41,28,36,0.6,-1,2,58,63,63,75,37,20,104,26,61,195,192,511,491,495,492,65,90,,80826,95751,N2156.7423,E08523.0690,690.9,16.13
08-08-2026 15:27,1309,268,32,1,1296,3060,6,0,0,62,0,-2,3,39,45,19,33,0.8,-2,2,70,64,63,75,37,17,91,26,61,195,192,503,478,482,481,65,90,,80826,95752,N2156.7468,E08523.0693,691,16.01
08-08-2026 15:27,1287,363,34,1,1297,3042,6,0,0,62,0,0,4,51,58,47,30,-2.4,1,2,77,64,63,75,37,16,85,26,61,195,192,492,466,469,469,65,90,,80826,95753,N2156.7513,E08523.0698,691.2,15.94
08-08-2026 15:27,1268,539,39,1,1293,3034,6,0,0,62,0,6,4,30,37,58,47,-1.8,0.4,2,198,64,63,75,37,24,82,26,61,195,192,483,466,467,465,65,90,,80826,95754,N2156.7557,E08523.0705,691.1,15.73
08-08-2026 15:27,1289,1048,43,1,1257,3070,6,0,0,62,0,-1,6,36,42,21,19,-0.8,-0.4,2,225,63,64,75,37,37,93,26,61,194,191,484,481,479,474,65,90,,80826,95755,N2156.7600,E08523.0716,691.1,15.72
08-08-2026 15:27,1315,987,49,1,1317,3119,6,0,0,62,0,1,5,40,42,32,33,-0.1,-0.3,2,207,64,63,74,16,1,28,26,61,152,150,259,247,243,247,65,90,,80826,95756,N2156.7643,E08523.0729,691.1,15.92
08-08-2026 15:30,658,67,0,0,0,0,0,0,0,61,0,0,12,44,49,38,46,0.3,-1.3,1,29,65,63,74,16,2,28,26,61,152,150,257,245,240,245,65,90,,80826,95758,N2156.7729,E08523.0757,691.1,16.45
08-08-2026 15:30,658,67,0,0,0,0,0,0,0,61,0,0,14,45,51,52,69,1.1,-2.3,3,29,65,63,74,16,2,28,26,61,152,150,255,243,239,244,65,90,,80826,95800,N2156.7816,E08523.0772,691,15.69
08-08-2026 15:30,658,67,0,0,0,0,0,0,0,61,0,0,20,48,54,46,61,0.9,-2.1,3,29,65,63,74,16,2,27,26,61,152,150,253,242,237,242,65,90,,80826,95801,N2156.7860,E08523.0771,691.1,15.44
08-08-2026 15:30,658,89,0,0,0,0,0,0,0,61,0,0,24,48,54,45,60,0.9,-2.1,3,37,65,63,74,16,2,28,26,61,153,151,252,240,235,240,65,90,,80826,95802,N2156.7904,E08523.0762,691.2,15.66
08-08-2026 15:30,658,68,0,0,0,0,0,0,0,61,0,0,26,48,54,45,59,0.8,-2,3,29,65,63,74,16,1,28,26,61,153,151,250,239,234,238,65,91,,80826,95803,N2156.7943,E08523.0747,691.3,14.92
08-08-2026 15:30,658,67,0,0,0,0,0,0,0,61,0,0,25,48,54,45,59,0.8,-2,3,29,65,63,74,16,2,28,26,61,153,151,249,237,232,237,65,91,,80826,95805,N2156.8009,E08523.0688,691.4,15.7
08-08-2026 15:30,659,66,0,0,0,0,0,0,0,61,0,0,25,48,53,45,59,0.9,-1.9,3,29,65,63,74,16,2,28,26,61,153,151,248,237,231,235,65,90,,80826,95806,N2156.8037,E08523.0650,690.9,15.4
08-08-2026 15:30,659,65,0,0,0,0,0,0,0,61,0,0,25,48,53,45,59,0.9,-1.9,3,25,65,63,74,16,2,28,26,61,153,151,247,235,229,234,65,90,,80826,95807,N2156.8064,E08523.0611,690.6,15.82
08-08-2026 15:30,658,87,0,0,0,0,0,0,0,61,0,0,25,48,53,45,59,0.9,-1.9,3,29,65,63,74,16,2,28,26,61,153,151,245,234,228,233,65,90,,80826,95809,N2156.8113,E08523.0534,690.3,15.33
08-08-2026 15:30,658,65,0,0,0,0,0,0,0,61,0,0,25,48,53,45,59,0.9,-1.9,3,29,65,63,74,16,2,28,26,61,153,151,244,233,227,231,65,90,,80826,95811,N2156.8153,E08523.0465,689.9,13.36
08-08-2026 15:30,658,65,0,0,0,0,0,0,0,61,0,0,25,48,53,45,59,0.9,-1.9,3,29,65,63,74,16,2,29,26,61,153,151,243,232,225,230,65,90,,80826,95811,N2156.8153,E08523.0465,689.9,12.47
08-08-2026 15:30,658,66,0,0,0,0,0,0,0,61,0,0,25,48,53,45,59,0.9,-1.9,3,29,65,63,74,16,2,29,26,61,153,151,242,231,224,228,65,90,,1.1,095812.0$GPGGA,N2156.8296,E08523.0096,689.5,1
08-08-2026 15:30,658,65,0,0,0,0,0,0,0,61,0,0,25,48,53,45,59,0.9,-1.9,3,29,65,63,74,16,2,29,26,61,153,151,241,230,223,227,65,90,,80826,100047,N2156.8296,E08523.0096,688.4,0
08-08-2026 15:30,658,65,0,0,0,0,0,0,0,61,0,0,25,47,53,45,59,0.8,-2,3,29,65,63,74,16,2,29,26,61,153,151,240,229,222,226,65,90,,80826,100049,N2156.8296,E08523.0096,688.3,0
08-08-2026 15:31,658,65,0,0,0,0,0,0,0,61,0,0,24,47,53,45,59,0.8,-2,3,29,65,63,74,16,2,29,26,61,153,150,239,228,221,225,65,90,,80826,100050,N2156.8296,E08523.0096,688.3,0
08-08-2026 15:31,658,65,0,0,0,0,0,0,0,61,0,0,24,47,53,45,59,0.8,-2,3,29,65,63,74,16,2,28,26,61,153,151,238,227,220,224,65,90,,80826,100051,N2156.8296,E08523.0096,688.3,0
08-08-2026 15:31,658,66,0,0,0,0,0,0,0,61,0,0,24,47,53,45,59,0.8,-2,3,29,65,63,74,17,2,28,26,61,153,151,237,227,219,223,65,90,,80826,100052,N2156.8296,E08523.0096,688.3,0
08-08-2026 15:31,658,65,0,0,0,0,0,0,0,61,0,0,24,47,53,45,59,0.8,-2,3,29,65,63,74,16,2,28,26,61,153,151,237,226,218,222,65,91,,80826,100054,N2156.8296,E08523.0096,688.3,0
08-08-2026 15:31,658,66,0,0,0,0,0,0,0,61,0,0,24,47,53,45,59,0.8,-2,3,29,65,63,74,16,2,28,26,61,153,151,236,225,218,221,65,90,,80826,100056,N2156.8296,E08523.0096,688.3,0
08-08-2026 15:31,658,65,0,0,0,0,0,0,0,61,0,0,24,47,53,45,59,0.8,-2,3,29,65,63,74,16,2,28,26,61,153,150,235,224,217,220,65,90,,80826,100056,N2156.8296,E08523.0096,688.3,0
08-08-2026 15:31,658,87,0,0,0,0,0,0,0,61,0,0,24,47,53,45,59,0.8,-2,3,29,65,63,74,16,2,28,26,61,153,151,234,224,216,220,65,90,,80826,100058,N2156.8296,E08523.0096,688.3,0
08-08-2026 15:31,657,68,0,0,0,0,0,0,0,61,0,0,24,47,53,45,59,0.8,-2,3,29,65,63,74,16,2,28,26,61,153,151,234,223,215,219,65,90,,80826,100100,N2156.8296,E08523.0096,688.4,0
08-08-2026 15:31,657,68,0,0,0,0,0,0,0,61,0,0,24,47,53,45,59,0.8,-2,3,38,65,63,74,16,2,29,26,61,153,150,233,223,215,218,65,90,,80826,100101,N2156.8296,E08523.0096,688.4,0
08-08-2026 15:31,658,90,0,0,0,0,0,0,0,61,0,0,24,47,53,45,59,0.8,-2,3,37,65,63,74,16,2,29,26,61,153,151,232,222,214,218,65,90,,80826,100102,N2156.8296,E08523.0096,688.4,0
08-08-2026 15:31,658,67,0,0,0,0,0,0,0,61,0,0,24,47,53,45,59,0.8,-2,3,29,65,63,74,16,2,29,26,61,153,150,232,222,214,218,65,90,,80826,100104,N2156.8296,E08523.0096,688.4,0
08-08-2026 15:31,658,90,0,0,0,0,0,0,0,61,0,0,24,47,53,45,59,0.8,-2,3,29,65,63,74,16,2,28,26,61,153,150,231,221,214,217,65,90,,80826,100105,N2156.8296,E08523.0096,688.4,0
08-08-2026 15:31,658,67,0,0,0,0,0,0,0,61,0,0,24,47,53,45,59,0.8,-2,3,29,65,63,74,16,2,29,26,61,153,150,231,221,213,216,65,90,,80826,100106,N2156.8296,E08523.0096,688.4,0
08-08-2026 15:31,658,68,0,0,0,0,0,0,0,61,0,0,24,47,53,45,60,0.9,-2.1,3,29,65,63,74,16,1,29,26,61,153,150,231,221,212,216,65,91,,80826,100107,N2156.8296,E08523.0096,688.4,0
08-08-2026 15:31,658,67,0,0,0,0,0,0,0,61,0,0,24,47,53,45,60,0.9,-2.1,3,29,65,63,74,17,2,29,26,61,153,150,230,220,212,215,65,90,,80826,100109,N2156.8296,E08523.0096,688.4,0
08-08-2026 15:31,658,67,0,0,0,0,0,0,0,61,0,0,25,47,53,49,67,1.2,-2.4,3,29,65,63,74,16,2,29,26,61,153,150,229,220,211,215,65,90,,80826,100111,N2156.8296,E08523.0096,688.4,0
08-08-2026 15:31,658,67,0,0,0,0,0,0,0,61,0,0,27,48,55,54,74,1.3,-2.7,3,29,65,63,74,16,1,29,26,61,153,150,229,219,211,214,65,91,,80826,100111,N2156.8296,E08523.0096,688.4,0
08-08-2026 15:31,658,67,0,0,0,0,0,0,0,61,0,0,31,51,55,56,73,1.3,-2.1,3,29,65,63,74,16,1,29,26,61,153,150,230,219,211,214,65,90,,80826,100113,N2156.8296,E08523.0096,688.4,0
08-08-2026 15:31,658,67,0,0,0,0,0,0,0,61,0,0,34,51,55,56,73,1.3,-2.1,3,29,65,63,74,17,1,29,26,61,152,150,228,219,211,214,65,91,,80826,100115,N2156.8296,E08523.0096,688.4,0
08-08-2026 15:31,657,67,0,0,0,0,0,0,0,61,0,0,35,51,55,55,73,1.4,-2.2,3,29,65,63,74,17,2,29,26,61,153,150,228,218,210,213,65,90,,80826,100116,N2156.8296,E08523.0096,688.4,0
08-08-2026 15:31,658,68,0,0,0,0,0,0,0,61,0,0,35,50,55,55,72,1.2,-2.2,3,37,65,63,74,17,2,29,26,61,153,150,228,218,210,213,65,90,,80826,100117,N2156.8296,E08523.0096,688.4,0
08-08-2026 15:31,658,67,0,0,0,0,0,0,0,61,0,0,34,50,55,55,72,1.2,-2.2,3,29,65,63,74,17,2,29,26,61,153,150,227,218,209,212,65,91,,80826,100119,N2156.8296,E08523.0095,688.4,0
08-08-2026 15:31,659,65,0,0,0,0,0,0,0,61,0,0,34,50,55,55,72,1.2,-2.2,3,29,65,63,74,17,2,29,26,61,153,150,227,217,209,212,65,90,,80826,100120,N2156.8296,E08523.0095,688.4,0
08-08-2026 15:31,658,65,0,0,0,0,0,0,0,61,0,0,34,50,55,55,72,1.2,-2.2,3,29,65,63,73,17,2,29,26,61,153,150,226,216,208,212,65,90,,80826,100121,N2156.8296,E08523.0095,688.4,0
08-08-2026 15:31,658,65,0,0,0,0,0,0,0,61,0,0,34,50,55,55,72,1.2,-2.2,3,29,65,63,73,17,2,29,26,61,152,150,226,216,208,211,65,90,,80826,100122,N2156.8296,E08523.0095,688.4,0
08-08-2026 15:31,658,66,0,0,0,0,0,0,0,61,0,0,34,50,54,54,72,1.4,-2.2,3,29,65,63,73,17,1,29,26,61,152,150,226,215,208,211,65,90,,80826,100124,N2156.8296,E08523.0095,688.4,0
08-08-2026 15:31,659,65,0,0,0,0,0,0,0,61,0,0,34,50,54,54,72,1.4,-2.2,3,29,65,63,73,17,2,29,26,61,153,150,224,215,207,210,65,90,,80826,100126,N2156.8296,E08523.0095,688.4,0
08-08-2026 15:31,658,87,0,0,0,0,0,0,0,61,0,0,34,50,54,54,72,1.4,-2.2,3,29,65,63,73,17,2,29,26,61,153,150,225,215,207,210,65,90,,80826,100126,N2156.8296,E08523.0095,688.4,0
08-08-2026 15:31,658,65,0,0,0,0,0,0,0,61,0,0,34,50,54,54,72,1.4,-2.2,3,29,65,63,73,17,2,29,26,61,153,150,227,214,206,209,65,90,,80826,100128,N2156.8296,E08523.0095,688.4,0
08-08-2026 15:31,658,65,0,0,0,0,0,0,0,61,0,0,34,50,54,54,72,1.4,-2.2,3,25,65,63,73,17,1,29,26,61,152,150,224,214,206,209,65,91,,80826,100130,N2156.8296,E08523.0095,688.4,0
08-08-2026 15:31,658,87,0,0,0,0,0,0,0,61,0,0,34,50,54,54,72,1.4,-2.2,3,37,65,63,73,17,2,29,26,61,152,150,224,214,205,208,65,90,,80826,100131,N2156.8296,E08523.0095,688.4,0
08-08-2026 15:31,658,87,0,0,0,0,0,0,0,61,0,0,34,50,54,54,72,1.4,-2.2,3,25,65,63,73,17,2,29,26,61,152,150,223,213,205,208,65,91,,80826,100132,N2156.8296,E08523.0095,688.4,0
08-08-2026 15:31,658,87,0,0,0,0,0,0,0,61,0,0,34,50,54,54,72,1.4,-2.2,3,37,65,63,73,17,2,29,26,61,152,150,223,213,205,208,65,90,,80826,100133,N2156.8296,E08523.0095,688.4,0
08-08-2026 15:31,658,87,0,0,0,0,0,0,0,61,0,0,34,50,54,54,72,1.4,-2.2,3,37,65,63,73,17,2,29,26,61,152,150,224,212,205,207,65,90,,80826,100134,N2156.8296,E08523.0095,688.4,0
08-08-2026 15:31,658,65,0,0,0,0,0,0,0,61,0,0,34,50,54,54,72,1.4,-2.2,3,25,65,63,73,17,2,29,26,61,152,150,222,212,204,207,65,90,,80826,100135,N2156.8296,E08523.0095,688.4,0
08-08-2026 15:31,658,65,0,0,0,0,0,0,0,61,0,0,34,50,54,54,72,1.4,-2.2,3,29,65,63,73,17,2,29,26,61,152,150,224,211,203,206,65,90,,80826,100136,N2156.8296,E08523.0095,688.4,0
08-08-2026 15:31,658,65,0,0,0,0,0,0,0,61,0,0,34,50,54,54,72,1.4,-2.2,3,29,65,63,73,17,2,29,26,61,152,150,223,211,203,206,65,90,,80826,100137,N2156.8296,E08523.0095,688.4,0
08-08-2026 15:31,656,67,0,0,0,0,0,0,0,61,0,0,34,50,54,54,72,1.4,-2.2,3,29,65,63,73,17,2,29,26,61,152,150,221,211,203,206,65,91,,80826,100138,N2156.8296,E08523.0095,688.4,0
08-08-2026 15:31,657,68,0,0,0,0,0,0,0,61,0,0,34,50,54,54,73,1.5,-2.3,3,29,65,63,73,17,2,29,26,61,152,150,221,211,203,206,65,90,,80826,100139,N2156.8296,E08523.0095,688.4,0
08-08-2026 15:31,657,68,0,0,0,0,0,0,0,61,0,0,34,50,54,54,73,1.5,-2.3,3,37,65,63,73,17,2,29,26,61,152,150,221,211,203,206,65,90,,80826,100140,N2156.8296,E08523.0095,688.5,0
08-08-2026 15:31,658,68,0,0,0,0,0,0,0,61,0,0,34,50,54,54,72,1.4,-2.2,3,29,65,63,73,17,2,30,26,61,152,150,221,211,202,205,65,90,,80826,100141,N2156.8296,E08523.0095,688.5,0
08-08-2026 15:31,658,68,0,0,0,0,0,0,0,61,0,0,34,50,54,54,72,1.4,-2.2,3,29,65,63,73,17,2,30,26,61,152,150,222,210,202,205,65,90,,80826,100142,N2156.8296,E08523.0095,688.5,0
08-08-2026 15:31,658,67,0,0,0,0,0,0,0,61,0,0,34,50,54,55,73,1.4,-2.2,3,29,65,63,73,17,1,30,26,61,152,150,221,210,202,205,65,91,,80826,100143,N2156.8296,E08523.0095,688.5,0
08-08-2026 15:31,657,67,0,0,0,0,0,0,0,61,0,0,35,55,59,61,84,1.9,-2.7,3,29,65,63,73,17,2,30,26,61,152,149,221,209,202,205,65,90,,80826,100144,N2156.8296,E08523.0095,688.5,0
08-08-2026 15:31,658,67,0,0,0,0,0,0,0,61,0,0,39,57,63,61,85,1.8,-3,3,29,65,63,73,17,2,29,26,61,152,150,221,210,202,205,65,90,,80826,100145,N2156.8296,E08523.0095,688.5,0
08-08-2026 15:31,658,67,0,0,0,0,0,0,0,61,0,0,43,57,63,61,86,1.9,-3.1,3,29,65,63,73,17,2,29,26,61,152,149,221,209,202,205,65,90,,80826,100146,N2156.8296,E08523.0095,688.5,0
08-08-2026 15:31,659,66,0,0,0,0,0,0,0,61,0,0,46,57,62,61,86,2,-3,3,29,65,63,73,17,2,30,26,61,152,150,221,209,202,204,65,90,,80826,100147,N2156.8296,E08523.0095,688.5,0
08-08-2026 15:31,658,90,0,0,0,0,0,0,0,61,0,0,46,56,62,60,86,2,-3.2,3,37,65,63,73,17,2,30,26,61,152,149,221,209,201,204,65,90,,80826,100148,N2156.8296,E08523.0095,688.5,0
08-08-2026 15:31,658,90,0,0,0,0,0,0,0,61,0,0,46,56,62,60,85,1.9,-3.1,3,37,65,63,73,17,2,29,26,61,151,149,220,209,201,204,65,90,,80826,100149,N2156.8296,E08523.0095,688.5,0
08-08-2026 15:31,657,67,0,0,0,0,0,0,0,61,0,0,46,56,62,60,85,1.9,-3.1,3,38,65,63,73,17,2,29,26,61,152,149,220,208,201,204,65,90,,80826,100150,N2156.8296,E08523.0095,688.5,0
08-08-2026 15:31,658,67,0,0,0,0,0,0,0,61,0,0,45,56,62,60,85,1.9,-3.1,3,29,65,63,73,17,2,29,26,61,152,149,219,208,201,204,65,90,,80826,100151,N2156.8296,E08523.0095,688.5,0
08-08-2026 15:31,657,90,0,0,0,0,0,0,0,61,0,0,45,56,62,60,85,1.9,-3.1,3,38,65,63,73,17,2,29,26,61,151,149,219,208,201,204,65,90,,80826,100152,N2156.8296,E08523.0095,688.5,0
08-08-2026 15:31,659,66,0,0,0,0,0,0,0,61,0,0,45,56,62,60,85,1.9,-3.1,3,29,65,63,73,17,2,29,26,61,151,149,218,208,201,203,65,90,,80826,100153,N2156.8296,E08523.0095,688.5,0
08-08-2026 15:31,659,65,0,0,0,0,0,0,0,61,0,0,45,56,62,60,85,1.9,-3.1,3,29,65,63,73,17,2,28,26,61,151,149,218,208,200,203,65,90,,80826,100154,N2156.8296,E08523.0095,688.5,0
08-08-2026 15:31,659,65,0,0,0,0,0,0,0,61,0,0,45,56,62,60,85,1.9,-3.1,3,25,65,63,73,17,2,28,26,61,151,149,218,208,200,203,65,90,,80826,100155,N2156.8296,E08523.0095,688.5,0
08-08-2026 15:31,658,66,0,0,0,0,0,0,0,61,0,0,45,56,61,60,85,2,-3,3,29,65,63,73,17,1,28,26,61,151,149,219,207,199,202,65,90,,80826,100156,N2156.8296,E08523.0095,688.5,0
08-08-2026 15:31,658,87,0,0,0,0,0,0,0,61,0,0,45,56,61,60,85,2,-3,3,37,65,63,73,17,2,29,26,61,151,148,218,207,199,202,65,90,,80826,100157,N2156.8296,E08523.0095,688.5,0
08-08-2026 15:31,658,65,0,0,0,0,0,0,0,61,0,0,45,55,61,60,85,1.9,-3.1,3,29,65,63,73,17,2,28,26,61,151,148,217,206,199,202,65,90,,80826,100158,N2156.8296,E08523.0095,688.5,0
08-08-2026 15:31,659,65,0,0,0,0,0,0,0,61,0,0,45,55,61,60,85,1.9,-3.1,3,25,65,63,73,17,2,28,26,61,151,148,218,206,198,201,65,90,,80826,100159,N2156.8296,E08523.0095,688.5,0
08-08-2026 15:32,658,65,0,0,0,0,0,0,0,61,0,0,45,55,61,60,85,1.9,-3.1,3,29,65,63,73,17,2,29,26,61,151,148,217,206,198,201,65,90,,80826,100200,N2156.8296,E08523.0095,688.5,0
08-08-2026 15:32,658,65,0,0,0,0,0,0,0,61,0,0,45,55,61,60,85,1.9,-3.1,3,25,65,63,73,17,1,28,26,60,151,148,217,205,198,201,65,91,,80826,100201,N2156.8296,E08523.0095,688.5,0
08-08-2026 15:32,658,65,0,0,0,0,0,0,0,61,0,0,44,55,61,60,85,1.9,-3.1,3,29,65,62,73,17,1,28,26,60,151,148,217,205,197,201,65,90,,80826,100202,N2156.8296,E08523.0095,688.5,0
08-08-2026 15:32,658,65,0,0,0,0,0,0,0,61,0,0,44,55,61,60,85,1.9,-3.1,3,29,65,62,73,17,2,28,26,61,151,148,216,205,197,200,65,90,,80826,100203,N2156.8296,E08523.0095,688.5,0
08-08-2026 15:32,658,87,0,0,0,0,0,0,0,61,0,0,44,55,61,60,85,1.9,-3.1,3,25,65,63,73,17,2,28,26,61,151,148,216,205,197,200,65,90,,80826,100204,N2156.8296,E08523.0095,688.5,0
08-08-2026 15:32,657,88,0,0,0,0,0,0,0,61,0,0,44,55,61,60,85,1.9,-3.1,3,38,65,62,73,17,2,28,26,61,151,148,215,205,197,200,65,90,,80826,100205,N2156.8296,E08523.0095,688.5,0
08-08-2026 15:32,656,67,0,0,0,0,0,0,0,61,0,0,44,55,61,60,85,1.9,-3.1,3,29,65,63,73,17,1,28,26,60,151,148,215,205,196,199,65,91,,80826,100206,N2156.8296,E08523.0095,688.5,0
08-08-2026 15:32,657,90,0,0,0,0,0,0,0,61,0,0,44,55,61,60,85,1.9,-3.1,3,38,65,62,73,17,2,29,26,60,151,148,214,205,196,199,65,90,,80826,100207,N2156.8296,E08523.0095,688.5,0
08-08-2026 15:32,658,68,0,0,0,0,0,0,0,61,0,0,44,55,61,60,85,1.9,-3.1,3,29,65,62,73,17,1,28,26,61,151,148,215,205,196,199,65,91,,80826,100208,N2156.8296,E08523.0095,688.5,0
08-08-2026 15:32,660,87,0,0,0,0,0,0,0,61,0,0,44,55,61,60,85,1.9,-3.1,3,25,65,62,73,17,1,28,26,61,151,148,215,204,196,199,65,91,,80826,100209,N2156.8296,E08523.0095,688.5,0
08-08-2026 15:32,659,65,0,0,0,0,0,0,0,61,0,0,44,55,62,60,86,1.9,-3.3,3,25,65,62,73,17,1,28,26,60,151,148,212,204,196,199,65,91,,80826,100210,N2156.8296,E08523.0095,688.5,0
08-08-2026 15:32,658,65,0,0,0,0,0,0,0,61,0,0,46,59,66,63,92,2.2,-3.6,3,25,65,62,73,17,1,28,26,60,151,148,213,204,195,199,65,90,,80826,100211,N2156.8296,E08523.0095,688.5,0
08-08-2026 15:32,658,66,0,0,0,0,0,0,0,61,0,0,49,64,71,66,95,2.2,-3.6,3,29,65,62,73,17,1,29,26,60,151,148,213,204,195,199,65,91,,80826,100212,N2156.8296,E08523.0095,688.5,0
08-08-2026 15:32,658,65,0,0,0,0,0,0,0,61,0,0,54,65,71,69,95,2,-3.2,3,29,65,62,73,17,2,29,26,60,151,148,212,204,195,198,65,90,,80826,100213,N2156.8296,E08523.0095,688.5,0
08-08-2026 15:32,658,65,0,0,0,0,0,0,0,61,0,0,57,65,70,68,96,2.3,-3.3,3,29,65,62,73,17,2,28,26,60,151,148,211,203,195,198,65,90,,80826,100214,N2156.8296,E08523.0095,688.6,0
08-08-2026 15:32,658,65,0,0,0,0,0,0,0,61,0,0,59,65,70,68,95,2.2,-3.2,3,29,65,62,73,17,1,28,26,60,151,148,211,203,195,198,65,91,,80826,100215,N2156.8296,E08523.0095,688.5,0
08-08-2026 15:32,658,66,0,0,0,0,0,0,0,61,0,0,59,65,70,67,95,2.3,-3.3,3,25,65,62,73,17,2,28,26,60,151,148,211,203,194,198,65,90,,80826,100216,N2156.8296,E08523.0095,688.5,0
08-08-2026 15:32,658,65,0,0,0,0,0,0,0,61,0,0,58,65,70,67,95,2.3,-3.3,3,25,65,62,73,17,2,28,26,60,151,148,211,202,194,197,65,90,,80826,100217,N2156.8296,E08523.0095,688.5,0
08-08-2026 15:32,657,65,0,0,0,0,0,0,0,61,0,0,58,65,70,67,95,2.3,-3.3,3,29,65,62,73,17,2,28,26,60,151,148,210,202,194,197,65,90,,80826,100218,N2156.8296,E08523.0095,688.5,0
08-08-2026 15:32,658,66,0,0,0,0,0,0,0,61,0,0,58,64,70,67,95,2.2,-3.4,3,29,65,62,73,17,2,28,26,60,151,148,211,202,193,197,65,90,,80826,100219,N2156.8296,E08523.0095,688.5,0
08-08-2026 15:32,658,87,0,0,0,0,0,0,0,61,0,0,58,64,70,67,95,2.2,-3.4,3,37,65,62,73,17,2,28,26,60,151,148,210,202,193,197,65,90,,80826,100220,N2156.8296,E08523.0095,688.6,0
08-08-2026 15:32,658,87,0,0,0,0,0,0,0,61,0,0,57,64,69,67,95,2.3,-3.3,3,37,65,62,73,17,2,28,26,61,151,148,211,202,193,196,65,91,,80826,100221,N2156.8296,E08523.0095,688.6,0
08-08-2026 15:32,658,87,0,0,0,0,0,0,0,61,0,0,57,64,69,67,95,2.3,-3.3,3,37,65,62,73,17,1,28,26,61,150,148,210,202,193,196,65,91,,80826,100222,N2156.8296,E08523.0095,688.6,0
08-08-2026 15:32,658,65,0,0,0,0,0,0,0,61,0,0,57,64,69,67,95,2.3,-3.3,3,29,65,62,72,17,2,28,27,60,150,147,209,201,193,196,65,90,,80826,100223,N2156.8296,E08523.0095,688.6,0
08-08-2026 15:32,658,87,0,0,0,0,0,0,0,61,0,0,57,64,69,67,95,2.3,-3.3,3,37,65,62,72,17,1,28,27,60,150,147,209,201,193,196,65,91,,80826,100224,N2156.8296,E08523.0095,688.6,0
08-08-2026 15:32,658,66,0,0,0,0,0,0,0,61,0,0,57,64,69,67,95,2.3,-3.3,3,29,65,62,72,17,2,28,27,60,151,147,209,201,193,196,65,91,,80826,100225,N2156.8296,E08523.0095,688.6,0
08-08-2026 15:32,659,65,0,0,0,0,0,0,0,61,0,0,57,64,69,66,95,2.4,-3.4,3,25,65,62,72,17,2,28,27,60,150,147,208,201,192,195,65,90,,80826,100226,N2156.8296,E08523.0095,688.6,0
08-08-2026 15:32,658,67,0,0,0,0,0,0,0,61,0,0,57,63,69,66,95,2.3,-3.5,3,29,65,62,72,17,1,28,27,60,150,147,207,201,192,195,65,90,,80826,100227,N2156.8296,E08523.0095,688.6,0
08-08-2026 15:32,657,67,0,0,0,0,0,0,0,61,0,0,57,63,69,66,95,2.3,-3.5,3,29,65,62,72,17,2,28,27,60,150,147,208,201,192,195,65,90,,80826,100228,N2156.8296,E08523.0095,688.6,0
08-08-2026 15:32,657,68,0,0,0,0,0,0,0,61,0,0,57,63,69,66,95,2.3,-3.5,3,29,65,62,72,17,2,29,27,60,150,147,207,201,192,195,65,90,,80826,100229,N2156.8296,E08523.0095,688.6,0
08-08-2026 15:32,658,90,0,0,0,0,0,0,0,61,0,0,56,63,68,66,95,2.4,-3.4,3,37,65,62,72,17,2,29,27,60,150,147,208,200,192,195,65,90,,80826,100230,N2156.8296,E08523.0095,688.6,0
08-08-2026 15:32,658,67,0,0,0,0,0,0,0,61,0,0,56,63,68,66,95,2.4,-3.4,3,29,65,62,72,17,1,29,27,60,150,147,207,201,192,195,65,91,,80826,100231,N2156.8296,E08523.0095,688.6,0
08-08-2026 15:32,658,67,0,0,0,0,0,0,0,61,0,0,56,63,68,66,95,2.4,-3.4,3,29,64,62,72,17,2,29,27,60,150,147,208,200,192,195,65,90,,80826,100232,N2156.8296,E08523.0095,688.6,0
08-08-2026 15:32,657,67,0,0,0,0,0,0,0,61,0,0,56,63,68,66,95,2.4,-3.4,3,29,65,62,72,17,2,29,27,60,150,147,207,200,192,195,65,90,,80826,100233,N2156.8296,E08523.0095,688.6,0
08-08-2026 15:32,658,67,0,0,0,0,0,0,0,61,0,0,56,63,68,66,95,2.4,-3.4,3,29,65,62,72,17,2,29,27,60,150,147,207,200,192,195,65,90,,80826,100234,N2156.8296,E08523.0095,688.6,0
08-08-2026 15:32,658,68,0,0,0,0,0,0,0,61,0,0,56,63,68,66,95,2.4,-3.4,3,37,65,62,72,17,2,29,27,60,150,147,207,200,192,195,65,90,,80826,100235,N2156.8296,E08523.0095,688.6,0
08-08-2026 15:32,658,90,0,0,0,0,0,0,0,61,0,0,56,63,68,66,95,2.4,-3.4,3,37,65,62,72,17,2,29,27,60,150,147,207,199,192,195,65,90,,80826,100236,N2156.8296,E08523.0095,688.6,0
08-08-2026 15:32,658,90,0,0,0,0,0,0,0,61,0,0,56,63,68,67,96,2.4,-3.4,3,37,65,62,72,17,2,28,27,60,150,147,208,199,192,195,65,90,,80826,100237,N2156.8296,E08523.0095,688.6,0
08-08-2026 15:32,658,90,0,0,0,0,0,0,0,61,0,0,58,69,73,75,108,2.9,-3.7,3,37,65,62,72,17,2,28,27,60,150,147,207,199,192,195,65,90,,80826,100238,N2156.8296,E08523.0095,688.6,0
08-08-2026 15:32,658,90,0,0,0,0,0,0,0,61,0,0,62,69,73,80,110,2.6,-3.4,3,37,65,62,72,17,1,29,27,60,150,147,207,199,192,195,65,91,,80826,100239,N2156.8296,E08523.0095,688.6,0
08-08-2026 15:32,658,68,0,0,0,0,0,0,0,61,0,0,68,69,73,81,111,2.6,-3.4,3,29,65,62,72,17,1,29,27,60,150,147,207,199,192,195,65,91,,80826,100240,N2156.8296,E08523.0095,688.6,0
08-08-2026 15:32,658,68,0,0,0,0,0,0,0,61,0,0,71,68,73,81,111,2.5,-3.5,3,29,65,62,72,17,2,29,27,60,150,147,206,199,191,194,65,90,,80826,100241,N2156.8296,E08523.0095,688.6,0
08-08-2026 15:32,658,67,0,0,0,0,0,0,0,61,0,0,72,68,73,80,111,2.6,-3.6,3,29,65,62,72,17,2,29,27,60,150,147,206,199,191,194,65,90,,80826,100243,N2156.8296,E08523.0095,688.6,0
08-08-2026 15:32,658,67,0,0,0,0,0,0,0,61,0,0,71,68,72,80,110,2.6,-3.4,3,29,64,62,72,17,2,29,27,60,150,147,206,199,191,194,65,90,,80826,100244,N2156.8296,E08523.0095,688.6,0
08-08-2026 15:32,658,67,0,0,0,0,0,0,0,61,0,0,71,68,72,80,110,2.6,-3.4,3,29,65,62,72,17,2,29,27,60,150,147,206,198,191,194,65,90,,80826,100245,N2156.8296,E08523.0095,688.6,0
08-08-2026 15:32,658,68,0,0,0,0,0,0,0,61,0,0,71,68,72,80,110,2.6,-3.4,3,29,64,62,72,17,2,28,27,60,150,147,206,198,191,194,65,90,,80826,100246,N2156.8296,E08523.0095,688.6,0
08-08-2026 15:32,657,68,0,0,0,0,0,0,0,61,0,0,71,68,72,80,110,2.6,-3.4,3,29,64,62,72,17,2,28,27,60,150,147,205,198,191,194,65,90,,80826,100246,N2156.8296,E08523.0095,688.6,0
08-08-2026 15:32,658,67,0,0,0,0,0,0,0,61,0,0,70,68,72,80,110,2.6,-3.4,3,29,65,62,72,17,1,28,27,60,150,146,207,198,191,194,65,90,,80826,100248,N2156.8296,E08523.0095,688.6,0
08-08-2026 15:32,658,67,0,0,0,0,0,0,0,61,0,0,70,68,72,80,110,2.6,-3.4,3,29,64,62,72,17,2,28,27,60,150,146,205,198,191,194,65,90,,80826,100249,N2156.8296,E08523.0095,688.6,0
08-08-2026 15:32,657,67,0,0,0,0,0,0,0,61,0,0,70,68,72,80,110,2.6,-3.4,3,29,64,62,72,17,1,28,27,60,150,146,206,198,191,194,65,91,,80826,100250,N2156.8296,E08523.0095,688.6,0
08-08-2026 15:32,658,68,0,0,0,0,0,0,0,61,0,0,70,68,72,79,110,2.7,-3.5,3,29,64,62,72,17,2,28,27,60,150,146,205,198,191,193,65,90,,80826,100251,N2156.8296,E08523.0095,688.6,0
08-08-2026 15:32,658,68,0,0,0,0,0,0,0,61,0,0,70,67,72,79,110,2.6,-3.6,3,29,64,62,72,17,2,28,27,60,150,146,203,198,191,193,65,91,,80826,100251,N2156.8296,E08523.0095,688.6,0
08-08-2026 15:32,658,68,0,0,0,0,0,0,0,61,0,0,70,67,72,79,110,2.6,-3.6,3,29,64,62,72,17,2,27,27,60,150,146,204,197,190,193,65,90,,80826,100253,N2156.8296,E08523.0095,688.6,0
08-08-2026 15:32,657,68,0,0,0,0,0,0,0,61,0,0,70,67,72,79,110,2.6,-3.6,3,29,64,62,72,17,2,28,27,60,150,146,203,197,190,193,65,90,,80826,100254,N2156.8296,E08523.0095,688.6,0
08-08-2026 15:32,657,68,0,0,0,0,0,0,0,61,0,0,70,67,72,79,110,2.6,-3.6,3,29,64,62,72,17,2,28,27,60,149,146,205,197,190,193,65,90,,80826,100255,N2156.8296,E08523.0095,688.6,0
08-08-2026 15:32,658,68,0,0,0,0,0,0,0,61,0,0,70,67,72,79,110,2.6,-3.6,3,29,64,62,72,17,2,28,27,60,149,146,204,197,190,193,65,90,,80826,100256,N2156.8296,E08523.0095,688.6,0
08-08-2026 15:32,658,67,0,0,0,0,0,0,0,61,0,0,70,67,71,79,110,2.7,-3.5,3,29,64,62,72,17,2,27,27,60,149,146,204,197,190,193,65,90,,80826,100256,N2156.8296,E08523.0095,688.6,0
08-08-2026 15:32,658,68,0,0,0,0,0,0,0,61,0,0,70,67,71,79,110,2.7,-3.5,3,29,64,62,72,17,2,28,27,60,149,146,203,197,190,193,65,90,,80826,100258,N2156.8296,E08523.0095,688.6,0
08-08-2026 15:32,658,68,0,0,0,0,0,0,0,61,0,0,70,67,71,79,110,2.7,-3.5,3,29,64,62,72,17,1,28,27,60,149,146,203,196,190,193,65,90,,80826,100259,N2156.8296,E08523.0095,688.6,0
08-08-2026 15:32,658,67,0,0,0,0,0,0,0,61,0,0,70,67,71,79,110,2.7,-3.5,3,29,64,62,72,17,2,28,27,60,149,146,203,196,190,193,65,90,,80826,100300,N2156.8296,E08523.0095,688.6,0
08-08-2026 15:33,658,68,0,0,0,0,0,0,0,61,0,0,70,67,71,79,110,2.7,-3.5,3,29,64,62,72,17,1,27,27,60,149,145,203,196,190,193,65,91,,80826,100301,N2156.8296,E08523.0095,688.6,0
08-08-2026 15:33,658,68,0,0,0,0,0,0,0,61,0,0,70,67,71,79,110,2.7,-3.5,3,29,64,62,72,17,1,27,27,60,149,145,203,196,190,193,65,90,,80826,100301,N2156.8296,E08523.0095,688.6,0
08-08-2026 15:33,658,67,0,0,0,0,0,0,0,61,0,0,70,67,71,79,110,2.7,-3.5,3,29,64,62,72,17,1,28,27,60,149,145,204,196,190,192,65,90,,80826,100303,N2156.8296,E08523.0095,688.6,0
08-08-2026 15:33,658,67,0,0,0,0,0,0,0,61,0,0,70,67,71,79,110,2.7,-3.5,3,29,64,62,72,17,2,28,27,60,149,145,201,196,190,192,65,90,,80826,100304,N2156.8296,E08523.0095,688.6,0
08-08-2026 15:33,657,68,0,0,0,0,0,0,0,61,0,0,70,67,71,79,110,2.7,-3.5,3,38,64,62,72,17,2,28,27,60,149,145,203,196,189,192,65,90,,80826,100305,N2156.8296,E08523.0095,688.6,0
08-08-2026 15:33,658,67,0,0,0,0,0,0,0,61,0,0,69,67,71,79,110,2.7,-3.5,3,29,64,62,72,17,1,27,27,60,149,145,202,196,190,192,65,90,,80826,100306,N2156.8296,E08523.0095,688.6,0
08-08-2026 15:33,657,68,0,0,0,0,0,0,0,61,0,0,69,67,71,79,110,2.7,-3.5,3,29,64,62,72,17,1,28,27,60,149,145,204,195,189,192,65,90,,80826,100306,N2156.8296,E08523.0095,688.6,0
08-08-2026 15:33,658,68,0,0,0,0,0,0,0,61,0,0,69,67,71,79,110,2.7,-3.5,3,29,64,62,72,17,2,28,27,60,148,145,202,195,189,192,65,90,,80826,100308,N2156.8296,E08523.0095,688.6,0
08-08-2026 15:33,658,67,0,0,0,0,0,0,0,61,0,0,69,66,71,79,110,2.6,-3.6,3,29,64,62,72,17,2,28,27,60,149,145,202,195,189,192,64,90,,80826,100309,N2156.8296,E08523.0095,688.6,0
08-08-2026 15:33,658,91,0,0,0,0,0,0,0,61,0,0,69,66,71,79,110,2.6,-3.6,3,37,64,62,72,17,2,28,27,60,149,145,202,195,189,191,64,91,,80826,100310,N2156.8296,E08523.0095,688.6,0
08-08-2026 15:33,658,67,0,0,0,0,0,0,0,61,0,0,69,66,71,79,110,2.6,-3.6,3,29,64,62,72,17,2,28,27,60,148,145,202,195,189,191,64,90,,80826,100311,N2156.8296,E08523.0095,688.6,0
08-08-2026 15:33,658,90,0,0,0,0,0,0,0,61,0,0,69,66,71,79,110,2.6,-3.6,3,37,64,62,72,17,2,28,27,60,148,145,201,194,189,191,64,90,,80826,100311,N2156.8296,E08523.0095,688.6,0
08-08-2026 15:33,657,91,0,0,0,0,0,0,0,61,0,0,69,66,71,79,110,2.6,-3.6,3,38,64,62,72,17,2,28,27,60,148,145,202,195,189,191,64,90,,80826,100313,N2156.8296,E08523.0095,688.6,0
08-08-2026 15:33,658,68,0,0,0,0,0,0,0,61,0,0,69,66,71,79,110,2.6,-3.6,3,29,64,62,72,17,1,28,27,60,148,145,201,194,189,191,64,91,,80826,100314,N2156.8296,E08523.0095,688.6,0
08-08-2026 15:33,658,68,0,0,0,0,0,0,0,61,0,0,69,66,71,79,110,2.6,-3.6,3,29,64,62,72,17,2,28,27,60,148,145,201,194,188,191,64,90,,80826,100315,N2156.8296,E08523.0095,688.6,0
08-08-2026 15:33,658,67,0,0,0,0,0,0,0,61,0,0,69,66,71,79,110,2.6,-3.6,3,29,64,62,72,17,2,28,27,60,148,145,201,194,188,191,64,90,,80826,100316,N2156.8296,E08523.0095,688.6,0
08-08-2026 15:33,658,68,0,0,0,0,0,0,0,61,0,0,69,66,71,79,110,2.6,-3.6,3,29,64,62,72,17,1,28,27,60,148,145,201,194,188,190,64,90,,80826,100316,N2156.8296,E08523.0095,688.6,0
08-08-2026 15:33,658,67,0,0,0,0,0,0,0,61,0,0,69,66,71,79,110,2.6,-3.6,3,29,64,62,71,17,2,28,27,60,148,145,200,194,188,191,64,90,,80826,100318,N2156.8296,E08523.0095,688.6,0
08-08-2026 15:33,660,65,0,0,0,0,0,0,0,61,0,0,69,66,71,79,110,2.6,-3.6,3,25,64,62,71,17,2,27,27,60,148,145,201,193,188,190,64,90,,80826,100319,N2156.8296,E08523.0095,688.6,0
08-08-2026 15:33,658,66,0,0,0,0,0,0,0,61,0,0,69,66,71,79,110,2.6,-3.6,3,29,64,62,71,17,2,28,27,60,148,145,200,193,187,190,64,90,,80826,100320,N2156.8296,E08523.0095,688.6,0
08-08-2026 15:33,658,66,0,0,0,0,0,0,0,61,0,0,69,66,71,79,110,2.6,-3.6,3,37,64,62,71,17,2,28,27,60,148,145,200,193,187,190,64,90,,80826,100321,N2156.8296,E08523.0095,688.6,0
08-08-2026 15:33,658,66,0,0,0,0,0,0,0,61,0,0,69,66,71,79,110,2.6,-3.6,3,29,64,61,71,17,2,28,27,60,148,145,201,193,187,190,64,90,,80826,100322,N2156.8296,E08523.0095,688.6,0
08-08-2026 15:33,658,88,0,0,0,0,0,0,0,61,0,0,69,66,71,79,110,2.6,-3.6,3,29,64,61,71,17,1,28,27,60,148,145,201,193,187,189,64,91,,80826,100323,N2156.8296,E08523.0095,688.6,0
08-08-2026 15:33,658,89,0,0,0,0,0,0,0,61,0,0,70,67,71,84,117,2.9,-3.7,3,37,64,61,71,17,2,28,27,60,148,145,200,192,187,190,64,90,,80826,100324,N2156.8296,E08523.0095,688.6,0
08-08-2026 15:33,658,66,0,0,0,0,0,0,0,60,0,0,73,68,71,98,124,2.3,-2.9,3,29,64,61,71,17,2,28,27,60,148,144,201,192,186,189,64,90,,80826,100325,N2156.8296,E08523.0095,688.6,0
08-08-2026 15:33,658,66,0,0,0,0,0,0,0,61,0,0,78,71,71,97,124,2.7,-2.7,3,29,64,61,71,17,2,28,27,60,148,144,200,192,186,189,64,90,,80826,100326,N2156.8296,E08523.0095,688.6,0
08-08-2026 15:33,658,66,0,0,0,0,0,0,0,61,0,0,82,71,71,97,124,2.7,-2.7,3,29,64,61,71,17,2,28,27,60,148,144,199,192,186,188,64,90,,80826,100327,N2156.8296,E08523.0095,688.6,0
08-08-2026 15:33,658,89,0,0,0,0,0,0,0,60,0,0,84,71,70,97,124,2.8,-2.6,3,37,64,61,71,17,2,28,27,60,148,144,199,191,185,188,64,90,,80826,100328,N2156.8296,E08523.0095,688.6,0
08-08-2026 15:33,659,87,0,0,0,0,0,0,0,61,0,0,83,71,70,96,124,2.9,-2.7,3,37,64,61,71,17,1,27,27,60,148,144,199,191,185,188,64,90,,80826,100329,N2156.8296,E08523.0095,688.6,0
08-08-2026 15:33,657,68,0,0,0,0,0,0,0,60,0,0,83,71,70,96,124,2.9,-2.7,3,29,64,61,71,17,2,27,27,60,148,144,198,191,185,188,64,91,,80826,100330,N2156.8296,E08523.0095,688.6,0
08-08-2026 15:33,656,69,0,0,0,0,0,0,0,60,0,0,83,71,70,95,124,3,-2.8,3,29,64,61,71,17,1,27,27,60,148,144,202,191,185,188,64,91,,80826,100331,N2156.8296,E08523.0095,688.6,0
08-08-2026 15:33,657,68,0,0,0,0,0,0,0,60,0,0,83,71,70,95,124,3,-2.8,3,29,64,61,71,17,2,27,27,60,148,144,198,191,185,188,64,90,,80826,100332,N2156.8296,E08523.0095,688.6,0
08-08-2026 15:33,658,68,0,0,0,0,0,0,0,60,0,0,83,70,70,96,124,2.8,-2.8,3,29,64,61,71,17,1,27,27,60,148,144,199,191,185,188,64,91,,80826,100333,N2156.8296,E08523.0094,688.7,0
08-08-2026 15:33,658,67,0,0,0,0,0,0,0,60,0,0,83,70,70,95,124,2.9,-2.9,3,29,64,61,71,17,2,28,27,60,148,144,198,191,185,188,64,90,,80826,100334,N2156.8296,E08523.0094,688.7,0.01
08-08-2026 15:33,658,91,0,0,0,0,0,0,0,60,0,0,83,70,70,95,124,2.9,-2.9,3,37,64,61,71,17,2,27,27,60,148,144,199,191,185,188,64,90,,80826,100335,N2156.8296,E08523.0094,688.7,0
08-08-2026 15:33,658,68,0,0,0,0,0,0,0,60,0,0,83,70,70,95,123,2.8,-2.8,3,29,64,61,71,17,1,27,27,60,148,144,198,191,185,188,64,90,,80826,100336,N2156.8296,E08523.0094,688.7,0
08-08-2026 15:33,658,68,0,0,0,0,0,0,0,60,0,0,82,70,70,95,123,2.8,-2.8,3,29,64,61,71,17,2,27,27,60,148,144,199,191,185,188,64,90,,80826,100337,N2156.8296,E08523.0094,688.7,0
08-08-2026 15:33,658,68,0,0,0,0,0,0,0,60,0,0,82,70,70,95,123,2.8,-2.8,3,29,64,61,71,17,1,28,27,60,148,144,199,191,185,187,64,91,,80826,100338,N2156.8296,E08523.0094,688.7,0
08-08-2026 15:33,658,68,0,0,0,0,0,0,0,60,0,0,82,70,70,95,123,2.8,-2.8,3,29,64,61,71,17,1,27,27,60,147,144,199,190,185,188,64,91,,80826,100339,N2156.8296,E08523.0094,688.7,0
08-08-2026 15:33,657,68,0,0,0,0,0,0,0,60,0,0,82,70,70,95,123,2.8,-2.8,3,29,64,61,71,17,1,28,27,60,147,144,197,190,185,188,64,90,,80826,100340,N2156.8296,E08523.0094,688.7,0
08-08-2026 15:33,658,68,0,0,0,0,0,0,0,60,0,0,82,70,70,95,123,2.8,-2.8,3,29,64,61,71,17,2,28,27,60,147,144,197,190,185,187,64,90,,80826,100341,N2156.8296,E08523.0094,688.7,0
08-08-2026 15:33,658,68,0,0,0,0,0,0,0,60,0,0,82,70,70,95,123,2.8,-2.8,3,29,64,61,71,17,1,27,27,60,147,144,198,190,185,187,64,91,,80826,100342,N2156.8296,E08523.0094,688.7,0
08-08-2026 15:33,658,68,0,0,0,0,0,0,0,60,0,0,82,70,70,95,123,2.8,-2.8,3,29,64,61,71,17,2,27,27,60,147,144,196,190,184,187,64,90,,80826,100343,N2156.8296,E08523.0094,688.7,0
08-08-2026 15:33,658,68,0,0,0,0,0,0,0,60,0,0,82,70,70,95,123,2.8,-2.8,3,29,64,61,71,17,2,27,27,60,147,144,197,190,185,187,64,90,,80826,100344,N2156.8296,E08523.0094,688.7,0
08-08-2026 15:33,658,68,0,0,0,0,0,0,0,60,0,0,82,70,70,95,123,2.8,-2.8,3,29,64,61,71,17,2,27,27,60,147,144,198,190,184,187,64,90,,80826,100345,N2156.8296,E08523.0094,688.7,0
08-08-2026 15:33,658,68,0,0,0,0,0,0,0,60,0,0,82,70,70,95,123,2.8,-2.8,3,29,64,61,71,17,2,27,27,60,147,144,196,190,184,187,64,90,,80826,100346,N2156.8296,E08523.0094,688.7,0
08-08-2026 15:33,658,91,0,0,0,0,0,0,0,60,0,0,82,70,70,95,123,2.8,-2.8,3,29,64,61,71,17,1,27,27,60,147,144,199,190,184,187,64,91,,80826,100347,N2156.8296,E08523.0094,688.7,0
08-08-2026 15:33,657,91,0,0,0,0,0,0,0,60,0,0,82,70,70,95,123,2.8,-2.8,3,38,64,61,71,17,2,28,27,60,147,144,196,190,184,187,64,90,,80826,100348,N2156.8296,E08523.0094,688.7,0
08-08-2026 15:33,658,90,0,0,0,0,0,0,0,60,0,0,82,70,70,95,123,2.8,-2.8,3,37,64,61,71,17,2,28,27,60,147,144,196,190,184,187,64,90,,80826,100349,N2156.8296,E08523.0094,688.7,0
08-08-2026 15:33,657,68,0,0,0,0,0,0,0,60,0,0,82,70,70,95,123,2.8,-2.8,3,29,64,61,71,17,2,28,27,60,147,144,196,190,184,187,64,90,,80826,100350,N2156.8296,E08523.0094,688.7,0
08-08-2026 15:33,659,90,0,0,0,0,0,0,0,60,0,0,82,70,70,95,124,2.9,-2.9,3,37,64,61,71,17,2,27,27,60,147,143,196,189,184,187,64,90,,80826,100351,N2156.8296,E08523.0094,688.7,0
08-08-2026 15:33,659,66,0,0,0,0,0,0,0,60,0,0,83,70,70,100,132,3.2,-3.2,3,29,64,61,71,17,2,27,27,60,147,143,197,189,184,187,64,90,,80826,100352,N2156.8296,E08523.0094,688.7,0
08-08-2026 15:33,658,66,0,0,0,0,0,0,0,60,0,0,86,70,70,109,140,3.1,-3.1,3,37,64,61,71,17,1,28,27,60,147,143,199,189,184,186,64,90,,80826,100353,N2156.8296,E08523.0093,688.9,0.02
08-08-2026 15:33,658,66,0,0,0,0,0,0,0,60,0,0,91,72,70,116,135,2.1,-1.7,3,29,64,61,71,17,1,28,27,60,147,143,196,189,183,186,64,91,,80826,100354,N2156.8296,E08523.0093,689,0.01
08-08-2026 15:33,657,66,0,0,0,0,0,0,0,60,0,0,95,72,70,112,141,3.1,-2.7,3,29,64,61,71,17,2,28,27,60,147,143,195,188,183,186,64,90,,80826,100355,N2156.8296,E08523.0092,689,0.03
08-08-2026 15:33,659,66,0,0,0,0,0,0,0,60,0,0,97,72,70,113,140,2.9,-2.5,3,29,64,61,71,17,2,27,27,60,147,143,196,188,183,186,64,90,,80826,100356,N2156.8296,E08523.0092,689,0.03
08-08-2026 15:33,658,66,0,0,0,0,0,0,0,60,0,0,98,72,70,113,140,2.9,-2.5,3,29,64,61,71,17,2,27,27,60,147,143,197,188,183,186,64,90,,80826,100357,N2156.8296,E08523.0092,689,0
08-08-2026 15:33,658,89,0,0,0,0,0,0,0,60,0,0,98,72,70,112,141,3.1,-2.7,3,38,64,61,71,17,2,27,27,60,147,143,195,188,182,185,64,90,,80826,100358,N2156.8296,E08523.0092,689.1,0.01
08-08-2026 15:33,658,88,0,0,0,0,0,0,0,60,0,0,98,72,70,112,141,3.1,-2.7,3,37,64,61,71,17,2,27,27,60,147,143,196,188,182,185,64,90,,80826,100359,N2156.8296,E08523.0092,689.1,0
08-08-2026 15:33,658,88,0,0,0,0,0,0,0,60,0,0,97,72,70,112,141,3.1,-2.7,3,37,64,61,71,17,2,28,27,60,147,143,196,188,182,185,64,90,,80826,100400,N2156.8296,E08523.0092,689.1,0
08-08-2026 15:34,657,67,0,0,0,0,0,0,0,60,0,0,97,72,70,112,140,3,-2.6,3,29,64,61,71,17,2,28,27,60,147,143,196,187,182,184,64,90,,80826,100401,N2156.8296,E08523.0092,689.1,0
08-08-2026 15:34,658,89,0,0,0,0,0,0,0,60,0,0,97,72,70,112,140,3,-2.6,3,37,64,61,71,17,2,28,27,60,147,143,195,187,182,184,64,91,,80826,100402,N2156.8296,E08523.0092,689.1,0
08-08-2026 15:34,659,66,0,0,0,0,0,0,0,60,0,0,97,72,70,111,140,3.1,-2.7,3,29,64,61,71,17,2,28,27,60,147,142,194,187,181,185,64,90,,80826,100403,N2156.8297,E08523.0091,689.2,0.05
08-08-2026 15:34,658,66,0,0,0,0,0,0,0,60,0,0,97,72,70,111,140,3.1,-2.7,3,29,64,61,71,17,2,28,27,60,147,143,194,187,181,184,64,90,,80826,100404,N2156.8297,E08523.0091,689.2,0
08-08-2026 15:34,656,68,0,0,0,0,0,0,0,60,0,0,97,72,70,111,140,3.1,-2.7,3,29,64,61,71,17,1,28,27,60,147,142,194,187,181,184,64,91,,80826,100405,N2156.8297,E08523.0091,689.2,0
08-08-2026 15:34,657,92,0,0,0,0,0,0,0,60,0,0,97,72,70,111,140,3.1,-2.7,3,38,64,61,71,17,2,28,27,60,147,142,193,187,181,184,64,90,,80826,100406,N2156.8297,E08523.0091,689.2,0
08-08-2026 15:34,657,69,0,0,0,0,0,0,0,60,0,0,97,72,70,111,140,3.1,-2.7,3,29,64,61,71,17,2,28,27,60,147,142,196,187,181,184,64,90,,80826,100407,N2156.8297,E08523.0091,689.2,0
08-08-2026 15:34,658,68,0,0,0,0,0,0,0,60,0,0,97,72,70,111,140,3.1,-2.7,3,29,64,61,71,17,2,27,27,60,147,142,193,187,181,184,64,90,,80826,100408,N2156.8297,E08523.0092,689.2,0
08-08-2026 15:34,658,91,0,0,0,0,0,0,0,60,0,0,97,72,70,111,140,3.1,-2.7,3,37,64,61,71,17,2,27,27,60,147,142,195,187,181,184,64,90,,80826,100409,N2156.8297,E08523.0092,689.2,0
08-08-2026 15:34,657,69,0,0,0,0,0,0,0,60,0,0,97,72,70,111,140,3.1,-2.7,3,38,64,61,71,17,1,27,27,60,147,142,194,187,181,184,64,91,,80826,100410,N2156.8297,E08523.0092,689.2,0
08-08-2026 15:34,658,91,0,0,0,0,0,0,0,60,0,0,96,72,70,111,140,3.1,-2.7,3,37,64,61,71,17,2,27,27,60,147,142,193,187,181,184,64,90,,80826,100411,N2156.8296,E08523.0092,689.2,0
08-08-2026 15:34,658,68,0,0,0,0,0,0,0,60,0,0,96,72,70,111,140,3.1,-2.7,3,29,64,61,71,17,0,27,27,60,146,142,192,186,182,184,64,91,,80826,100412,N2156.8296,E08523.0092,689.2,0
08-08-2026 15:34,658,90,0,0,0,0,0,0,0,60,0,0,96,71,70,111,140,3,-2.8,3,38,64,61,71,17,2,27,27,60,146,142,194,186,181,184,64,90,,80826,100413,N2156.8296,E08523.0092,689.2,0
08-08-2026 15:34,657,93,0,0,0,0,0,0,0,60,0,0,96,71,70,111,140,3,-2.8,3,38,64,61,70,17,1,27,27,60,146,142,194,187,181,184,64,90,,80826,100414,N2156.8296,E08523.0092,689.2,0
08-08-2026 15:34,658,69,0,0,0,0,0,0,0,60,0,0,96,71,70,111,140,3,-2.8,3,29,64,61,70,17,2,27,27,60,146,142,193,187,181,184,64,90,,80826,100415,N2156.8296,E08523.0092,689.2,0
08-08-2026 15:34,658,68,0,0,0,0,0,0,0,60,0,0,96,71,70,111,140,3,-2.8,3,29,64,61,70,17,2,27,27,60,146,142,193,187,181,184,64,90,,80826,100416,N2156.8296,E08523.0092,689.2,0
08-08-2026 15:34,658,68,0,0,0,0,0,0,0,60,0,0,96,71,70,111,140,3,-2.8,3,29,64,61,70,17,2,27,27,60,146,142,192,187,181,184,64,90,,80826,100417,N2156.8296,E08523.0092,689.2,0
08-08-2026 15:34,658,68,0,0,0,0,0,0,0,60,0,0,96,71,70,111,140,3,-2.8,3,29,64,61,70,17,2,27,27,59,146,142,193,186,181,184,64,90,,80826,100418,N2156.8296,E08523.0092,689.2,0
08-08-2026 15:34,657,68,0,0,0,0,0,0,0,60,0,0,96,71,70,111,140,3,-2.8,3,29,64,61,70,17,1,27,27,60,146,142,193,186,181,184,64,91,,80826,100419,N2156.8296,E08523.0092,689.2,0
08-08-2026 15:34,656,69,0,0,0,0,0,1,0,60,0,0,96,71,70,111,140,3,-2.8,3,29,64,61,70,17,1,27,27,60,112,115,192,187,181,184,64,90,,80826,100420,N2156.8296,E08523.0092,689.2,0
08-08-2026 15:34,653,75,0,0,0,0,1,1,0,60,0,0,97,72,70,123,151,3,-2.6,3,47,64,61,70,16,1,29,27,59,112,115,194,187,182,185,64,91,,80826,100421,N2156.8296,E08523.0092,689.2,0
08-08-2026 15:34,622,126,0,0,0,0,1,1,0,60,0,0,103,82,72,133,162,3.9,-1.9,3,58,64,61,70,16,2,30,27,60,114,116,195,190,184,187,64,90,,80826,100422,N2156.8296,E08523.0092,689.2,0
08-08-2026 15:34,627,135,0,0,0,0,1,1,0,60,0,0,112,81,76,126,180,5.9,-4.9,3,57,64,61,70,16,2,33,27,59,114,117,196,196,189,190,64,91,,80826,100423,N2156.8296,E08523.0092,689.2,0
08-08-2026 15:34,777,466,96,0,0,0,1,0,0,60,0,1,116,77,59,120,161,5.9,-2.3,3,156,64,61,70,25,5,45,27,60,119,118,204,215,204,203,64,90,,80826,100424,N2156.8296,E08523.0092,689.2,0.29
08-08-2026 15:34,1015,587,97,0,76,169,1,0,0,60,0,3,114,77,48,78,195,14.6,-8.8,3,152,64,61,70,36,18,62,27,59,127,126,217,247,231,227,64,90,,80826,100425,N2156.8294,E08523.0093,689.3,0.62
08-08-2026 15:34,1226,1130,90,0,126,271,1,0,0,60,0,6,106,95,23,105,180,14.7,-0.3,3,249,64,61,70,39,29,86,27,59,149,148,242,289,271,262,64,90,,80826,100426,N2156.8292,E08523.0095,689.4,0.62
08-08-2026 15:34,1401,1303,89,0,271,599,1,0,0,60,0,3,106,92,45,95,195,14.7,-5.3,3,242,64,61,70,40,76,121,27,59,162,162,280,343,321,307,64,90,,80826,100427,N2156.8287,E08523.0098,689.5,2.73
08-08-2026 15:34,1730,1864,89,0,339,774,1,0,0,60,0,1,108,70,82,138,150,0,-2.4,3,285,64,61,70,46,106,171,27,59,196,195,328,402,379,360,64,91,,80826,100428,N2156.8280,E08523.0104,689.4,3.61
08-08-2026 15:34,1950,1657,80,0,436,1005,2,0,0,60,0,0,108,70,84,195,50,-15.9,13.1,3,236,65,61,70,48,81,211,27,59,206,205,376,435,418,398,64,90,,80826,100429,N2156.8270,E08523.0115,689.6,4.5
08-08-2026 15:34,1848,1796,88,0,487,1080,2,0,0,60,0,6,102,41,60,195,94,-12,8.2,3,274,65,61,70,44,101,226,27,59,203,203,411,459,444,425,64,90,,80826,100430,N2156.8261,E08523.0127,689.8,5.11
08-08-2026 15:34,1819,268,96,0,626,1378,3,0,0,60,0,5,101,92,33,152,175,8.2,3.6,3,42,65,61,70,39,107,231,27,59,202,201,443,478,467,448,64,90,,80826,100431,N2156.8251,E08523.0140,690,5.11
08-08-2026 15:34,1619,1647,98,1,619,1378,3,0,0,60,0,9,105,53,29,110,149,6.3,-1.5,3,279,65,60,70,40,114,241,27,59,200,199,469,500,491,472,64,90,,80826,100432,N2156.8241,E08523.0159,690.2,6.98
08-08-2026 15:34,1633,1662,99,1,651,1519,3,0,0,60,0,5,110,65,51,80,195,12.9,-10.1,3,281,64,60,70,40,127,255,27,59,199,198,493,517,511,493,64,90,,80826,100433,N2156.8231,E08523.0180,690.4,7.43
08-08-2026 15:34,1639,1648,100,1,637,1522,3,0,0,60,0,5,109,52,73,164,128,-5.7,1.5,3,279,64,60,70,38,131,265,27,59,197,197,513,530,528,511,64,90,,80826,100434,N2156.8221,E08523.0203,690.7,7.4
08-08-2026 15:34,1604,1884,100,1,637,1538,3,0,0,60,0,1,106,56,81,185,129,-8.1,3.1,3,298,64,60,70,37,131,273,27,59,195,195,530,539,541,526,64,90,,80826,100435,N2156.8212,E08523.0226,690.7,7.97
08-08-2026 15:34,1624,1856,100,1,673,1699,3,0,0,60,0,4,107,72,50,145,123,0,4.4,3,314,64,60,70,42,130,285,27,59,195,194,544,547,552,538,64,90,,80826,100436,N2156.8203,E08523.0251,690.7,7.97
08-08-2026 15:34,1746,1803,100,1,747,1754,3,0,0,60,0,2,106,66,67,146,127,-2,1.8,3,302,64,60,70,44,136,293,27,59,194,194,554,554,562,549,64,90,,80826,100436,N2156.8203,E08523.0251,690.7,8.17
08-08-2026 15:34,1934,1831,100,1,805,1970,4,0,0,60,0,3,110,64,85,188,107,-10.2,6,3,260,64,60,70,46,98,296,27,59,194,192,563,555,566,555,64,90,,80826,100438,N2156.8194,E08523.0305,690.7,8.25
08-08-2026 15:34,1881,1190,100,0,889,1994,4,0,0,60,0,5,109,64,63,129,123,-0.5,0.7,3,233,64,60,70,41,115,276,27,59,192,191,565,553,565,556,64,90,,80826,100439,N2156.8191,E08523.0337,690.7,10.16
08-08-2026 15:34,1680,1640,100,1,894,2102,4,0,0,60,0,2,112,69,85,110,178,5.2,-8.4,3,271,64,60,70,40,130,267,27,59,192,191,569,558,570,560,64,90,,80826,100440,N2156.8186,E08523.0369,690.6,10.82
08-08-2026 15:34,1735,1844,100,1,982,2275,4,0,0,60,0,3,110,42,89,145,134,-5.8,-3.6,3,280,64,60,70,43,136,269,27,59,191,190,574,564,578,569,64,90,,80826,100441,N2156.8179,E08523.0404,690.5,10.82
08-08-2026 15:34,1870,1748,100,1,1034,2463,4,0,0,60,0,3,110,78,64,129,156,4.1,-1.3,3,258,64,60,70,44,142,278,27,59,191,189,581,569,585,575,64,90,,80826,100442,N2156.8168,E08523.0440,690.4,12.65
08-08-2026 15:34,1949,1769,100,1,1078,2501,4,0,0,60,0,3,110,74,61,74,195,13.4,-10.8,3,249,64,60,70,43,139,282,27,59,190,189,585,569,588,578,64,91,,80826,100443,N2156.8153,E08523.0477,690.4,12.97
08-08-2026 15:34,1753,1640,92,0,1103,2574,5,0,0,60,0,1,108,58,80,105,174,4.7,-9.1,4,274,63,60,70,39,122,264,27,59,190,188,585,567,585,577,64,90,,80826,100444,N2156.8134,E08523.0514,690.3,13.62
08-08-2026 15:34,1570,1684,80,1,1132,2683,5,0,0,60,0,3,109,59,73,146,155,-0.5,-2.3,4,295,63,60,70,37,128,255,27,59,189,187,587,570,589,580,64,90,,80826,100445,N2156.8112,E08523.0551,690.4,13.82
08-08-2026 15:34,1573,1028,60,1,1187,2806,5,0,0,60,0,0,109,54,88,139,134,-3.9,-2.9,4,182,63,60,70,39,60,236,27,59,189,187,588,559,582,576,64,90,,80826,100446,N2156.8088,E08523.0586,690.4,13.82
08-08-2026 15:34,1586,0,0,1,1170,2683,5,0,0,60,0,0,109,87,76,124,146,3.3,-1.1,4,0,63,60,70,40,27,191,27,59,189,186,574,525,552,554,64,90,,80826,100447,N2156.8062,E08523.0623,690.3,14.37
08-08-2026 15:34,1597,0,0,0,1126,2666,4,0,33,60,0,-2,109,79,91,108,155,3.5,-5.9,4,0,63,60,70,44,13,154,27,59,188,186,550,490,517,523,64,90,,80826,100448,N2156.8036,E08523.0657,690.4,14.23
08-08-2026 15:34,1920,0,0,1,1122,2711,4,0,33,60,0,-4,109,89,90,112,147,3.4,-3.6,4,0,63,60,70,47,12,132,27,59,187,185,520,452,480,489,64,90,,80826,100449,N2156.8011,E08523.0689,690.2,13.92
08-08-2026 15:34,1921,0,0,1,1007,2407,4,0,33,60,0,-3,110,97,74,115,151,5.9,-1.3,4,0,63,60,70,45,11,107,27,59,187,184,486,415,443,455,64,90,,80826,100450,N2156.7987,E08523.0719,690.2,12.93
08-08-2026 15:34,1776,0,0,1,948,2192,4,0,0,60,0,0,111,69,74,174,103,-7.6,6.6,4,0,63,60,70,41,10,87,27,59,187,186,452,381,409,423,64,90,,80826,100451,N2156.7965,E08523.0747,690.1,12.93
08-08-2026 15:34,1657,0,0,1,891,2119,4,0,0,60,0,-2,110,97,60,195,76,-8.2,15.6,4,0,63,60,70,41,9,74,27,59,206,205,420,352,379,393,64,90,,80826,100452,N2156.7948,E08523.0776,689.9,11.02
08-08-2026 15:34,1612,0,4,1,850,2015,4,0,0,60,0,-3,109,101,54,190,72,-7.1,16.5,4,0,63,60,70,39,7,64,27,59,206,205,390,326,351,366,64,91,,80826,100453,N2156.7938,E08523.0807,689.8,10.82
08-08-2026 15:34,1553,0,26,1,846,1975,4,0,0,61,0,-1,108,115,44,184,102,-1.1,15.3,4,0,63,60,70,39,7,60,27,59,205,203,363,303,327,343,64,90,,80826,100454,N2156.7939,E08523.0837,689.8,9.89
08-08-2026 15:34,1548,173,34,1,826,1961,4,0,0,61,0,-3,108,104,49,187,53,-7.9,18.9,4,30,63,60,70,38,9,58,27,59,205,203,339,291,311,325,64,90,,80826,100455,N2156.7951,E08523.0863,689.9,9.35
08-08-2026 15:34,1481,239,34,1,789,1873,4,0,0,61,0,0,106,94,45,195,62,-8.4,18.2,4,159,63,60,70,39,14,61,27,59,204,202,324,298,310,321,64,90,,80826,100456,N2156.7971,E08523.0884,690.1,9.35
08-08-2026 15:34,1501,1103,86,1,820,2020,4,0,0,62,0,5,104,94,48,194,72,-7.6,16.8,4,202,63,60,70,38,32,78,27,59,203,201,326,337,338,340,64,90,,80826,100457,N2156.7995,E08523.0899,690,9.45
08-08-2026 15:34,1615,1544,92,1,917,2142,4,0,0,62,0,3,106,82,53,146,126,0.9,4.9,4,305,63,60,70,40,91,113,27,59,203,201,350,389,385,380,64,91,,80826,100458,N2156.8024,E08523.0908,689.8,10.4
08-08-2026 15:34,1787,1794,50,1,985,2416,5,0,0,62,0,2,110,86,63,149,138,1.2,3.4,4,274,63,60,69,39,106,153,27,59,202,200,391,429,425,417,64,90,,80826,100459,N2156.8054,E08523.0919,690,11.5
08-08-2026 15:35,1567,1563,100,1,1067,2584,5,0,0,62,0,2,112,80,61,146,135,0.8,3,4,279,63,60,70,39,119,179,27,59,202,200,426,462,457,448,64,90,,80826,100500,N2156.8087,E08523.0928,689.6,12.51
08-08-2026 15:35,1542,1500,100,1,1134,2699,5,0,0,62,0,3,112,75,64,152,143,0.2,2,4,269,63,60,70,38,126,205,27,59,201,198,461,490,487,478,64,90,,80826,100501,N2156.8121,E08523.0939,689.4,13.07
08-08-2026 15:35,1603,1673,93,1,1223,2841,5,0,0,62,0,3,112,57,81,173,93,-10.4,5.6,4,286,63,60,70,39,135,229,27,59,201,198,488,511,511,501,64,90,,80826,100502,N2156.8159,E08523.0950,688.9,13.87
08-08-2026 15:35,1657,1857,87,1,1212,2907,5,0,0,62,0,2,111,60,64,195,108,-9.1,8.3,4,273,63,60,70,39,136,247,27,59,200,197,511,527,530,521,64,90,,80826,100503,N2156.8198,E08523.0963,688.7,14.28
08-08-2026 15:35,1687,1635,87,1,1324,2959,5,0,0,62,0,5,112,65,51,187,184,1.1,1.7,4,266,63,60,70,41,122,260,27,59,200,197,530,537,544,536,64,90,,80826,100504,N2156.8239,E08523.0976,688.7,15.22
08-08-2026 15:35,1790,1455,85,1,1282,2860,5,0,0,62,0,3,109,46,49,88,138,4.7,-5.3,4,131,63,60,70,41,110,256,27,59,200,196,542,539,550,543,64,90,,80826,100506,N2156.8323,E08523.1003,689.6,15.56
08-08-2026 15:35,1775,1352,64,1,1270,3103,5,0,0,62,0,0,108,75,52,190,153,-1.4,6,4,212,63,61,70,41,114,252,27,59,200,195,549,542,555,548,64,90,,80826,100506,N2156.8323,E08523.1003,689.6,15.5
08-08-2026 15:35,1774,1784,84,1,1346,3082,5,0,0,62,0,0,109,82,81,142,157,1.6,-1.4,4,272,63,61,70,42,112,249,27,59,199,195,555,546,560,553,64,90,,80826,100507,N2156.8366,E08523.1019,690.1,15.82
08-08-2026 15:35,1814,1530,51,1,1376,3169,5,0,0,62,0,-3,105,79,80,72,102,2.9,-3.1,4,237,63,61,70,42,75,225,27,60,198,195,555,533,553,548,64,90,,80826,100508,N2156.8410,E08523.1034,690.7,15.74
08-08-2026 15:35,1814,730,45,0,1195,2876,6,0,0,62,0,0,104,95,108,142,195,4,-6.6,4,115,63,61,70,38,33,187,27,60,198,194,547,514,536,534,64,91,,80826,100510,N2156.8496,E08523.1062,691,15.71
08-08-2026 15:35,1461,348,84,0,1264,2975,6,0,0,62,0,1,100,67,72,108,69,-4.4,3.4,4,287,63,61,70,38,54,159,27,60,198,194,535,515,530,528,64,90,,80826,100511,N2156.8536,E08523.1076,691.2,15.26
08-08-2026 15:35,1297,1587,100,1,1183,2824,6,0,0,62,0,0,101,88,71,147,115,-1.5,4.9,4,342,63,61,70,36,84,165,27,60,198,194,538,533,543,539,64,90,,80826,100511,N2156.8536,E08523.1076,691.2,14.97
08-08-2026 15:35,1250,1365,100,1,1192,2888,6,0,0,62,0,0,107,96,79,141,168,4.4,-1,4,301,63,61,70,36,90,174,27,60,198,194,550,554,562,556,64,90,,80826,100513,N2156.8616,E08523.1102,691.8,14.85
08-08-2026 15:35,1471,1640,100,1,1208,2808,5,0,0,62,0,2,107,62,58,121,123,0.6,0.2,4,296,63,61,70,38,129,197,27,60,197,194,568,573,581,575,64,90,,80826,100514,N2156.8656,E08523.1115,692.1,14.69
08-08-2026 15:35,1634,1661,100,1,1166,2765,5,0,0,62,0,3,111,62,72,171,147,-3.4,1.4,4,279,63,61,70,37,135,217,27,60,197,193,584,585,594,588,64,91,,80826,100515,N2156.8696,E08523.1131,691.5,14.47
08-08-2026 15:35,1654,1853,100,1,1178,2808,5,0,0,62,0,4,109,77,48,143,139,2.5,3.3,4,309,63,61,69,38,138,236,27,60,197,193,596,590,602,597,64,90,,80826,100516,N2156.8734,E08523.1149,691.2,14.45
08-08-2026 15:35,1657,1853,100,1,1238,2942,5,0,0,62,0,3,111,60,79,125,139,-0.5,-3.3,4,311,63,61,70,38,143,252,27,60,197,192,603,591,606,603,64,90,,80826,100516,N2156.8734,E08523.1149,691.2,14.45
08-08-2026 15:35,1661,1647,100,1,1240,2865,5,0,0,62,0,2,110,77,68,151,124,-1.8,3.6,4,274,63,61,70,39,143,262,27,60,197,192,607,591,609,606,64,90,,80826,100518,N2156.8812,E08523.1187,690.3,14.76
08-08-2026 15:35,1720,1621,100,1,1259,2945,5,0,0,62,0,3,111,75,71,164,145,-1.5,2.3,4,259,63,61,70,40,144,268,27,60,197,192,609,591,610,608,64,90,,80826,100519,N2156.8852,E08523.1209,690.4,15.15
08-08-2026 15:35,1745,1816,100,1,1271,3004,5,0,0,62,0,3,111,68,61,147,117,-2.3,3.7,4,290,63,61,70,40,146,273,27,60,196,192,610,589,612,609,64,90,,80826,100520,N2156.8891,E08523.1232,690.8,15.52
08-08-2026 15:35,1742,1826,98,1,1299,3042,5,0,0,62,0,4,112,78,56,166,156,1.2,3.2,4,291,63,61,70,41,148,280,27,60,196,192,613,589,612,610,64,90,,80826,100521,N2156.8931,E08523.1255,691.3,15.55
08-08-2026 15:35,1749,1615,96,1,1280,2994,5,0,0,62,0,4,112,72,56,138,126,0.4,2.8,4,286,63,61,70,40,147,282,27,60,196,192,612,588,613,611,64,90,,80826,100521,N2156.8931,E08523.1255,691.3,15.62
08-08-2026 15:35,1744,1621,88,1,1270,2971,5,0,0,62,0,3,111,73,65,142,148,1.4,0.2,4,258,63,61,70,40,146,280,27,60,195,191,612,588,613,610,64,90,,80826,100523,N2156.9008,E08523.1299,692.5,15.4
08-08-2026 15:35,1736,1621,85,1,1268,3001,5,0,0,62,0,2,111,67,69,140,127,-1.5,1.1,4,229,63,61,70,40,145,278,27,60,195,191,612,587,613,610,64,90,,80826,100524,N2156.9046,E08523.1321,692.8,15.32
08-08-2026 15:35,1713,1346,78,1,1266,2992,5,0,0,62,0,3,110,71,69,131,143,1.4,-1,4,219,63,61,70,39,135,272,27,60,195,190,610,583,610,608,63,90,,80826,100525,N2156.9084,E08523.1343,693.3,15.39
08-08-2026 15:35,1708,1567,77,1,1243,2950,5,0,0,62,0,4,111,60,76,152,146,-2.2,-1,4,255,63,61,70,39,126,261,27,60,195,190,607,580,607,604,63,90,,80826,100526,N2156.9119,E08523.1366,693.8,15.16
08-08-2026 15:35,1686,1409,78,1,1221,2886,5,0,0,62,0,4,111,63,66,148,138,-1.3,0.7,4,274,63,61,70,38,134,251,27,60,195,190,604,580,607,603,63,90,,80826,100527,N2156.9154,E08523.1390,694.4,15
08-08-2026 15:35,1641,1642,95,1,1197,2832,5,0,0,62,0,4,111,68,62,124,167,4.9,-3.7,4,279,63,61,70,37,144,248,27,60,195,190,604,582,609,604,63,90,,80826,100528,N2156.9187,E08523.1415,694.9,14.72
08-08-2026 15:35,1609,1678,99,1,1184,2775,5,0,0,62,0,4,111,66,66,125,157,3.2,-3.2,4,290,63,61,70,37,144,251,27,60,195,190,606,585,611,607,63,90,,80826,100529,N2156.9218,E08523.1442,695.4,14.56
08-08-2026 15:35,1593,1691,100,1,1146,2709,5,0,0,62,0,4,111,67,69,130,159,2.7,-3.1,4,295,63,61,70,39,143,253,27,60,195,190,608,587,613,610,63,90,,80826,100530,N2156.9248,E08523.1469,696,13.93
08-08-2026 15:35,1548,1721,100,1,1122,2647,5,0,0,62,0,3,112,62,71,146,140,-1.5,-0.3,4,278,63,61,70,39,142,254,27,60,195,190,610,589,615,612,63,90,,80826,100531,N2156.9276,E08523.1496,696.7,13.9
08-08-2026 15:35,1489,1564,90,1,1085,2482,5,0,0,62,0,4,111,59,71,148,126,-3.4,1,4,292,63,61,70,39,141,254,27,60,195,189,614,592,618,616,63,90,,80826,100531,N2156.9276,E08523.1496,696.7,13.45
08-08-2026 15:35,1421,1594,100,1,1010,2404,5,0,0,62,0,3,111,70,66,157,135,-1.8,2.6,4,318,63,61,70,38,135,253,27,60,195,189,617,597,622,621,63,90,,80826,100533,N2156.9327,E08523.1552,698,12.93
08-08-2026 15:35,1359,1620,96,1,995,2305,5,0,0,62,0,4,110,75,55,153,128,-0.5,4.5,4,332,63,62,70,38,132,252,27,60,194,189,622,603,627,627,63,90,,80826,100534,N2156.9350,E08523.1578,698.6,12.36
08-08-2026 15:35,1390,1606,83,1,910,2232,4,0,0,61,0,1,109,83,56,151,134,1,4.4,4,337,63,62,70,39,127,257,27,60,194,189,627,607,632,632,63,90,,80826,100535,N2156.9372,E08523.1601,699,11.81
08-08-2026 15:35,1639,1646,78,1,894,2109,4,0,0,61,0,4,109,70,61,147,136,-0.2,2,4,277,63,62,70,37,105,244,27,60,194,189,629,606,630,632,63,90,,80826,100536,N2156.9395,E08523.1623,699.2,11.31
08-08-2026 15:35,1629,1401,70,1,911,2133,4,0,0,61,0,0,108,73,78,166,89,-8.2,7.2,4,166,63,62,70,39,102,229,27,60,194,189,629,601,626,629,63,90,,80826,100537,N2156.9418,E08523.1643,699.3,10.84
08-08-2026 15:35,1747,537,49,1,975,2293,4,0,0,61,0,0,108,84,59,165,92,-4.8,9.8,4,84,63,62,70,42,49,204,27,60,194,189,621,580,607,614,63,90,,80826,100538,N2156.9444,E08523.1662,699.7,11.21
08-08-2026 15:35,1740,477,43,0,986,2371,5,0,0,61,0,0,107,96,55,156,122,0.7,7.5,4,98,63,62,70,39,38,163,27,60,194,188,604,553,580,589,63,90,,80826,100539,N2156.9472,E08523.1681,699.7,11.71
08-08-2026 15:35,1476,516,43,0,1030,2525,5,0,0,61,0,2,110,96,52,186,104,-3.8,12.6,4,98,63,62,70,39,30,134,27,60,194,188,581,534,558,567,63,90,,80826,100540,N2156.9503,E08523.1697,699.9,12.01
08-08-2026 15:35,1470,464,42,1,1075,2525,5,0,0,61,0,3,111,76,61,125,137,2.7,0.3,4,86,63,62,70,39,26,113,27,60,194,188,562,517,540,548,63,90,,80826,100541,N2156.9537,E08523.1711,699.8,12.69
08-08-2026 15:35,1488,0,22,1,1101,2588,5,0,0,61,0,0,112,61,108,166,160,-5.3,-4.1,4,0,63,62,70,39,13,93,27,60,193,188,543,491,515,526,62,90,,80826,100542,N2156.9571,E08523.1727,699.7,13.24
08-08-2026 15:35,1507,0,23,1,1146,2621,5,0,0,61,0,-1,111,69,82,94,129,2.2,-4.8,4,0,63,62,70,38,10,78,27,60,193,187,518,460,484,497,62,90,,80826,100543,N2156.9604,E08523.1747,699.7,13.51
08-08-2026 15:35,1564,0,25,1,1125,2676,5,0,0,61,0,0,111,64,91,172,109,-9,3.6,4,0,63,62,70,38,9,67,27,60,193,187,490,429,453,468,62,90,,80826,100544,N2156.9635,E08523.1770,699.6,13.75
08-08-2026 15:35,1500,0,30,1,1121,2652,5,0,0,61,0,1,109,73,42,181,107,-4.3,10.5,4,14,63,62,70,38,10,62,27,60,193,187,462,402,423,439,62,90,,80826,100545,N2156.9666,E08523.1796,699.6,13.85
08-08-2026 15:35,1506,9,32,1,1084,2678,5,0,0,61,0,1,106,72,58,195,195,1.4,1.4,4,1,63,62,70,38,8,58,27,60,193,187,438,382,402,417,62,90,,80826,100546,N2156.9697,E08523.1821,699.3,13.7
08-08-2026 15:35,1458,346,36,1,1202,2624,5,0,0,61,0,7,105,72,35,151,92,-2.2,9.6,4,64,63,62,70,40,10,57,27,60,192,187,417,367,385,399,62,90,,80826,100547,N2156.9729,E08523.1845,699.2,13.85
08-08-2026 15:35,1597,0,30,1,1142,2652,5,0,0,61,0,0,102,57,49,92,177,9.3,-7.7,4,0,63,62,70,38,8,55,27,60,192,187,399,349,368,382,62,90,,80826,100548,N2156.9760,E08523.1872,698.8,14.11
08-08-2026 15:35,1583,0,27,1,1306,2964,6,0,0,61,0,5,107,85,66,195,195,1.9,1.9,4,0,63,62,70,42,9,55,27,60,192,187,378,329,348,362,62,90,,80826,100549,N2156.9791,E08523.1900,698.5,14.33
08-08-2026 15:35,1517,0,0,0,1262,2879,6,0,0,61,0,-2,107,77,73,62,49,-0.9,1.7,4,47,63,62,70,38,10,50,27,60,192,187,359,313,329,343,62,90,,80826,100550,N2156.9823,E08523.1931,698.4,15.61
08-08-2026 15:35,1317,36,25,1,1354,2839,6,0,0,61,0,0,103,95,78,166,195,4.6,-1.2,4,8,63,62,70,38,6,53,27,60,192,186,342,299,314,328,62,90,,80826,100551,N2156.9855,E08523.1963,697.9,15.61
08-08-2026 15:35,1398,0,14,1,1245,2876,6,0,0,61,0,4,103,40,43,120,120,-0.3,-0.3,4,0,63,62,70,38,5,52,27,60,192,186,326,284,300,313,62,90,,80826,100552,N2156.9887,E08523.1998,697.2,15.63
08-08-2026 15:35,1338,0,15,1,1292,3218,5,0,28,61,0,-7,101,76,68,108,139,3.9,-2.3,4,0,63,62,70,39,12,51,27,60,192,186,312,279,289,302,62,90,,80826,100553,N2156.9919,E08523.2035,696.1,16.7
08-08-2026 15:35,1548,957,16,0,1358,3218,5,0,32,61,0,-3,109,116,126,151,163,0.2,-2.2,4,170,63,62,70,39,12,60,27,60,192,186,306,288,295,304,62,90,,80826,100554,N2156.9950,E08523.2071,695.4,15.42
08-08-2026 15:35,1687,1022,0,0,1130,2801,4,0,21,61,0,-4,107,87,65,94,84,1.2,3.2,4,161,63,62,70,46,13,69,27,60,192,186,305,289,298,305,62,90,,80826,100555,N2156.9978,E08523.2104,694.9,15.42
08-08-2026 15:35,1948,0,15,1,1124,2652,4,0,21,61,0,-2,113,102,90,195,133,-5,7.4,4,0,63,62,70,47,13,77,27,60,202,201,303,279,290,298,62,90,,80826,100556,N2157.0005,E08523.2134,694.5,14.32
08-08-2026 15:35,1927,0,10,1,1032,2501,4,0,0,61,0,-2,108,105,51,126,83,1.1,9.7,4,0,63,62,70,44,10,78,27,60,207,206,296,266,276,286,62,90,,80826,100557,N2157.0031,E08523.2159,694.2,13.4
08-08-2026 15:35,1867,0,10,1,1003,2426,4,0,0,62,0,-5,107,110,61,195,60,-8.6,18.4,4,0,63,62,70,43,11,72,27,60,207,205,285,253,263,273,62,90,,80826,100558,N2157.0058,E08523.2179,693.9,12.74
08-08-2026 15:35,1765,0,9,1,979,2234,4,0,0,62,0,-1,106,120,51,195,63,-6.3,20.1,4,0,63,62,70,41,10,66,27,60,206,204,274,240,248,259,62,90,,80826,100559,N2157.0088,E08523.2189,693.8,11.49
08-08-2026 15:35,1720,0,42,1,905,2171,4,0,0,63,0,-1,100,104,45,195,22,-11.4,23.2,4,0,63,62,70,38,29,68,27,60,206,203,265,260,256,261,62,90,,80826,100600,N2157.0121,E08523.2184,693.1,11.24
08-08-2026 15:36,1666,1741,100,1,910,2166,4,0,0,63,0,0,97,114,29,195,58,-5.2,22.2,4,290,63,62,70,38,61,93,27,60,206,203,277,315,300,296,62,90,,80826,100601,N2157.0150,E08523.2174,692.6,11.24
08-08-2026 15:36,1659,1644,100,1,905,2133,4,0,0,63,0,0,93,119,28,195,52,-5.2,23.4,4,274,63,62,70,37,118,139,27,59,205,202,318,372,354,344,63,90,,80826,100602,N2157.0171,E08523.2153,692.7,10.72
08-08-2026 15:36,1664,1852,100,1,911,2142,4,0,0,63,0,4,97,89,42,195,72,-7.6,17,4,307,63,62,70,38,131,183,27,60,205,201,363,419,402,389,63,90,,80826,100603,N2157.0185,E08523.2125,692.7,10.05
08-08-2026 15:36,1664,1637,100,1,919,2201,4,0,0,63,0,7,102,80,37,182,121,-1.8,10.4,4,273,63,62,70,37,139,222,27,60,205,201,405,454,441,427,63,90,,80826,100604,N2157.0194,E08523.2095,692.6,10.05
08-08-2026 15:36,1657,1651,100,1,887,2072,4,0,0,64,0,4,107,73,45,121,143,5,0.6,4,309,63,62,70,38,138,250,27,60,205,201,442,482,473,458,63,90,,80826,100605,N2157.0199,E08523.2063,692.6,10.23
08-08-2026 15:36,1665,1640,100,1,924,2175,4,0,0,64,0,5,111,78,56,149,172,4.5,-0.1,4,273,63,62,70,37,142,271,27,60,204,201,472,503,499,484,63,90,,80826,100606,N2157.0201,E08523.2028,693.1,10.54
08-08-2026 15:36,1670,1648,100,1,913,2135,4,0,0,63,0,4,111,64,62,96,165,7.1,-6.7,4,306,63,62,70,37,142,283,27,60,204,200,498,520,519,506,63,90,,80826,100607,N2157.0200,E08523.1995,692.9,10.74
08-08-2026 15:36,1677,1654,100,1,925,2159,4,0,0,63,0,5,113,52,82,131,168,0.7,-6.7,4,274,63,62,70,37,142,290,27,60,203,200,518,534,536,523,63,90,,80826,100608,N2157.0200,E08523.1961,692.9,10.72
08-08-2026 15:36,1628,1662,100,1,869,2055,4,0,0,63,0,5,112,38,86,133,149,-3.2,-6.4,4,258,63,62,70,38,143,292,27,60,203,200,535,544,550,538,63,90,,80826,100609,N2157.0200,E08523.1928,692.8,10.41
08-08-2026 15:36,1558,1532,100,1,845,1975,4,0,0,63,0,4,110,50,79,157,136,-5,-0.8,4,274,63,62,70,39,140,292,27,60,203,199,549,553,561,552,62,90,,80826,100610,N2157.0202,E08523.1897,693.1,10.13
08-08-2026 15:36,1506,1532,100,1,813,1899,4,0,0,63,0,5,109,53,68,139,147,-0.7,-2.3,4,283,63,62,70,39,138,291,27,60,203,199,562,562,572,563,62,90,,80826,100611,N2157.0204,E08523.1866,693.3,10.13
08-08-2026 15:36,1479,1559,100,1,802,1870,4,0,0,63,0,4,108,59,66,129,152,1.6,-3,4,293,63,62,70,39,138,289,27,60,203,199,573,570,582,574,62,90,,80826,100612,N2157.0206,E08523.1837,693.5,9.83
08-08-2026 15:36,1478,1543,100,1,809,1902,4,0,0,63,0,4,109,60,72,136,151,0.3,-2.7,4,288,63,62,70,39,138,288,27,60,203,198,584,578,591,585,62,90,,80826,100613,N2157.0209,E08523.1808,693.6,9.84
08-08-2026 15:36,1516,1510,100,1,832,1954,4,0,0,63,0,5,109,61,62,126,167,4,-4.2,4,274,63,62,71,39,138,288,27,60,203,198,593,585,600,594,62,90,,80826,100614,N2157.0212,E08523.1779,693.5,10.05
08-08-2026 15:36,1535,1511,100,1,852,2012,4,0,0,63,0,4,110,58,77,117,166,3,-6.8,4,273,63,62,71,39,140,288,27,60,202,198,601,589,605,601,62,90,,80826,100615,N2157.0217,E08523.1748,693.2,10.34
08-08-2026 15:36,1578,1697,100,1,885,2088,4,0,0,63,0,4,110,55,74,139,154,-0.4,-3.4,4,289,63,62,71,39,143,287,27,60,202,198,606,592,609,606,62,90,,80826,100616,N2157.0222,E08523.1717,692.7,10.34
08-08-2026 15:36,1636,1866,100,1,890,2145,4,0,0,63,0,5,110,58,60,122,172,4.8,-5.2,4,316,63,62,71,37,144,290,27,60,202,198,611,593,612,610,62,90,,80826,100617,N2157.0228,E08523.1685,692.5,10.77
08-08-2026 15:36,1661,1647,99,1,897,2102,4,0,0,63,0,4,110,60,71,118,168,3.9,-6.1,4,276,63,62,71,37,145,289,27,60,201,197,614,594,614,613,62,90,,80826,100618,N2157.0233,E08523.1652,691.1,10.93
08-08-2026 15:36,1662,1631,100,1,902,2147,4,0,0,63,0,3,110,49,85,134,152,-1.8,-5.4,4,271,63,62,71,37,146,287,27,60,201,197,615,594,616,614,62,90,,80826,100619,N2157.0240,E08523.1619,690.1,10.89
08-08-2026 15:36,1682,1636,100,1,920,2161,4,0,0,63,0,5,110,49,74,143,145,-2.3,-2.7,4,268,63,62,71,37,147,286,27,60,201,197,617,595,617,616,62,90,,80826,100620,N2157.0250,E08523.1588,689.4,10.86
08-08-2026 15:36,1693,1632,100,1,913,2164,4,0,0,63,0,5,110,63,66,116,179,6,-6.6,4,267,63,62,71,37,147,285,27,60,201,197,617,594,618,617,61,90,,80826,100621,N2157.0263,E08523.1559,689.4,10.86
08-08-2026 15:36,1679,1633,100,1,890,2119,4,0,0,63,0,3,110,67,66,86,195,11,-10.8,4,271,63,62,71,37,147,283,27,60,201,196,617,594,618,618,61,90,,80826,100622,N2157.0277,E08523.1531,689.5,10.94
08-08-2026 15:36,1629,1679,100,1,863,2055,4,0,0,63,0,6,109,61,52,112,195,9.2,-7.4,4,287,63,62,71,39,145,281,27,60,201,196,618,595,618,618,61,90,,80826,100623,N2157.0292,E08523.1504,689.5,10.4
08-08-2026 15:36,1549,1536,100,1,847,1989,4,0,0,63,0,4,109,54,66,117,189,6,-8.4,4,278,63,62,71,39,143,280,27,60,201,196,618,595,619,620,61,90,,80826,100624,N2157.0308,E08523.1478,689.5,10.16
08-08-2026 15:36,1546,1508,100,1,833,1939,4,0,0,63,0,5,109,46,76,150,130,-5,-1,4,306,63,62,71,39,142,277,27,60,201,196,620,597,621,622,61,90,,80826,100625,N2157.0324,E08523.1454,689.6,10.12
08-08-2026 15:36,1536,1522,100,1,832,1937,4,0,0,63,0,5,110,50,72,172,132,-6.2,1.8,4,275,63,63,71,39,143,275,27,60,200,195,621,599,623,625,61,90,,80826,100626,N2157.0342,E08523.1431,690.1,10.12
08-08-2026 15:36,1494,1781,100,1,783,1857,4,0,0,62,0,6,111,59,64,176,121,-6,5,4,336,63,63,71,39,140,271,27,60,200,195,624,601,626,628,61,90,,80826,100627,N2157.0360,E08523.1411,690.5,9.41
08-08-2026 15:36,1377,1373,100,1,734,1767,4,0,0,62,0,4,110,55,69,164,117,-6.1,3.3,4,281,63,63,71,37,133,267,27,60,200,195,627,605,629,631,61,90,,80826,100628,N2157.0378,E08523.1392,690.8,8.74
08-08-2026 15:36,1280,1357,98,1,634,1515,3,0,0,62,0,2,110,70,69,177,112,-6.4,6.6,4,296,63,63,71,36,115,265,27,60,200,195,630,610,633,635,61,90,,80826,100629,N2157.0395,E08523.1375,691.1,8.19
08-08-2026 15:36,1396,1602,98,1,554,1321,3,0,0,62,0,9,109,52,40,167,154,-0.1,2.5,4,309,63,63,71,38,111,260,27,60,200,195,634,614,636,637,61,90,,80826,100630,N2157.0411,E08523.1360,691.4,6.88
08-08-2026 15:36,1395,1604,100,1,550,1281,3,0,0,62,0,6,109,65,42,154,127,-0.4,5,4,325,63,63,71,38,128,248,27,60,200,195,638,619,641,641,61,90,,80826,100631,N2157.0426,E08523.1348,691.7,6.88
08-08-2026 15:36,1364,1607,100,1,535,1290,3,0,0,62,0,6,109,70,43,143,164,4.8,0.6,4,332,63,63,71,37,126,248,27,60,200,194,643,625,646,646,61,90,,80826,100632,N2157.0441,E08523.1336,692,6.12
08-08-2026 15:36,1341,1599,100,1,471,1151,2,0,0,62,0,10,110,60,35,156,175,4.4,0.6,4,328,63,63,71,39,136,252,27,60,199,194,648,630,650,650,61,90,,80826,100633,N2157.0454,E08523.1325,692.2,5.66
08-08-2026 15:36,1493,1529,100,1,437,1018,2,0,0,62,0,7,110,65,42,125,156,5.4,-0.8,4,325,63,63,71,39,139,253,27,60,199,194,652,633,653,653,61,90,,80826,100634,N2157.0466,E08523.1315,692.3,5.43
08-08-2026 15:36,1496,1550,100,1,468,1113,2,0,0,62,0,7,110,70,47,125,176,7.4,-2.8,4,287,63,63,71,39,143,256,27,60,199,194,654,632,654,655,61,90,,80826,100635,N2157.0477,E08523.1305,692.5,5.37
08-08-2026 15:36,1525,1730,100,1,454,1080,2,0,0,62,0,7,110,63,50,137,155,3.1,-0.5,4,315,63,63,71,39,143,260,27,60,199,194,656,631,653,655,61,90,,80826,100636,N2157.0489,E08523.1295,692.9,5.37
08-08-2026 15:36,1521,1730,100,1,467,1099,2,0,0,62,0,8,111,58,51,138,156,2.5,-1.1,4,317,63,63,71,39,145,262,27,60,199,194,655,628,652,655,61,90,,80826,100637,N2157.0502,E08523.1286,693.4,5.5
08-08-2026 15:36,1534,1512,100,1,453,1073,2,0,0,62,0,8,111,58,52,139,158,2.5,-1.3,4,274,63,63,71,39,143,262,27,60,198,194,654,626,651,654,61,90,,80826,100638,N2157.0514,E08523.1276,693.8,5.4
08-08-2026 15:36,1530,1531,100,1,463,1085,2,0,0,62,0,8,110,58,50,139,156,2.5,-0.9,4,272,63,63,71,39,144,264,27,60,198,193,653,624,649,653,61,90,,80826,100639,N2157.0527,E08523.1267,694,5.54
08-08-2026 15:36,1556,1705,100,1,470,1111,2,0,0,62,0,8,110,57,55,150,151,0.3,0.1,4,304,63,63,71,39,146,263,27,60,198,193,652,622,648,652,61,90,,80826,100640,N2157.0540,E08523.1258,694.2,5.64
08-08-2026 15:36,1575,1702,100,1,478,1123,2,0,0,62,0,8,111,57,55,147,146,0.1,0.3,4,297,63,63,71,39,146,265,27,60,198,193,650,620,647,651,61,90,,80826,100641,N2157.0554,E08523.1249,694.4,5.64
08-08-2026 15:36,1599,1678,100,1,482,1135,2,0,0,62,0,7,111,57,54,143,157,1.7,-1.1,4,291,63,63,71,39,147,266,27,60,198,193,648,617,645,649,61,90,,80826,100642,N2157.0567,E08523.1240,694.5,5.79
08-08-2026 15:36,1624,1663,100,1,489,1156,2,0,0,62,0,7,112,55,53,146,149,0.5,-0.1,4,284,63,63,71,38,148,268,27,60,198,192,647,616,642,648,61,90,,80826,100643,N2157.0581,E08523.1230,694.9,5.89
08-08-2026 15:36,1634,1650,100,1,491,1156,2,0,0,62,0,8,111,57,54,143,157,1.7,-1.1,4,279,63,63,71,38,149,270,27,60,198,192,645,614,641,646,61,90,,80826,100644,N2157.0596,E08523.1221,695.3,5.91
08-08-2026 15:36,1666,1856,100,1,505,1187,2,0,0,62,0,7,111,59,56,130,163,3.6,-3,4,307,63,63,71,38,151,270,27,60,198,192,643,612,640,645,61,90,,80826,100645,N2157.0611,E08523.1212,695.7,6.03
08-08-2026 15:36,1701,1829,100,1,507,1203,2,0,0,62,0,6,110,59,56,139,151,1.5,-0.9,4,301,64,63,72,37,152,271,27,60,198,192,641,611,638,642,61,90,,80826,100646,N2157.0627,E08523.1204,696,6.03
08-08-2026 15:36,1728,1822,100,1,512,1201,2,0,0,62,0,6,110,56,68,160,139,-3.3,0.9,4,290,64,63,72,38,152,271,27,60,198,192,639,610,637,642,61,90,,80826,100647,N2157.0644,E08523.1196,696.5,6.19
08-08-2026 15:36,1751,1818,100,1,528,1250,2,0,0,62,0,7,110,53,60,152,143,-1.6,0.2,4,258,63,64,72,38,153,273,27,60,197,192,638,608,636,639,61,90,,80826,100648,N2157.0661,E08523.1190,696.5,6.12
08-08-2026 15:36,1764,1801,100,1,529,1255,2,0,0,62,0,7,111,55,57,157,128,-3.1,2.7,4,281,64,64,72,38,154,275,27,60,197,192,636,607,635,638,61,90,,80826,100649,N2157.0678,E08523.1185,696.6,6.14
08-08-2026 15:36,1749,1814,100,1,538,1269,2,0,0,62,0,7,111,56,52,165,135,-2.6,3.4,4,288,64,64,72,39,155,274,27,60,197,191,635,606,634,636,61,90,,80826,100650,N2157.0695,E08523.1179,696.8,6.32
08-08-2026 15:36,1761,1813,100,1,523,1246,2,0,0,62,0,7,111,62,50,124,165,5.3,-2.9,4,285,63,64,72,39,154,277,27,60,197,191,634,605,632,634,61,90,,80826,100651,N2157.0712,E08523.1174,697.1,6.32
08-08-2026 15:36,1764,1813,100,1,524,1248,2,0,0,62,0,6,110,67,50,143,149,2.3,1.1,4,284,64,64,72,39,153,274,27,60,197,191,633,604,632,634,61,90,,80826,100652,N2157.0730,E08523.1170,697.5,6.49
08-08-2026 15:36,1763,1822,100,1,538,1264,2,0,0,62,0,7,109,52,61,162,136,-3.5,1.7,4,286,64,64,72,39,156,275,27,60,197,190,633,604,631,632,61,90,,80826,100653,N2157.0748,E08523.1167,697.9,6.43
08-08-2026 15:36,1786,1808,100,1,531,1236,2,0,0,62,0,7,110,51,60,173,125,-5.7,3.9,4,281,64,64,72,39,154,271,27,60,197,190,632,604,630,632,61,90,,80826,100654,N2157.0766,E08523.1164,698.2,6.35
08-08-2026 15:36,1792,1799,100,1,536,1255,2,0,0,62,0,7,110,56,57,167,125,-4.3,4.1,4,279,64,64,72,39,155,272,27,60,197,190,632,604,630,631,61,90,,80826,100655,N2157.0785,E08523.1162,698.5,6.46
08-08-2026 15:36,1781,1809,100,1,536,1269,2,0,0,62,0,8,111,60,49,149,145,0.7,1.5,4,282,64,64,72,39,156,277,27,60,197,190,632,604,629,631,61,90,,80826,100656,N2157.0803,E08523.1161,699,6.46
08-08-2026 15:36,1781,1815,100,1,533,1260,2,0,0,62,0,7,111,68,46,148,153,2.7,1.7,4,282,64,64,72,38,156,273,27,60,196,190,631,604,629,630,61,90,,80826,100657,N2157.0821,E08523.1161,699.6,6.37
08-08-2026 15:36,1760,1813,100,1,510,1220,2,0,0,62,0,7,111,69,44,135,140,3,2,4,286,64,64,72,37,154,271,27,60,197,190,631,604,628,629,61,90,,80826,100658,N2157.0839,E08523.1160,700.3,6.32
08-08-2026 15:36,1710,1830,100,1,520,1236,2,0,0,62,0,7,110,74,43,153,165,4.3,1.9,4,302,64,64,72,37,154,270,27,60,196,190,630,604,628,629,61,90,,80826,100659,N2157.0856,E08523.1160,701.1,6
08-08-2026 15:37,1711,1836,100,1,511,1203,2,0,0,62,0,6,110,67,49,105,185,9.8,-6.2,4,298,64,64,72,37,154,266,27,60,196,190,630,604,628,629,61,90,,80826,100700,N2157.0874,E08523.1161,701.8,5.92
08-08-2026 15:37,1719,1618,100,1,523,1234,2,0,0,62,0,8,110,67,43,131,165,5.8,-1,4,260,64,64,72,37,154,265,27,60,196,190,630,604,629,629,61,90,,80826,100701,N2157.0892,E08523.1163,702.6,5.92
08-08-2026 15:37,1745,1616,100,1,526,1241,2,0,0,62,0,8,111,57,54,147,150,0.6,0,4,257,64,64,72,38,156,266,27,60,196,190,630,605,629,630,61,90,,80826,100702,N2157.0910,E08523.1165,703.2,6.31
08-08-2026 15:37,1744,1821,100,1,526,1236,2,0,0,62,0,7,111,53,61,164,130,-4.2,2.6,4,287,64,64,72,38,155,267,27,60,196,189,630,605,630,630,61,90,,80826,100703,N2157.0928,E08523.1168,703.9,6.38
08-08-2026 15:37,1767,1810,100,1,528,1253,2,0,0,62,0,7,111,53,57,166,129,-4.1,3.3,4,283,64,64,72,39,155,262,27,60,195,189,630,605,630,630,61,90,,80826,100704,N2157.0946,E08523.1173,704.4,6.4
08-08-2026 15:37,1775,1810,100,1,528,1253,2,0,0,62,0,7,110,60,53,156,143,-0.6,2,4,284,64,64,72,38,156,264,27,60,195,189,630,605,631,630,61,90,,80826,100705,N2157.0964,E08523.1178,704.8,6.42
08-08-2026 15:37,1767,1801,100,1,528,1257,2,0,0,62,0,7,110,62,48,139,155,3,-0.2,4,282,64,64,72,38,155,260,27,60,195,189,630,605,631,631,61,90,,80826,100706,N2157.0982,E08523.1184,705.2,6.42
08-08-2026 15:37,1789,1805,100,1,545,1279,2,0,0,62,0,7,110,67,46,141,155,3.5,0.7,4,278,64,64,72,39,157,257,27,60,195,189,630,606,631,629,61,90,,80826,100707,N2157.0999,E08523.1191,705.6,6.65
08-08-2026 15:37,1818,1798,100,1,549,1281,2,0,0,62,0,7,110,65,48,140,148,2.5,0.9,4,305,64,64,72,39,157,261,27,60,195,189,631,606,631,631,61,90,,80826,100708,N2157.1017,E08523.1199,705.9,6.7
08-08-2026 15:37,1840,1794,100,1,548,1293,2,0,0,61,0,6,110,65,51,135,154,3.3,-0.5,4,269,64,64,72,40,159,263,27,60,195,189,631,607,631,630,61,90,,80826,100709,N2157.1035,E08523.1208,706.2,6.72
08-08-2026 15:37,1845,1988,100,1,552,1305,2,0,0,61,0,7,110,65,44,138,154,3.7,0.5,4,272,64,64,72,40,159,263,27,60,195,189,631,607,631,629,61,90,,80826,100710,N2157.1051,E08523.1217,706.5,6.12
08-08-2026 15:37,1841,1783,100,1,545,1314,2,0,0,61,0,7,109,68,45,116,188,9.5,-4.9,4,267,64,64,72,40,160,264,27,61,195,188,631,607,632,630,61,90,,80826,100711,N2157.1068,E08523.1226,706.9,6.12
08-08-2026 15:37,1863,1787,100,1,572,1340,2,0,0,61,0,6,109,63,55,118,168,5.8,-4.2,4,281,64,64,72,41,159,267,27,60,195,188,632,607,632,629,61,90,,80826,100712,N2157.1084,E08523.1239,706.9,7.16
08-08-2026 15:37,1953,1821,100,1,581,1357,2,0,0,61,0,4,108,60,61,134,147,1.2,-1.4,4,256,64,64,72,40,158,267,27,60,195,188,632,605,631,627,61,90,,80826,100714,N2157.1118,E08523.1266,707.1,7.17
08-08-2026 15:37,1766,1782,100,0,633,1531,3,0,0,61,0,5,109,61,64,134,145,0.8,-1.4,4,248,64,64,73,38,138,248,27,60,194,188,628,601,625,622,61,90,,80826,100714,N2157.1118,E08523.1266,707.1,7.26
08-08-2026 15:37,1604,1671,100,1,646,1465,3,0,0,61,0,5,110,62,58,159,132,-2.3,3.1,4,288,64,65,73,39,145,239,27,61,194,188,627,603,626,622,61,90,,80826,100715,N2157.1136,E08523.1282,707,7.06
08-08-2026 15:37,1615,1666,100,1,650,1548,3,0,0,61,0,6,111,61,60,152,142,-0.9,1.1,4,287,64,65,73,39,151,237,27,60,194,188,629,606,629,626,61,90,,80826,100716,N2157.1152,E08523.1297,707.2,7.06
08-08-2026 15:37,1591,1674,100,1,640,1512,3,0,0,61,0,6,111,56,62,161,132,-3.5,2.3,4,298,64,65,73,39,150,239,27,61,194,187,632,608,631,628,61,90,,80826,100717,N2157.1169,E08523.1312,707.8,7.67
08-08-2026 15:37,1546,1738,100,1,611,1446,3,0,0,61,0,7,112,56,63,177,119,-6.5,5.1,4,313,64,65,73,38,148,240,27,60,194,187,633,610,633,632,61,90,,80826,100718,N2157.1187,E08523.1325,708.3,7.35
08-08-2026 15:37,1478,1557,100,1,597,1406,3,0,0,61,0,7,111,51,64,162,116,-5.9,3.3,4,341,64,65,73,38,147,240,27,61,194,187,636,613,637,636,61,90,,80826,100720,N2157.1220,E08523.1349,709.1,6.9
08-08-2026 15:37,1426,1601,100,1,568,1314,3,0,0,61,0,7,110,58,54,166,148,-1.4,2.2,4,313,64,65,73,37,144,241,27,61,194,187,639,618,642,641,61,90,,80826,100721,N2157.1237,E08523.1360,709.4,6.71
08-08-2026 15:37,1364,1621,100,1,544,1269,3,0,0,61,0,6,110,63,53,146,136,0,2,4,332,64,65,73,36,134,240,27,60,194,187,643,623,647,646,61,90,,80826,100721,N2157.1237,E08523.1360,709.4,6.44
08-08-2026 15:37,1316,1360,98,1,526,1243,2,0,0,61,0,4,109,68,62,150,135,-0.9,2.1,4,289,64,65,73,38,128,241,27,61,194,187,648,629,652,651,61,90,,80826,100723,N2157.1269,E08523.1381,709.8,6.23
08-08-2026 15:37,1513,1672,100,1,495,1180,2,0,0,61,0,9,110,48,46,140,147,0.9,-0.5,4,301,64,65,73,38,146,244,27,61,194,187,653,633,657,656,60,90,,80826,100724,N2157.1283,E08523.1391,710,5.89
08-08-2026 15:37,1607,1704,100,1,487,1123,2,0,0,61,0,7,109,62,51,153,150,0.8,1.4,4,277,64,65,73,39,148,249,27,61,194,187,657,635,659,659,60,90,,80826,100725,N2157.1297,E08523.1400,710.1,5.63
08-08-2026 15:37,1691,1625,100,1,526,1231,2,0,0,61,0,6,110,62,54,142,146,1.2,0.4,4,291,64,65,73,38,155,255,27,61,194,186,658,633,659,660,60,90,,80826,100726,N2157.1312,E08523.1410,710.3,6.01
08-08-2026 15:37,1797,1811,100,1,552,1283,2,0,0,61,0,5,110,62,58,145,147,0.6,0.2,4,269,64,65,73,40,158,264,27,61,194,186,658,631,657,658,60,90,,80826,100726,N2157.1312,E08523.1410,710.3,6.41
08-08-2026 15:37,1923,1683,100,0,593,1423,3,0,0,61,0,4,109,68,59,131,146,2.4,-0.6,4,247,64,65,73,39,122,267,27,61,193,186,656,623,652,654,60,90,,80826,100728,N2157.1346,E08523.1430,710.5,6.74
08-08-2026 15:37,1673,1515,100,1,624,1536,3,0,0,61,0,4,109,70,59,123,183,7.1,-4.9,4,259,64,65,73,38,140,251,27,61,193,186,650,618,645,647,61,90,,80826,100729,N2157.1365,E08523.1440,710.7,7.08
08-08-2026 15:37,1593,1679,100,1,651,1541,3,0,0,61,0,4,110,66,56,118,162,5.4,-3.4,4,292,64,65,73,39,149,246,27,61,193,186,648,618,644,645,61,90,,80826,100730,N2157.1385,E08523.1450,710.7,7.41
08-08-2026 15:37,1645,1650,100,1,680,1595,3,0,0,61,0,4,110,63,63,124,170,4.6,-4.6,4,272,64,65,73,38,152,246,27,61,193,186,647,619,644,646,61,90,,80826,100731,N2157.1406,E08523.1461,710.8,7.84
08-08-2026 15:37,1734,1821,100,1,707,1721,3,0,0,61,0,4,110,58,66,131,149,1,-2.6,4,289,64,65,73,39,155,256,27,61,193,186,646,619,645,647,61,90,,80826,100731,N2157.1406,E08523.1461,710.8,8.33
08-08-2026 15:37,1842,1992,100,1,765,1781,3,0,0,61,0,4,110,51,76,153,137,-4.1,-0.9,4,285,64,65,73,40,159,265,27,61,193,186,646,618,646,646,61,90,,80826,100733,N2157.1453,E08523.1482,710.7,8.82
08-08-2026 15:37,1906,908,50,0,762,1984,4,0,0,61,0,4,110,54,71,151,144,-2.4,-1,4,132,64,65,73,38,120,258,27,61,193,186,643,609,638,639,61,90,,80826,100734,N2157.1478,E08523.1494,710.7,9.36
08-08-2026 15:37,1612,1527,100,1,834,1968,4,0,0,61,0,4,110,46,76,165,118,-7.7,1.7,4,290,64,65,73,39,136,238,27,61,192,186,638,607,634,633,61,90,,80826,100735,N2157.1503,E08523.1506,710.7,9.66
08-08-2026 15:37,1624,1655,100,1,870,2031,4,0,0,61,0,4,109,64,64,125,150,2.5,-2.5,4,280,64,65,73,39,145,236,27,61,192,186,637,611,636,635,61,90,,80826,100736,N2157.1531,E08523.1519,710.6,10.39
08-08-2026 15:37,1740,1818,100,1,963,2267,4,0,0,61,0,2,109,73,62,153,142,0,2.2,4,286,64,65,73,38,156,246,27,61,192,185,639,614,640,638,61,90,,80826,100736,N2157.1531,E08523.1519,710.6,11.12
08-08-2026 15:37,1828,1971,100,1,992,2350,4,0,0,61,0,3,109,68,63,169,121,-4.3,5.3,4,297,64,65,74,40,157,258,27,61,192,185,640,616,642,640,61,90,,80826,100738,N2157.1592,E08523.1547,711,11.83
08-08-2026 15:37,1872,1767,100,1,1066,2473,4,0,0,61,0,3,109,69,59,185,95,-8,10,4,268,64,65,74,41,157,268,27,61,192,185,641,616,642,639,61,90,,80826,100739,N2157.1624,E08523.1558,711.3,12.14
08-08-2026 15:37,1994,1724,100,1,1079,2539,4,0,0,61,0,2,109,86,47,191,105,-4.7,12.5,4,237,64,65,74,38,154,268,27,61,192,185,640,611,638,636,61,90,,80826,100740,N2157.1659,E08523.1564,711.5,12.48
08-08-2026 15:37,1795,1637,100,1,1133,2657,5,0,0,61,0,2,106,80,59,195,37,-13.7,17.9,4,263,64,65,74,38,141,250,27,61,192,185,636,608,633,630,61,90,,80826,100741,N2157.1694,E08523.1564,711.6,13
08-08-2026 15:37,1583,1708,100,1,1141,2676,5,0,0,61,0,1,100,87,44,195,24,-12.8,21.4,4,301,64,66,74,39,146,246,27,61,192,184,635,610,634,632,61,90,,80826,100741,N2157.1694,E08523.1564,711.6,13.18
08-08-2026 15:37,1588,1686,100,1,1159,2763,5,0,0,61,0,5,95,118,25,195,26,-7.6,26.2,4,298,64,66,74,39,152,247,27,61,192,184,636,613,636,634,61,90,,80826,100743,N2157.1762,E08523.1543,711.8,12.64
08-08-2026 15:37,1577,1692,100,1,1148,2673,5,0,0,61,0,7,98,99,23,195,54,-6.5,21.7,4,297,64,66,74,39,151,249,27,61,192,184,638,615,638,637,61,90,,80826,100744,N2157.1793,E08523.1526,712.5,12.83
08-08-2026 15:37,1497,1559,100,1,986,2385,5,0,0,61,0,6,101,89,30,195,85,-5.1,16.9,4,310,64,66,74,36,140,249,27,61,192,184,640,617,641,640,61,90,,80826,100745,N2157.1815,E08523.1505,712.9,11.66
08-08-2026 15:37,1237,1062,98,1,868,2154,3,0,0,61,0,0,106,82,77,121,123,0.7,0.3,4,246,64,66,74,31,119,249,27,61,192,184,643,620,644,644,61,90,,80826,100746,N2157.1831,E08523.1481,713.6,10.16
08-08-2026 15:37,1428,26,30,1,616,1623,3,0,0,61,0,4,108,64,70,195,117,-8.4,7.2,4,300,64,66,74,39,79,229,27,61,192,184,643,615,639,642,61,90,,80826,100747,N2157.1845,E08523.1459,714.7,9.09
08-08-2026 15:37,1518,1602,100,1,615,1526,3,0,0,61,0,4,111,72,61,144,125,-0.8,3,4,300,64,66,74,37,112,213,27,61,191,184,643,623,644,646,61,90,,80826,100748,N2157.1858,E08523.1442,715.5,7.24
08-08-2026 15:37,1439,1585,100,1,524,1295,3,0,0,61,0,5,109,69,55,168,127,-2.7,5.5,4,319,64,66,74,36,126,212,27,61,191,184,649,633,653,654,61,90,,80826,100749,N2157.1869,E08523.1425,716.1,6.91
08-08-2026 15:37,1430,1539,100,1,488,1151,2,0,0,61,0,10,109,49,45,173,147,-2.2,3,4,293,64,66,74,38,129,222,27,61,191,184,658,641,660,662,61,90,,80826,100750,N2157.1878,E08523.1409,716.6,6.21
08-08-2026 15:37,1519,1741,100,1,447,1047,2,0,0,61,0,5,108,60,56,147,130,-1.3,2.1,4,310,64,66,74,38,146,231,27,61,191,184,663,645,665,667,61,90,,80826,100751,N2157.1887,E08523.1395,716.8,5.3
08-08-2026 15:37,1542,1724,100,1,476,1095,2,0,0,61,0,6,110,66,55,156,143,-0.2,2.4,4,309,64,66,74,39,149,241,27,61,191,184,667,644,666,668,61,90,,80826,100752,N2157.1896,E08523.1381,717.3,5.38
08-08-2026 15:37,1568,1693,100,1,476,1128,2,0,0,61,0,9,110,54,49,146,150,0.9,0.1,4,308,64,66,74,39,151,248,27,61,191,183,668,641,665,668,61,90,,80826,100753,N2157.1904,E08523.1366,717.5,5.17
08-08-2026 15:37,1540,1729,100,1,451,1078,2,0,0,61,0,9,111,55,48,141,155,2.1,-0.7,4,314,64,66,74,38,149,252,27,61,191,183,667,639,664,667,61,90,,80826,100754,N2157.1913,E08523.1352,717.7,5.39
08-08-2026 15:37,1469,1578,100,1,435,1038,2,0,0,61,0,8,110,55,49,151,149,0.4,0.8,4,301,64,66,74,38,147,255,27,61,191,183,666,638,663,667,61,90,,80826,100755,N2157.1921,E08523.1339,717.8,5.21
08-08-2026 15:37,1426,1578,100,1,413,977,2,0,0,61,0,8,110,50,62,156,139,-2.9,0.5,4,317,64,66,74,37,142,257,27,61,190,183,666,639,664,668,61,90,,80826,100756,N2157.1928,E08523.1326,718,5.1
08-08-2026 15:37,1375,1388,100,1,415,947,2,0,0,61,0,7,110,49,61,165,125,-5.2,2.8,4,281,64,66,74,36,138,257,27,61,190,183,667,641,667,671,61,90,,80826,100757,N2157.1935,E08523.1313,718.2,4.97
08-08-2026 15:37,1367,1605,100,1,414,984,2,0,0,61,0,8,110,46,65,194,97,-11.6,7.8,4,331,64,66,75,36,140,257,27,61,190,183,669,645,670,673,61,90,,80826,100758,N2157.1941,E08523.1300,718.1,4.83
08-08-2026 15:37,1374,1611,100,1,411,981,2,0,0,61,0,9,110,41,63,195,103,-11.4,7,4,324,64,66,75,36,140,259,27,61,190,183,671,649,673,676,61,90,,80826,100759,N2157.1946,E08523.1288,718.1,4.71
08-08-2026 15:37,1375,1391,100,1,410,968,2,0,0,61,0,8,110,49,61,194,110,-9.6,7.2,4,321,64,66,75,37,138,259,27,61,190,183,674,652,677,679,61,90,,80826,100800,N2157.1951,E08523.1274,718.4,4.54
08-08-2026 15:38,1377,1610,100,1,417,953,2,0,0,61,0,7,109,55,56,195,94,-10.2,10,4,324,64,66,75,37,139,259,27,61,190,183,677,655,679,682,61,90,,80826,100801,N2157.1957,E08523.1262,718.5,4.73
08-08-2026 15:38,1369,1611,100,1,413,988,2,0,0,61,0,8,109,55,51,178,121,-5.3,6.1,4,282,64,66,75,36,138,258,27,61,190,183,679,657,682,684,61,90,,80826,100802,N2157.1962,E08523.1248,718.6,4.61
08-08-2026 15:38,1327,1599,98,1,367,741,1,0,0,61,0,5,109,79,57,135,129,1.6,2.8,4,323,64,66,75,38,136,259,27,61,190,183,681,658,683,686,61,90,,80826,100803,N2157.1966,E08523.1236,718.9,4.62
08-08-2026 15:38,1580,1623,100,1,362,839,1,0,0,61,0,12,108,56,34,159,161,2.4,2,4,277,64,67,75,38,148,262,27,61,190,182,682,658,684,687,61,90,,80826,100804,N2157.1970,E08523.1226,719.1,4.27
08-08-2026 15:38,1646,1660,100,1,353,828,1,0,0,61,0,10,108,58,40,134,149,3.3,0.3,4,279,64,67,75,39,153,264,27,61,190,182,682,655,681,684,61,90,,80826,100805,N2157.1973,E08523.1216,719.3,3.69
08-08-2026 15:38,1689,1622,100,1,367,859,1,0,0,61,0,10,108,59,41,149,157,2.6,1,4,264,64,67,75,38,155,270,27,61,190,182,680,650,677,681,61,90,,80826,100806,N2157.1977,E08523.1205,719.2,4.08
08-08-2026 15:38,1751,1810,100,1,381,896,1,0,0,61,0,10,109,55,44,130,169,5,-2.8,4,286,64,67,75,37,157,271,27,61,190,182,675,644,673,676,61,90,,80826,100807,N2157.1981,E08523.1193,719.2,4.19
08-08-2026 15:38,1805,1805,100,1,393,918,1,0,0,61,0,10,110,53,41,146,163,2.9,-0.5,4,303,64,67,75,38,159,275,27,61,190,182,671,640,668,672,61,90,,80826,100808,N2157.1985,E08523.1181,719.4,4.45
08-08-2026 15:38,1828,1794,100,1,398,925,1,0,0,61,0,9,110,56,48,140,162,3,-1.4,4,272,64,67,75,39,161,277,27,61,190,181,667,636,664,666,61,90,,80826,100809,N2157.1990,E08523.1168,719.5,4.53
08-08-2026 15:38,1870,1772,100,1,397,939,1,0,0,61,0,9,110,52,50,158,144,-1.2,1.6,4,266,64,67,75,39,161,280,27,61,189,181,663,631,660,661,61,90,,80826,100810,N2157.1995,E08523.1156,719.7,4.68
08-08-2026 15:38,1864,1779,100,1,399,941,1,0,0,61,0,9,110,52,50,149,152,0.5,-0.1,4,265,64,67,75,39,163,281,27,61,189,181,660,628,657,657,61,90,,80826,100811,N2157.1999,E08523.1143,719.9,4.65
08-08-2026 15:38,1888,1963,100,1,399,941,1,0,0,61,0,9,110,49,52,162,138,-2.7,2.1,4,260,64,67,75,39,162,282,27,61,189,181,657,626,654,653,61,90,,80826,100812,N2157.2002,E08523.1129,720.1,4.68
08-08-2026 15:38,1899,1758,100,1,408,953,1,0,0,61,0,9,110,47,58,166,134,-4.3,2.1,4,256,64,67,75,39,162,282,27,61,189,181,654,624,652,649,61,90,,80826,100813,N2157.2006,E08523.1116,720.1,4.74
08-08-2026 15:38,1916,1929,100,1,411,968,1,0,0,61,0,8,110,46,56,183,115,-7.8,5.8,4,278,64,67,75,40,162,282,27,61,189,181,652,622,649,646,61,90,,80826,100814,N2157.2010,E08523.1102,720.2,4.74
08-08-2026 15:38,1935,1923,100,1,414,977,1,0,0,61,0,9,110,42,61,191,108,-10.2,6.4,4,275,64,67,75,39,161,281,27,61,189,181,650,621,647,644,61,90,,80826,100815,N2157.2014,E08523.1088,720.3,4.79
08-08-2026 15:38,1934,1921,100,1,416,979,1,0,0,61,0,8,109,39,64,195,97,-12.3,7.3,4,271,64,67,75,40,160,276,27,61,189,181,647,620,645,641,61,90,,80826,100816,N2157.2016,E08523.1073,720.5,4.73
08-08-2026 15:38,1963,1859,100,1,426,1005,1,0,0,62,0,6,108,55,60,189,104,-9,8,4,262,64,67,75,41,155,275,27,61,189,181,645,618,642,638,61,90,,80826,100817,N2157.2017,E08523.1059,720.7,4.84
08-08-2026 15:38,2004,1771,100,1,429,1017,1,0,0,62,0,7,108,61,54,176,120,-4.9,6.3,4,243,65,67,75,41,153,272,27,61,189,181,642,616,639,635,61,90,,80826,100818,N2157.2018,E08523.1043,721,5.02
08-08-2026 15:38,2039,1689,100,1,433,1033,2,0,0,62,0,8,110,55,51,164,131,-2.9,3.7,4,229,65,67,75,41,151,269,27,61,189,181,639,614,635,631,61,90,,80826,100819,N2157.2018,E08523.1029,721.2,4.97
08-08-2026 15:38,1984,1772,75,0,481,1028,2,0,0,62,0,13,110,38,37,182,107,-7.4,7.6,4,255,65,67,75,41,151,258,27,61,189,181,636,611,631,627,61,90,,80826,100820,N2157.2017,E08523.1013,721.4,5.1
08-08-2026 15:38,1632,1518,100,1,506,1137,2,0,0,62,0,8,110,52,52,163,136,-2.7,2.7,4,265,65,67,76,38,154,250,27,61,189,180,633,610,629,626,61,90,,80826,100821,N2157.2015,E08523.0995,721.6,5.1
08-08-2026 15:38,1674,1850,100,1,485,1137,2,0,0,62,0,4,109,76,55,162,130,-1.1,5.3,4,301,65,67,76,39,152,252,27,61,189,180,633,612,632,628,61,90,,80826,100822,N2157.2013,E08523.0976,721.8,5.85
08-08-2026 15:38,1743,1804,100,1,538,1255,2,0,0,62,0,4,109,66,59,153,133,-1.3,2.7,4,284,65,67,76,38,157,261,27,61,189,180,635,614,635,632,61,90,,80826,100823,N2157.2009,E08523.0957,722.1,6.11
08-08-2026 15:38,1868,1954,100,1,574,1359,2,0,0,62,0,3,110,82,58,124,157,5.7,-0.9,4,258,65,67,76,39,159,268,27,61,189,180,637,616,638,634,61,90,,80826,100824,N2157.2004,E08523.0936,722.6,6.41
08-08-2026 15:38,1978,0,100,1,611,1439,3,0,0,62,0,7,110,68,50,109,187,9.6,-6,4,0,65,67,76,38,122,257,27,61,188,180,637,612,634,632,61,90,,80826,100825,N2157.1998,E08523.0915,723,7.09
08-08-2026 15:38,1677,1692,100,1,626,1486,3,0,0,62,0,6,111,60,60,145,154,0.9,-0.9,4,277,65,67,76,38,145,241,27,61,188,180,635,613,634,632,61,90,,80826,100826,N2157.1990,E08523.0892,723.4,7.09
08-08-2026 15:38,1615,1680,100,1,649,1536,3,0,0,62,0,5,111,59,64,129,158,2.4,-3.4,4,290,65,67,76,38,150,240,27,61,188,180,636,616,636,635,61,90,,80826,100827,N2157.1981,E08523.0868,723.7,7.74
08-08-2026 15:38,1637,1651,100,1,694,1602,3,0,0,62,0,5,110,65,62,113,177,6.7,-6.1,4,275,65,67,76,38,155,246,27,61,188,180,638,618,640,639,61,90,,80826,100828,N2157.1970,E08523.0844,724.3,8.21
08-08-2026 15:38,1775,1777,100,1,731,1708,3,0,0,62,0,5,110,45,72,144,141,-3,-2.4,4,273,65,67,76,37,157,258,27,62,188,180,641,619,643,641,61,90,,80826,100829,N2157.1958,E08523.0821,724.6,8.65
08-08-2026 15:38,1855,670,50,0,772,1712,4,0,0,62,0,6,110,52,62,151,139,-2.2,0.2,4,103,65,67,76,37,120,246,27,62,188,180,641,611,638,637,61,90,,80826,100830,N2157.1944,E08523.0797,724.8,8.88
08-08-2026 15:38,1597,1496,100,1,759,1734,4,0,0,62,0,4,110,57,73,139,163,0.8,-4,4,293,65,67,76,36,131,229,27,62,187,180,638,612,636,634,61,90,,80826,100831,N2157.1928,E08523.0773,725.1,8.88
08-08-2026 15:38,1473,1546,100,1,823,1939,4,0,0,62,0,3,110,52,89,172,110,-9.9,2.5,4,291,65,67,76,37,145,225,27,62,187,179,640,619,642,639,61,90,,80826,100832,N2157.1911,E08523.0750,725.3,9.2
08-08-2026 15:38,1492,1533,100,1,831,1965,4,0,0,62,0,5,111,51,77,153,140,-3.9,-1.3,4,284,65,67,76,38,147,231,26,62,187,179,644,625,648,645,61,90,,80826,100833,N2157.1893,E08523.0726,725.7,9.56
08-08-2026 15:38,1507,1526,100,1,817,1956,4,0,0,62,0,4,111,57,75,150,143,-2.5,-1.1,4,324,65,67,76,38,151,238,26,62,187,179,649,628,653,650,61,90,,80826,100834,N2157.1874,E08523.0703,726.2,9.71
08-08-2026 15:38,1514,1734,100,1,827,1942,4,0,0,62,0,5,111,64,65,167,133,-3.5,3.3,4,316,65,67,76,38,150,243,26,62,187,179,653,630,655,654,61,90,,80826,100835,N2157.1854,E08523.0680,726.8,9.71
08-08-2026 15:38,1498,1766,100,1,801,1904,4,0,0,62,0,5,111,59,65,128,155,2.1,-3.3,4,294,65,67,76,37,148,245,26,62,187,179,655,632,658,657,61,90,,80826,100836,N2157.1834,E08523.0659,727.4,9.64
08-08-2026 15:38,1435,1590,100,1,790,1798,4,0,0,62,0,5,111,68,61,136,174,4.5,-3.1,4,309,65,67,76,36,146,246,26,62,187,179,658,635,661,660,61,90,,80826,100837,N2157.1814,E08523.0639,728,9.57
08-08-2026 15:38,1395,1613,100,1,749,1751,4,0,0,62,0,6,111,49,72,130,152,-0.1,-4.5,4,278,65,67,76,36,143,247,26,62,187,179,661,638,665,664,61,90,,80826,100838,N2157.1795,E08523.0619,728.3,8.95
08-08-2026 15:38,1345,1606,100,1,709,1673,4,0,0,62,0,5,111,52,69,125,179,3.7,-7.1,4,333,65,67,76,34,132,244,26,62,187,179,664,642,669,668,61,90,,80826,100839,N2157.1777,E08523.0600,728.7,8.35
08-08-2026 15:38,1263,1576,98,1,678,1583,3,0,0,62,0,1,111,63,86,121,128,-1.6,-3,4,353,65,68,76,31,121,242,26,62,187,179,667,646,672,672,61,90,,80826,100840,N2157.1760,E08523.0581,729.1,8.18
08-08-2026 15:38,1542,1539,100,1,600,1550,3,0,0,62,0,6,109,53,74,162,130,-5.3,1.1,4,277,65,68,76,37,134,238,26,62,187,178,670,649,674,674,61,90,,80826,100841,N2157.1744,E08523.0563,729.5,8.18
08-08-2026 15:38,1495,1754,100,1,615,1394,3,0,0,62,0,8,110,58,55,166,147,-1.6,2.2,4,321,65,68,76,38,142,237,26,62,187,178,673,652,676,677,61,90,,80826,100842,N2157.1730,E08523.0547,729.9,7.23
08-08-2026 15:38,1471,1570,100,1,608,1437,3,0,0,62,0,8,111,60,53,150,142,-0.1,1.5,4,297,65,68,77,37,148,240,26,62,187,178,676,653,678,679,61,90,,80826,100843,N2157.1716,E08523.0530,730.4,7.06
08-08-2026 15:38,1457,1571,100,1,589,1373,3,0,0,62,0,7,112,60,58,136,156,2.2,-1.8,4,299,65,68,77,37,145,243,26,62,187,178,677,653,679,680,61,90,,80826,100844,N2157.1702,E08523.0514,731,6.8
08-08-2026 15:38,1423,1592,100,1,555,1321,3,0,0,62,0,6,111,59,61,133,180,4.5,-4.9,4,320,65,68,77,36,143,245,26,62,187,178,678,654,679,681,61,90,,80826,100845,N2157.1689,E08523.0498,731.6,6.73
08-08-2026 15:38,1353,1619,100,1,531,1293,3,0,0,62,0,7,110,57,46,154,121,-2.2,4.4,4,334,65,68,77,35,137,246,26,62,187,178,679,655,681,683,61,90,,80826,100846,N2157.1676,E08523.0482,732,6.73
08-08-2026 15:38,1328,1607,100,1,541,1267,3,0,0,62,0,7,110,61,56,143,174,3.6,-2.6,4,336,65,68,77,35,136,247,26,62,186,178,680,658,683,685,61,90,,80826,100847,N2157.1664,E08523.0467,732.5,6.46
08-08-2026 15:38,1347,1609,93,1,540,1314,2,0,0,62,0,0,108,73,63,101,138,4.7,-2.7,4,324,65,68,77,37,132,249,26,62,186,178,682,660,686,688,61,90,,80826,100848,N2157.1652,E08523.0452,732.8,6.65
08-08-2026 15:38,1640,51,15,1,573,1267,2,0,0,62,0,1,108,91,71,135,112,-0.3,4.3,4,8,65,68,77,39,101,243,26,62,186,178,682,649,679,683,61,90,,80826,100849,N2157.1638,E08523.0439,733.2,6.3
08-08-2026 15:38,1595,0,2,1,482,1151,2,0,0,62,0,3,109,63,77,149,156,-0.7,-2.1,4,0,65,68,77,39,27,193,26,62,186,178,668,614,646,658,61,90,,80826,100850,N2157.1625,E08523.0428,733.6,5.46
08-08-2026 15:38,1401,0,0,1,396,932,2,0,0,62,0,2,110,64,72,135,136,-0.7,-0.9,4,0,65,68,77,35,18,140,26,62,186,178,641,572,603,620,61,90,,80826,100851,N2157.1612,E08523.0418,734,5.46
08-08-2026 15:38,1243,0,0,1,316,769,1,0,38,62,0,0,111,74,85,160,119,-5.2,3,4,0,65,68,77,27,10,101,26,62,186,178,610,539,568,587,61,90,,80826,100852,N2157.1600,E08523.0410,734.1,4.09
08-08-2026 15:38,958,0,0,0,209,483,1,0,38,62,0,0,110,60,90,136,133,-3.3,-2.7,4,0,65,68,77,18,8,74,26,62,186,177,579,511,538,557,61,90,,80826,100853,N2157.1591,E08523.0405,734,2.91
08-08-2026 15:38,728,5,0,0,92,243,1,0,38,62,0,-1,110,70,85,164,106,-7.3,4.3,4,65,65,68,77,13,6,56,26,62,186,177,551,491,515,534,61,90,,80826,100854,N2157.1586,E08523.0402,734,1.29
08-08-2026 15:38,622,134,0,0,0,0,1,0,38,62,0,3,109,51,80,152,132,-4.9,-0.9,5,57,65,68,77,13,5,43,26,62,186,177,527,480,501,518,61,90,,80826,100855,N2157.1585,E08523.0401,734,0.14
08-08-2026 15:38,631,137,0,0,0,0,1,0,38,62,0,1,109,60,80,159,118,-6.1,2.1,5,61,65,68,77,14,5,38,26,62,194,192,512,472,492,507,61,90,,80826,100856,N2157.1586,E08523.0402,734,0.14
08-08-2026 15:38,644,139,0,0,0,0,1,0,38,62,0,3,110,55,80,157,127,-5.5,0.5,5,60,65,68,77,14,5,34,26,62,208,206,501,467,485,499,61,90,,80826,100857,N2157.1586,E08523.0402,734,0.01
08-08-2026 15:38,652,180,0,0,0,0,1,0,38,62,0,3,110,57,80,157,126,-5.4,0.8,5,72,65,68,77,14,5,32,26,62,206,205,492,463,480,492,61,90,,80826,100858,N2157.1586,E08523.0402,734,0
08-08-2026 15:38,654,130,0,0,0,0,1,0,38,62,0,2,110,57,80,158,124,-5.7,1.1,5,55,65,68,77,14,5,30,26,62,206,204,485,459,474,486,61,90,,80826,100859,N2157.1586,E08523.0402,734,0
08-08-2026 15:39,650,131,0,0,0,0,1,0,38,62,0,2,110,57,80,157,125,-5.5,0.9,5,55,65,68,77,14,5,29,26,62,206,203,480,455,470,481,61,90,,80826,100900,N2157.1586,E08523.0402,734,0
08-08-2026 15:39,650,132,0,0,0,0,1,0,38,62,0,3,110,57,79,157,125,-5.4,1,5,55,65,68,77,14,5,28,26,62,205,203,475,452,465,476,61,90,,80826,100901,N2157.1586,E08523.0402,734,0
08-08-2026 15:39,650,175,0,0,0,0,1,0,38,62,0,3,110,57,79,157,125,-5.4,1,5,55,66,69,77,14,4,28,26,62,205,202,471,449,461,472,61,90,,80826,100902,N2157.1586,E08523.0402,733.9,0
08-08-2026 15:39,650,132,0,0,0,0,1,0,38,62,0,3,110,57,79,157,125,-5.4,1,5,55,66,68,77,14,4,28,26,62,205,201,467,446,457,467,61,90,,80826,100903,N2157.1586,E08523.0402,733.9,0
08-08-2026 15:39,651,176,0,0,0,0,1,0,38,62,0,2,110,57,79,157,125,-5.4,1,5,55,66,69,78,14,4,29,26,62,205,201,464,444,453,463,61,90,,80826,100904,N2157.1586,E08523.0402,733.9,0
08-08-2026 15:39,650,132,0,0,0,0,1,0,38,62,0,3,110,57,79,157,125,-5.4,1,5,55,66,69,78,14,4,30,26,62,203,200,461,441,450,459,61,90,,80826,100905,N2157.1586,E08523.0402,733.9,0
08-08-2026 15:39,650,133,0,0,0,0,1,0,38,62,0,3,110,57,78,157,126,-5.2,1,5,55,66,69,78,14,4,30,26,62,203,200,458,439,447,456,61,90,,80826,100906,N2157.1586,E08523.0402,733.9,0
08-08-2026 15:39,650,133,0,0,0,0,1,0,38,62,0,3,110,57,78,156,125,-5.2,1,5,55,66,69,78,14,4,30,26,62,203,199,455,437,444,453,61,90,,80826,100907,N2157.1586,E08523.0402,733.9,0
08-08-2026 15:39,651,132,0,0,0,0,1,0,38,62,0,2,110,57,78,156,125,-5.2,1,5,55,66,69,78,14,5,30,26,62,203,198,453,435,441,449,61,90,,80826,100908,N2157.1586,E08523.0402,733.9,0
08-08-2026 15:39,650,132,0,0,0,0,1,0,38,62,0,2,110,58,78,156,125,-5.1,1.1,5,55,67,69,78,14,4,30,26,62,203,198,451,433,438,447,61,90,,80826,100909,N2157.1586,E08523.0402,733.9,0
08-08-2026 15:39,649,133,0,0,0,0,1,0,38,62,0,3,110,58,78,156,126,-5,1,5,55,67,69,78,14,4,31,26,62,202,198,449,431,435,444,61,90,,80826,100910,N2157.1586,E08523.0402,733.9,0
08-08-2026 15:39,650,177,0,0,0,0,1,0,38,62,0,3,109,58,78,156,126,-5,1,5,76,67,69,78,14,4,32,26,62,202,198,447,429,433,441,61,90,,80826,100911,N2157.1586,E08523.0402,733.9,0
08-08-2026 15:39,650,133,0,0,0,0,1,0,38,62,0,3,109,58,78,156,126,-5,1,5,55,67,69,78,14,4,32,26,62,202,197,445,428,430,439,61,90,,80826,100912,N2157.1586,E08523.0402,733.9,0
08-08-2026 15:39,650,178,0,0,0,0,1,0,38,62,0,3,109,58,77,156,126,-4.9,1.1,5,76,67,69,78,14,4,32,26,62,201,197,443,426,428,436,61,90,,80826,100913,N2157.1586,E08523.0402,733.9,0
08-08-2026 15:39,652,131,0,0,0,0,1,0,0,62,0,3,109,58,77,156,126,-4.9,1.1,5,55,67,69,78,14,4,32,26,62,201,197,441,424,426,434,61,90,,80826,100914,N2157.1586,E08523.0402,733.9,0
08-08-2026 15:39,667,174,9,0,0,0,1,0,0,62,0,3,109,58,77,156,126,-4.9,1.1,5,70,67,69,78,15,4,33,26,62,201,197,440,424,425,433,61,90,,80826,100915,N2157.1586,E08523.0402,733.9,0
08-08-2026 15:39,718,204,5,0,0,0,1,0,0,62,0,3,110,58,77,156,126,-4.9,1.1,5,65,68,69,78,17,6,35,26,62,201,196,439,424,425,432,61,90,,80826,100916,N2157.1586,E08523.0402,733.9,0
08-08-2026 15:39,695,130,1,0,0,0,1,0,0,62,0,3,110,58,77,156,126,-4.9,1.1,5,52,68,69,78,15,5,35,26,62,201,196,439,423,424,431,61,90,,80826,100917,N2157.1585,E08523.0402,733.8,0.31
08-08-2026 15:39,663,174,1,0,0,0,1,0,0,62,0,3,110,58,77,156,126,-4.9,1.1,5,71,68,69,78,14,5,35,26,62,201,195,437,422,422,429,61,90,,80826,100918,N2157.1583,E08523.0401,733.5,0.39
08-08-2026 15:39,655,203,51,0,0,0,1,0,49,62,0,3,109,61,80,156,125,-5,1.2,5,84,68,69,78,20,5,38,26,62,200,195,436,423,422,429,61,90,,80826,100919,N2157.1581,E08523.0401,733,0.52
08-08-2026 15:39,858,466,100,0,72,143,1,0,0,62,0,5,109,51,70,158,130,-4.7,0.9,4,141,68,69,78,28,14,50,26,62,200,195,439,436,432,436,61,90,,80826,100920,N2157.1578,E08523.0400,732.7,0.56
08-08-2026 15:39,1139,813,100,0,132,290,1,0,0,62,0,5,110,61,63,135,159,2.2,-2.6,4,248,68,69,78,34,26,70,26,62,200,195,452,462,456,456,61,90,,80826,100921,N2157.1574,E08523.0397,732.4,0.56
08-08-2026 15:39,1387,1471,85,0,189,592,1,0,0,62,0,6,109,63,57,123,168,5.1,-3.9,4,278,68,69,78,39,85,104,26,62,200,195,475,499,492,487,61,90,,80826,100922,N2157.1569,E08523.0393,732.1,1.95
08-08-2026 15:39,1665,1865,83,0,327,743,1,0,0,62,0,2,108,75,59,102,173,8.7,-5.5,4,305,69,69,78,39,118,152,26,62,200,195,509,540,531,523,61,90,,80826,100923,N2157.1561,E08523.0388,731.7,3.61
08-08-2026 15:39,1985,1676,85,1,448,1043,2,0,0,62,0,2,108,80,75,138,159,2.6,-1.6,4,228,69,69,78,44,109,200,26,62,200,194,541,562,558,549,62,90,,80826,100924,N2157.1549,E08523.0381,731.3,4.53
08-08-2026 15:39,2005,1815,89,0,530,1213,2,0,0,62,0,6,110,69,51,164,103,-4.3,7.9,4,259,69,69,78,40,131,223,26,62,200,194,562,571,570,562,62,90,,80826,100925,N2157.1534,E08523.0376,731.2,5.27
08-08-2026 15:39,1724,1641,78,0,557,1397,3,0,0,62,0,4,108,45,80,151,115,-7.1,0.1,4,268,68,68,78,37,111,227,26,62,200,194,576,577,577,571,62,90,,80826,100926,N2157.1518,E08523.0373,730.7,5.27
08-08-2026 15:39,1486,1193,69,1,629,1401,3,0,0,62,0,2,109,86,45,154,118,0.5,7.7,4,248,68,68,78,38,114,229,26,62,199,194,585,581,583,578,62,90,,80826,100927,N2157.1499,E08523.0371,730.3,6.99
08-08-2026 15:39,1629,1270,70,1,635,1626,3,0,0,62,0,2,107,87,38,166,75,-4.2,14,4,214,68,68,78,38,113,232,26,62,199,194,593,585,589,585,62,90,,80826,100928,N2157.1478,E08523.0372,729.9,7.17
08-08-2026 15:39,1674,1145,68,1,723,1708,4,0,0,62,0,1,108,84,66,176,108,-5,8.6,4,40,68,68,78,37,91,233,26,62,199,194,597,580,589,585,63,90,,80826,100929,N2157.1457,E08523.0378,729.6,7.83
08-08-2026 15:39,1670,1023,68,0,715,1807,4,0,0,62,0,2,104,59,76,195,145,-6.7,3.3,4,171,68,68,78,33,71,207,26,62,198,193,593,572,582,580,63,90,,80826,100930,N2157.1437,E08523.0390,729.4,7.99
08-08-2026 15:39,1282,1163,66,1,687,1618,4,0,0,62,0,3,104,83,45,160,65,-5.7,13.3,4,240,68,68,78,32,87,191,26,62,198,193,591,579,586,583,63,90,,80826,100931,N2157.1427,E08523.0410,728.9,7.99
08-08-2026 15:39,1166,1083,85,1,651,1510,4,0,0,62,0,1,102,79,73,162,130,-2.6,3.8,4,258,67,68,78,31,91,195,26,62,198,193,597,593,599,594,63,90,,80826,100932,N2157.1419,E08523.0431,728.7,7.58
08-08-2026 15:39,1198,1349,72,1,641,1600,3,0,0,62,0,2,106,85,79,163,107,-5,6.2,4,311,67,68,78,31,81,198,26,62,198,192,610,606,613,607,63,90,,80826,100933,N2157.1411,E08523.0452,728.5,7.67
08-08-2026 15:39,1283,647,43,1,639,1569,3,0,0,62,0,-1,107,84,77,154,176,2.9,-1.5,4,93,67,68,78,36,48,183,26,62,198,192,616,598,608,607,63,90,,80826,100934,N2157.1402,E08523.0474,728.3,7.79
08-08-2026 15:39,1458,43,28,1,577,1314,3,0,0,62,0,-4,109,98,67,120,130,4.1,2.1,4,7,67,68,78,38,17,150,26,62,198,192,609,572,585,590,64,90,,80826,100935,N2157.1394,E08523.0496,728.4,7.38
08-08-2026 15:39,1445,0,27,1,568,1394,3,0,0,62,0,-3,108,107,74,68,195,16,-9.4,4,0,67,68,78,37,13,116,26,62,198,192,590,540,554,563,64,90,,80826,100936,N2157.1387,E08523.0518,728.7,6.86
08-08-2026 15:39,1330,0,26,1,556,1170,3,0,0,62,0,0,109,96,59,110,185,11.2,-3.8,4,0,67,68,78,33,9,93,26,62,198,192,564,509,522,534,64,90,,80826,100938,N2157.1382,E08523.0556,729.3,6.14
08-08-2026 15:39,1234,120,52,0,417,918,2,0,0,62,0,3,108,55,60,159,145,-1.9,0.9,4,202,67,68,78,37,20,87,26,62,197,192,540,499,507,517,64,90,,80826,100939,N2157.1386,E08523.0573,729,5.37
08-08-2026 15:39,1269,1111,56,1,371,887,1,0,0,62,0,-2,107,71,68,168,103,-6.2,6.8,4,248,66,68,78,36,37,94,26,62,197,191,532,513,517,522,64,90,,80826,100940,N2157.1394,E08523.0587,729,4.97
08-08-2026 15:39,1376,1190,59,1,333,774,1,0,0,62,0,2,107,47,74,182,106,-10.3,4.9,4,229,66,68,79,38,57,113,26,62,197,191,538,530,532,534,64,90,,80826,100941,N2157.1402,E08523.0599,728.7,4.24
08-08-2026 15:39,1485,243,33,1,303,729,1,0,0,62,0,-2,106,69,104,195,74,-15.6,8.6,4,45,66,68,79,38,51,117,26,62,197,191,546,536,540,541,64,90,,80826,100941,N2157.1402,E08523.0599,728.7,4.24
08-08-2026 15:39,1405,230,33,1,282,679,1,0,0,62,0,0,106,55,84,195,61,-16.3,10.5,4,46,66,68,79,35,24,106,26,63,197,191,546,524,530,534,64,90,,80826,100942,N2157.1411,E08523.0609,728.6,3.79
08-08-2026 15:39,1283,583,38,1,266,623,1,0,0,62,0,-3,105,69,94,117,140,-0.2,-4.8,4,112,66,68,79,35,25,100,26,63,197,190,540,516,521,525,64,90,,80826,100944,N2157.1433,E08523.0617,728.6,3.62
08-08-2026 15:39,1282,763,48,1,267,639,1,0,0,62,0,2,106,73,58,191,83,-9.3,12.3,4,164,66,68,79,34,36,98,26,63,197,190,534,518,520,522,64,90,,80826,100945,N2157.1445,E08523.0617,728.3,3.36
08-08-2026 15:39,1245,856,51,1,266,618,1,0,0,62,0,1,105,86,62,111,151,6.4,-1.6,4,161,66,68,79,34,43,107,26,63,197,190,536,529,529,528,64,90,,80826,100946,N2157.1456,E08523.0616,728.2,3.04
08-08-2026 15:39,1301,749,43,1,274,653,1,0,0,62,0,5,107,61,69,191,98,-10.1,8.5,4,159,66,68,79,35,42,108,26,63,197,190,542,537,537,535,63,90,,80826,100946,N2157.1456,E08523.0616,728.2,3.29
08-08-2026 15:39,1229,650,38,1,249,611,1,0,0,62,0,0,106,53,79,151,113,-6.4,1.2,4,159,66,68,79,30,40,109,26,63,196,190,547,541,541,538,63,90,,80826,100948,N2157.1476,E08523.0611,728.3,2.92
08-08-2026 15:39,1133,643,37,0,76,211,1,0,0,62,0,4,106,45,68,153,133,-4.3,-0.3,4,157,66,68,79,30,36,111,26,63,196,190,551,543,544,540,63,90,,80826,100949,N2157.1481,E08523.0611,728.7,1.94
08-08-2026 15:39,1038,594,13,0,0,0,1,0,0,62,0,2,104,56,76,139,139,-2,-2,5,24,66,68,79,21,23,99,26,63,117,115,552,537,540,538,63,90,,80826,100950,N2157.1481,E08523.0611,728.6,0.49
08-08-2026 15:39,715,143,0,0,60,0,0,1,0,62,0,2,105,61,80,142,133,-2.8,-1,5,56,66,68,79,14,14,85,26,63,124,123,547,526,530,529,63,90,,80826,100951,N2157.1480,E08523.0612,728.9,0.02
08-08-2026 15:39,763,701,50,0,76,132,12,0,0,62,0,5,108,55,69,155,145,-2.4,-0.4,4,242,67,68,79,18,14,80,26,63,143,142,540,523,525,523,63,90,,80826,100951,N2157.1480,E08523.0612,728.9,0.62
08-08-2026 15:39,1115,853,47,0,137,328,12,0,0,62,0,7,112,65,67,164,133,-3.3,2.9,4,187,67,68,79,33,31,84,26,63,156,154,540,534,533,530,63,90,,80826,100953,N2157.1476,E08523.0613,730.3,1.14
08-08-2026 15:39,1216,994,67,0,111,295,12,0,0,62,0,4,117,81,67,169,133,-2.2,5,4,225,67,68,79,34,41,99,26,63,183,182,548,551,548,542,63,90,,80826,100954,N2157.1473,E08523.0612,730.7,1.59
08-08-2026 15:39,1271,1263,95,0,73,181,12,0,0,62,0,3,120,89,66,119,163,6.7,-2.1,4,346,67,68,79,35,80,127,26,63,206,204,564,576,572,563,63,90,,80826,100955,N2157.1472,E08523.0608,731.1,1.15
08-08-2026 15:39,1370,1595,94,0,89,198,12,0,0,62,0,0,120,108,62,98,177,12.5,-3.3,4,321,68,68,79,36,102,164,26,63,206,204,586,602,598,588,63,90,,80826,100956,N2157.1471,E08523.0604,731.4,1.26
08-08-2026 15:39,1427,1579,71,0,126,358,12,0,0,62,0,0,118,108,59,66,195,17.8,-8,4,306,68,68,79,36,128,197,26,63,205,203,608,619,618,609,63,90,,80826,100956,N2157.1471,E08523.0604,731.4,1.68
08-08-2026 15:39,1334,1088,78,0,166,356,12,0,0,62,0,-2,111,122,55,21,195,24.1,-10.7,4,340,69,68,79,38,119,218,26,63,204,203,623,625,627,620,63,90,,80826,100958,N2157.1463,E08523.0594,731.8,2.17
08-08-2026 15:39,1527,1428,73,0,193,481,12,0,0,62,0,-1,104,111,59,64,195,18.3,-7.9,4,257,69,68,79,39,125,234,26,63,203,202,633,627,633,627,63,90,,80826,100959,N2157.1457,E08523.0589,732.1,2.58
08-08-2026 15:39,1529,1121,54,0,233,538,12,0,0,62,0,1,105,100,65,111,150,7.4,-0.4,4,36,70,68,79,36,67,223,26,63,203,201,637,615,626,623,63,90,,80826,101000,N2157.1449,E08523.0585,732.3,3.22
08-08-2026 15:40,1228,712,59,0,192,398,12,0,0,62,0,1,110,96,66,91,188,12.7,-6.7,4,164,70,68,79,36,68,197,26,63,203,201,629,603,614,613,63,90,,80826,101001,N2157.1442,E08523.0582,732.3,3.83
08-08-2026 15:40,1397,1483,100,0,154,363,12,0,0,62,0,-2,116,117,60,84,180,15.3,-3.9,4,324,71,68,79,38,97,198,26,63,202,200,627,614,621,618,63,90,,80826,101001,N2157.1442,E08523.0582,732.3,2.12
08-08-2026 15:40,1604,1647,100,0,198,453,12,0,0,62,0,-3,115,118,58,80,182,16.2,-4.2,4,282,71,68,79,38,137,218,26,63,201,200,635,627,634,629,63,90,,80826,101003,N2157.1433,E08523.0582,732.6,1.87
08-08-2026 15:40,1673,1840,94,0,217,505,12,0,0,62,0,0,114,84,84,149,121,-2.8,2.8,4,302,72,68,79,39,145,239,26,63,201,199,643,632,642,638,63,90,,80826,101004,N2157.1426,E08523.0583,732.9,2.72
08-08-2026 15:40,1704,1614,85,0,274,630,12,0,0,62,0,-4,113,74,105,195,44,-18.2,12,4,260,72,68,79,38,151,261,26,63,201,198,649,633,645,642,64,90,,80826,101005,N2157.1420,E08523.0588,733.3,2.97
08-08-2026 15:40,1759,1619,91,0,286,670,12,0,0,62,0,0,108,57,104,195,32,-21,11.6,4,282,73,68,79,37,153,278,26,63,201,198,651,632,645,642,64,90,,80826,101006,N2157.1414,E08523.0595,733.5,3
08-08-2026 15:40,1800,2001,86,0,328,792,12,0,0,62,0,-1,105,70,90,193,80,-13.3,9.3,4,308,73,68,79,37,151,291,26,63,201,198,651,628,645,643,64,90,,80826,101006,N2157.1414,E08523.0595,733.5,3.7
08-08-2026 15:40,1654,1415,67,0,323,771,12,0,0,62,0,5,107,44,93,140,155,-3.4,-6.4,4,39,74,68,79,37,78,261,26,63,200,197,645,607,629,630,65,90,,80826,101008,N2157.1396,E08523.0609,734,4.25
08-08-2026 15:40,1391,1458,83,0,272,660,12,0,0,62,0,0,113,87,83,126,142,2,-1.2,4,273,74,68,79,38,97,231,26,63,200,197,633,602,620,622,65,90,,80826,101009,N2157.1390,E08523.0617,734.2,4.08
08-08-2026 15:40,1660,1825,89,0,268,625,12,0,0,62,0,0,117,68,98,142,136,-3.6,-2.4,4,301,73,68,79,38,121,230,26,63,200,197,632,614,628,626,65,90,,80826,101010,N2157.1387,E08523.0624,734.6,2.86
08-08-2026 15:40,1759,1803,88,0,330,781,12,0,0,62,0,-2,117,89,81,142,133,-0.1,1.7,4,280,73,68,79,37,151,238,26,63,200,197,637,623,638,635,66,90,,80826,101011,N2157.1383,E08523.0633,734.9,3.17
08-08-2026 15:40,1802,1379,69,0,343,797,12,0,0,62,0,-1,115,77,92,126,149,0.8,-3.8,4,213,74,68,79,36,143,249,26,63,199,196,642,622,639,638,66,90,,80826,101012,N2157.1378,E08523.0643,735.1,3.56
08-08-2026 15:40,1753,1324,61,0,303,726,12,0,0,62,0,0,115,79,86,106,169,5.6,-7,4,217,74,68,79,38,110,242,26,63,199,196,641,613,632,632,66,90,,80826,101013,N2157.1375,E08523.0654,735.4,3.77
08-08-2026 15:40,1669,1611,100,0,317,738,12,0,0,62,0,-1,114,87,89,111,160,4.7,-5.1,4,263,73,68,79,38,131,240,26,63,198,196,637,614,632,632,67,90,,80826,101014,N2157.1372,E08523.0664,735.5,3.62
08-08-2026 15:40,1769,1810,84,0,328,769,12,0,0,62,0,0,114,77,89,120,142,1,-3.4,4,281,73,68,79,37,148,249,26,63,198,195,637,617,635,634,67,90,,80826,101015,N2157.1369,E08523.0676,735.6,3.61
08-08-2026 15:40,1714,867,53,0,340,809,12,0,0,62,0,1,113,76,78,128,161,3.1,-3.5,4,144,73,68,79,38,108,236,26,63,198,195,636,606,627,628,67,90,,80826,101016,N2157.1367,E08523.0687,735.7,4.13
08-08-2026 15:40,1537,1140,64,0,324,769,12,0,0,62,0,0,114,79,76,150,128,-1.9,2.5,4,204,73,68,79,38,92,213,26,63,198,195,628,597,618,619,67,90,,80826,101017,N2157.1363,E08523.0698,735.8,4.02
08-08-2026 15:40,1504,1137,64,0,326,764,12,0,0,62,0,7,115,66,73,103,191,8.1,-9.5,4,1,73,68,79,38,61,181,26,63,198,195,620,583,605,607,68,90,,80826,101018,N2157.1357,E08523.0708,735.8,3.89
08-08-2026 15:40,1194,0,22,0,260,634,12,0,0,62,0,2,116,68,70,153,125,-3,2.6,4,0,73,68,79,28,23,142,26,63,198,195,604,559,581,586,68,90,,80826,101019,N2157.1353,E08523.0718,735.7,4.09
08-08-2026 15:40,1212,1152,64,0,256,601,12,0,0,62,0,2,117,53,110,161,114,-10.4,-1,4,247,73,68,79,35,37,127,26,63,197,194,589,557,574,577,68,90,,80826,101020,N2157.1351,E08523.0727,735.7,3.16
08-08-2026 15:40,1455,1374,49,0,283,665,12,0,0,62,0,6,116,49,84,195,86,-14.4,7.4,4,0,72,68,79,33,35,118,26,63,198,194,586,560,577,579,68,90,,80826,101021,N2157.1350,E08523.0737,735.7,2.97
08-08-2026 15:40,1033,585,63,0,250,597,12,0,0,62,0,0,112,56,91,195,79,-15.1,8.1,4,164,72,68,79,33,23,101,26,63,197,194,581,552,568,571,68,90,,80826,101022,N2157.1349,E08523.0749,735.8,3.86
08-08-2026 15:40,1157,1156,61,0,256,608,12,0,0,62,0,3,111,53,75,184,114,-9.2,4.8,4,0,72,68,79,28,29,93,26,63,197,194,577,551,567,569,68,90,,80826,101022,N2157.1349,E08523.0749,735.8,3.86
08-08-2026 15:40,754,171,10,0,241,590,12,0,0,62,0,2,109,62,77,178,115,-7.8,4.8,4,67,72,68,79,17,18,80,26,63,197,194,572,542,558,562,68,90,,80826,101024,N2157.1343,E08523.0770,735.4,4.11
08-08-2026 15:40,754,238,0,0,245,573,12,1,0,62,0,3,111,54,79,126,149,-0.2,-4.8,4,15,72,68,79,17,11,66,26,63,190,187,563,529,545,550,68,90,,80826,101025,N2157.1337,E08523.0778,735.2,3.47
08-08-2026 15:40,699,41,0,0,215,387,12,1,0,62,0,9,109,68,34,194,118,-4.2,11,4,16,71,69,79,14,8,49,26,63,137,136,550,513,529,535,68,90,,80826,101026,N2157.1332,E08523.0783,735.1,3.26
08-08-2026 15:40,660,58,0,0,133,415,12,1,0,62,0,10,112,44,46,155,180,2.3,-2.7,4,25,71,69,79,14,5,41,26,63,131,129,536,498,513,520,68,90,,80826,101027,N2157.1328,E08523.0786,734.9,2.55
08-08-2026 15:40,612,128,0,0,0,146,12,1,0,62,0,0,112,90,86,121,147,3,-2.2,5,59,71,69,79,13,4,37,26,64,129,127,522,487,500,507,68,90,,80826,101028,N2157.1329,E08523.0786,734.9,0.05
08-08-2026 15:40,620,131,0,0,0,0,12,0,0,62,0,8,115,66,58,140,150,1.8,-0.2,5,57,71,69,79,14,4,35,26,64,129,128,511,480,491,498,68,90,,80826,101029,N2157.1329,E08523.0786,734.9,0.01
08-08-2026 15:40,760,467,76,0,0,0,12,0,0,62,0,5,116,70,77,114,174,5.3,-6.7,5,158,71,69,79,25,7,43,26,64,131,129,503,482,491,496,68,90,,80826,101030,N2157.1329,E08523.0785,735,0.01
08-08-2026 15:40,973,806,91,0,0,0,12,0,0,62,0,4,117,71,70,141,147,0.7,-0.5,5,249,71,69,79,29,21,58,26,64,132,130,504,495,501,503,68,90,,80826,101031,N2157.1329,E08523.0785,735,0.3
08-08-2026 15:40,1032,939,58,0,70,151,12,0,0,62,0,5,118,52,76,149,147,-2.6,-2.2,4,256,71,69,79,29,25,62,26,64,120,118,511,503,511,512,68,90,,80826,101032,N2157.1327,E08523.0784,735.2,0.48
08-08-2026 15:40,686,168,0,0,75,184,12,0,0,62,0,3,116,58,85,173,112,-8.8,3.4,4,71,72,69,79,13,11,58,26,64,129,128,515,499,509,512,68,90,,80826,101033,N2157.1327,E08523.0783,735.2,0.59
08-08-2026 15:40,639,150,0,0,71,158,12,0,0,62,0,3,115,55,87,177,107,-10.2,3.8,4,65,72,69,79,14,9,54,26,64,135,132,513,493,503,507,68,90,,80826,101034,N2157.1326,E08523.0783,735.1,0.78
08-08-2026 15:40,643,199,0,0,54,127,12,1,0,62,0,2,113,61,79,187,91,-11.4,7.8,4,86,72,69,79,14,7,48,26,64,145,144,509,486,496,500,67,90,,80826,101035,N2157.1324,E08523.0783,735,0.75
08-08-2026 15:40,649,145,0,0,68,211,12,1,0,62,0,6,113,50,65,193,111,-9.7,6.7,4,64,72,69,79,14,7,44,26,64,160,159,504,480,489,494,67,90,,80826,101036,N2157.1322,E08523.0782,734.9,0.84
08-08-2026 15:40,652,140,0,0,0,0,12,1,0,62,0,6,112,58,66,194,104,-9.8,8.2,5,59,73,69,79,14,6,41,26,64,171,170,498,475,483,488,67,90,,80826,101037,N2157.1320,E08523.0781,734.7,0.77
08-08-2026 15:40,652,139,0,0,0,0,0,1,0,62,0,3,112,61,73,186,100,-9.8,7.4,5,59,73,69,79,14,6,37,26,64,195,194,493,470,477,482,67,90,,80826,101038,N2157.1320,E08523.0781,734.7,0.01
08-08-2026 15:40,688,496,100,0,0,0,0,0,0,63,4,2,111,62,72,179,103,-8.6,6.6,5,183,73,69,79,23,10,42,26,64,206,205,488,471,476,480,67,90,,80826,101039,N2157.1320,E08523.0781,734.7,0
08-08-2026 15:40,1047,700,100,0,0,0,0,0,0,63,4,3,111,62,71,185,103,-9.1,7.3,5,236,73,69,79,31,17,53,26,64,205,204,490,486,487,488,67,90,,80826,101040,N2157.1321,E08523.0781,734.6,0.26
08-08-2026 15:40,1366,709,45,0,0,0,0,0,0,63,4,3,112,62,71,188,103,-9.4,7.6,5,139,73,69,79,39,29,74,26,64,204,203,501,501,501,501,67,90,,80826,101041,N2157.1322,E08523.0782,734.6,0.26
08-08-2026 15:40,1615,1126,71,0,0,0,0,0,0,63,4,3,112,61,69,190,105,-9.3,7.7,5,260,73,69,79,39,58,103,26,64,202,201,514,524,520,517,67,90,,80826,101042,N2157.1321,E08523.0781,734.6,0.03
08-08-2026 15:40,1999,941,51,0,0,0,0,0,0,63,4,3,112,55,62,195,109,-9.3,7.9,5,129,72,69,79,43,49,127,26,64,201,201,530,535,532,530,68,90,,80826,101043,N2157.1322,E08523.0781,734.6,0
08-08-2026 15:40,1904,380,43,0,0,0,0,0,0,63,4,3,112,52,60,195,112,-9.1,7.5,5,57,72,69,79,40,35,121,26,64,201,200,535,521,521,524,68,90,,80826,101044,N2157.1322,E08523.0781,734.6,0
08-08-2026 15:40,1737,385,43,0,0,0,0,0,0,63,4,4,111,47,55,195,116,-8.7,7.1,5,63,72,69,80,38,26,110,26,64,200,200,528,505,506,510,68,90,,80826,101045,N2157.1322,E08523.0781,734.6,0
08-08-2026 15:40,1660,344,40,0,0,0,0,0,0,63,4,4,109,45,52,195,119,-8.3,6.9,5,194,72,69,79,38,30,102,26,64,200,199,517,497,496,500,68,90,,80826,101046,N2157.1322,E08523.0781,734.6,0
08-08-2026 15:40,1893,1225,50,0,0,0,0,0,0,63,4,5,107,39,46,195,124,-7.8,6.4,5,173,71,69,80,43,65,121,26,64,199,198,515,511,506,506,68,90,,80826,101047,N2157.1322,E08523.0781,734.6,0
08-08-2026 15:40,1849,0,25,0,0,0,0,0,0,63,4,5,104,33,39,195,125,-7.6,6.4,5,0,71,69,79,38,27,112,26,64,198,198,517,500,500,503,69,90,,80826,101048,N2157.1322,E08523.0781,734.6,0
08-08-2026 15:40,1332,234,41,0,0,0,0,0,0,63,4,4,100,32,38,195,117,-8.4,7.2,5,50,71,69,80,37,18,99,26,64,198,197,508,484,484,489,69,90,,80826,101049,N2157.1322,E08523.0781,734.6,0
08-08-2026 15:40,1411,460,35,0,0,0,0,0,0,63,4,4,95,32,38,178,105,-7.9,6.7,6,51,71,69,80,37,17,92,26,64,197,197,499,477,475,481,69,90,,80826,101050,N2157.1322,E08523.0781,734.6,0
08-08-2026 15:40,1499,824,49,0,0,0,0,0,0,63,4,4,87,25,28,183,102,-8.4,7.8,6,147,70,69,80,38,30,95,26,64,197,196,493,479,476,479,69,90,,80826,101051,N2157.1321,E08523.0781,734.6,0
08-08-2026 15:40,1567,0,15,0,0,0,0,0,0,63,4,4,76,21,24,151,89,-6.5,5.9,6,0,70,69,80,37,16,85,27,64,197,196,490,467,466,472,69,90,,80826,101052,N2157.1321,E08523.0781,734.6,0
08-08-2026 15:40,1260,0,0,0,0,0,0,0,0,63,4,4,62,21,24,136,78,-6.1,5.5,6,67,70,69,80,31,12,74,27,64,196,195,480,449,449,457,69,90,,80826,101053,N2157.1321,E08523.0781,734.6,0
08-08-2026 15:40,1142,0,7,0,0,0,0,0,0,63,4,4,50,22,25,128,77,-5.4,4.8,6,0,70,69,80,25,8,62,27,64,195,195,465,433,432,441,69,90,,80826,101054,N2157.1321,E08523.0781,734.6,0
08-08-2026 15:40,969,25,23,0,0,0,0,0,0,63,4,4,43,22,24,125,76,-5.1,4.7,6,5,70,69,79,24,8,54,27,64,195,194,451,420,419,428,69,90,,80826,101055,N2157.1321,E08523.0781,734.6,0
08-08-2026 15:40,740,126,0,0,0,0,0,0,0,63,4,5,40,23,25,126,77,-5.1,4.7,6,52,70,69,80,15,7,45,27,64,195,194,438,411,409,418,68,90,,80826,101056,N2157.1321,E08523.0781,734.6,0
08-08-2026 15:40,612,179,0,0,0,0,0,1,0,63,4,5,39,23,25,121,75,-4.8,4.4,6,82,70,69,79,12,6,47,27,64,176,176,429,409,405,412,68,90,,80826,101057,N2157.1321,E08523.0782,734.6,0
08-08-2026 15:40,593,207,0,0,0,0,2,0,0,63,4,6,38,23,25,119,71,-5,4.6,6,96,70,69,80,12,7,50,27,64,176,176,424,410,404,410,68,90,,80826,101058,N2157.1321,E08523.0782,734.6,0
08-08-2026 15:40,634,272,5,0,0,0,2,0,0,63,4,6,37,20,21,123,65,-5.9,5.7,6,115,69,69,80,14,8,50,27,64,176,176,423,416,409,412,68,90,,80826,101059,N2157.1321,E08523.0782,734.5,0.52
08-08-2026 15:40,665,327,0,0,79,177,1,0,0,63,4,6,34,18,24,120,60,-6.6,5.4,6,137,69,69,80,14,10,52,27,64,176,176,425,422,415,416,68,90,,80826,101100,N2157.1321,E08523.0783,734.5,0.81
08-08-2026 15:41,682,310,5,0,108,238,1,0,0,63,4,7,30,15,25,90,63,-3.7,1.7,6,124,69,69,80,15,10,53,27,64,176,176,429,429,422,422,68,90,,80826,101101,N2157.1323,E08523.0784,734.5,0.81
08-08-2026 15:41,769,382,11,0,155,363,1,0,0,63,4,8,23,22,23,73,58,-1.6,1.4,6,134,70,69,80,20,13,56,27,64,176,176,434,439,431,429,68,90,,80826,101102,N2157.1326,E08523.0783,734.5,1.18
08-08-2026 15:41,817,251,9,0,145,361,1,0,0,63,4,4,16,29,27,53,42,-0.9,1.3,6,100,70,69,80,18,13,56,27,64,181,180,441,444,437,434,68,90,,80826,101103,N2157.1330,E08523.0781,734.4,1.82
08-08-2026 15:41,780,586,39,0,108,247,1,0,0,63,4,5,8,28,29,46,37,-1,0.8,6,210,70,69,80,21,15,62,27,64,206,205,446,453,446,441,68,90,,80826,101104,N2157.1333,E08523.0778,734.3,1.5
08-08-2026 15:41,895,805,56,0,93,221,1,0,0,63,4,6,3,27,29,49,36,-1.5,1.1,6,212,70,69,80,25,26,75,27,64,206,205,455,469,461,454,67,90,,80826,101105,N2157.1336,E08523.0776,734.3,1.19
08-08-2026 15:41,1003,456,21,0,103,235,1,0,0,63,4,5,0,27,29,51,31,-2.2,1.8,6,127,70,69,80,26,28,87,27,64,205,204,468,482,476,467,67,90,,80826,101106,N2157.1338,E08523.0773,734.3,1.19
08-08-2026 15:41,967,247,12,0,106,257,1,0,0,63,0,4,0,25,33,51,31,-2.8,1.2,6,73,70,69,80,22,17,86,27,64,205,203,480,484,479,472,67,90,,80826,101107,N2157.1341,E08523.0771,734.3,1.54
08-08-2026 15:41,945,438,30,0,113,261,1,0,0,63,0,5,0,25,33,55,26,-3.7,2.1,6,161,70,69,80,26,20,84,27,64,204,203,485,488,482,475,67,90,,80826,101108,N2157.1344,E08523.0768,734.4,1.4
08-08-2026 15:41,1074,732,42,0,155,349,1,0,0,63,0,5,0,26,33,48,32,-2.3,0.9,6,186,71,69,80,32,28,85,27,64,203,202,492,497,489,481,67,90,,80826,101109,N2157.1345,E08523.0764,734.4,1.78
08-08-2026 15:41,1171,593,35,0,177,410,1,0,0,63,0,5,0,29,31,43,34,-1.1,0.7,6,102,71,69,80,32,26,90,27,64,203,201,499,503,495,486,67,90,,80826,101110,N2157.1347,E08523.0759,734.4,2.11
08-08-2026 15:41,1133,351,29,0,176,450,1,0,0,63,0,4,0,28,42,50,25,-3.9,1.1,6,86,71,69,80,30,20,89,27,64,203,201,503,501,495,487,67,90,,80826,101111,N2157.1349,E08523.0753,734.4,2.11
08-08-2026 15:41,1122,361,26,0,192,457,1,0,0,63,0,2,0,32,38,51,19,-3.8,2.6,2,90,71,69,80,29,18,88,27,64,203,201,504,496,491,484,67,90,,80826,101112,N2157.1351,E08523.0747,734.4,2.37
08-08-2026 15:41,1070,313,24,0,186,438,1,0,0,63,0,2,1,33,40,49,21,-3.5,2.1,2,81,71,69,80,27,16,84,27,64,202,200,501,491,486,480,67,90,,80826,101113,N2157.1352,E08523.0741,734.6,2.27
08-08-2026 15:41,1046,293,24,0,176,421,1,0,0,63,0,3,1,32,41,46,23,-3.2,1.4,2,83,71,69,80,27,15,80,27,64,201,200,497,484,480,474,67,90,,80826,101114,N2157.1353,E08523.0736,734.7,1.46
08-08-2026 15:41,1020,317,24,0,172,403,1,0,0,63,0,4,1,33,39,27,42,0.9,-2.1,2,87,71,69,80,26,14,75,27,64,201,199,493,479,474,470,67,90,,80826,101115,N2157.1353,E08523.0731,734.8,1.84
08-08-2026 15:41,1010,328,24,0,152,361,1,0,0,63,0,3,1,37,39,26,41,1.3,-1.7,2,113,71,69,80,26,14,73,27,64,201,199,488,476,470,466,67,90,,80826,101116,N2157.1355,E08523.0724,735.1,1.84
08-08-2026 15:41,1040,406,30,0,160,370,1,0,0,63,0,4,1,37,37,27,40,1.3,-1.3,2,107,71,69,80,28,17,76,27,64,201,198,485,477,470,464,67,90,,80826,101117,N2157.1357,E08523.0719,735.3,1.84
08-08-2026 15:41,1087,410,27,0,180,446,1,0,0,63,0,2,1,36,43,28,38,0.3,-1.7,2,104,71,69,80,28,18,78,27,64,200,198,484,478,470,465,67,90,,80826,101118,N2157.1358,E08523.0713,735.4,2.07
08-08-2026 15:41,1070,372,23,0,187,441,2,0,0,63,0,0,2,40,41,35,29,-0.7,0.5,2,65,71,69,80,27,16,77,27,64,200,198,484,474,468,463,67,90,,80826,101119,N2157.1361,E08523.0707,735.7,2.19
08-08-2026 15:41,864,272,23,0,178,379,2,0,0,63,0,1,2,40,43,29,35,0.3,-0.9,2,91,71,69,80,22,12,69,27,64,200,197,480,467,460,457,67,90,,80826,101120,N2157.1364,E08523.0701,735.8,1.92
08-08-2026 15:41,946,772,43,0,184,415,2,0,0,63,0,5,2,40,38,30,37,0.9,-0.5,2,248,70,69,80,31,25,74,27,64,200,197,478,478,467,461,67,90,,80826,101121,N2157.1365,E08523.0696,735.3,1.92
08-08-2026 15:41,1237,391,27,0,249,545,2,0,0,63,0,0,2,40,40,28,35,0.7,-0.7,2,85,71,69,80,36,31,83,27,64,199,197,485,490,480,473,67,90,,80826,101122,N2157.1368,E08523.0691,735,2.66
08-08-2026 15:41,1154,367,27,0,275,656,2,0,0,63,0,-1,1,40,42,24,36,1,-1.4,2,90,71,69,80,29,20,88,27,64,199,197,492,490,482,476,67,90,,80826,101123,N2157.1370,E08523.0683,734.6,3.04
08-08-2026 15:41,1097,306,26,0,271,639,2,0,0,63,0,0,1,40,43,30,31,-0.2,-0.4,2,78,71,69,80,29,18,88,27,64,199,197,494,486,479,474,67,90,,80826,101124,N2157.1373,E08523.0674,734.2,3.11
08-08-2026 15:41,1138,890,57,0,302,696,2,0,0,63,0,0,1,40,40,32,31,-0.1,0.1,2,215,71,69,80,36,36,96,27,64,198,196,495,493,484,478,67,90,,80826,101125,N2157.1375,E08523.0664,734.1,3.22
08-08-2026 15:41,1349,829,49,0,340,792,2,0,0,63,0,0,1,41,40,35,26,-0.8,1,2,134,71,69,80,37,36,105,27,64,198,196,502,504,496,488,68,90,,80826,101126,N2157.1377,E08523.0654,734,3.22
08-08-2026 15:41,1373,687,50,0,348,826,2,0,0,63,0,0,1,41,41,34,27,-0.7,0.7,2,139,71,69,80,37,44,111,27,64,198,196,510,512,504,495,68,90,,80826,101127,N2157.1379,E08523.0643,733.9,3.85
08-08-2026 15:41,1419,823,53,0,362,856,2,0,0,63,0,1,1,42,40,24,37,1.5,-1.1,2,143,71,69,80,38,50,120,27,64,198,195,517,521,513,503,68,90,,80826,101128,N2157.1378,E08523.0631,733.9,3.73
08-08-2026 15:41,1401,351,36,0,362,872,2,0,0,63,0,2,1,37,43,38,28,-1.6,0.4,2,70,71,69,80,36,35,117,27,64,198,195,523,517,513,505,68,90,,80826,101129,N2157.1378,E08523.0620,734,3.39
08-08-2026 15:41,1301,321,32,0,303,729,2,0,0,63,0,0,1,36,44,43,21,-3,1.4,2,70,70,69,80,33,22,104,27,64,198,195,521,508,505,499,68,90,,80826,101130,N2157.1377,E08523.0608,734,3.31
08-08-2026 15:41,1181,354,30,0,287,674,2,0,0,63,0,2,1,35,46,47,18,-4,1.8,2,83,70,69,80,31,21,98,27,64,197,195,516,501,497,492,68,90,,80826,101131,N2157.1377,E08523.0597,734.1,3.31
08-08-2026 15:41,1127,384,26,0,261,620,2,0,0,63,0,0,1,35,46,41,21,-3.1,0.9,2,94,70,69,80,28,18,91,27,64,197,195,510,493,491,487,68,90,,80826,101132,N2157.1376,E08523.0588,734.1,2.73
08-08-2026 15:41,1046,293,22,0,247,604,2,0,0,63,0,0,1,36,46,41,22,-2.9,0.9,2,78,70,69,80,26,16,84,27,64,197,195,504,486,483,480,68,90,,80826,101133,N2157.1376,E08523.0579,734,2.82
08-08-2026 15:41,988,253,22,0,196,467,2,0,0,63,0,-1,1,38,44,35,28,-1.3,0.1,2,70,70,69,80,25,14,78,27,64,197,195,497,479,476,473,68,90,,80826,101134,N2157.1375,E08523.0570,734,2.52
08-08-2026 15:41,984,478,22,0,190,460,2,0,0,63,0,1,1,39,42,38,26,-1.5,0.9,2,135,70,69,80,25,15,75,27,64,197,194,491,477,472,468,68,90,,80826,101135,N2157.1376,E08523.0562,734,2.33
08-08-2026 15:41,1136,922,61,0,255,575,2,0,0,63,0,4,2,38,41,29,36,0.4,-1,2,219,70,69,80,36,42,85,27,64,197,194,490,492,484,477,68,90,,80826,101136,N2157.1376,E08523.0554,734,2.33
08-08-2026 15:41,1386,1185,60,0,333,762,2,0,0,63,0,0,2,45,36,24,37,2.2,-0.4,2,138,71,69,80,38,48,107,27,64,196,194,501,510,503,493,68,90,,80826,101137,N2157.1378,E08523.0545,733.9,3.62
08-08-2026 15:41,1453,496,43,0,382,885,2,0,0,63,0,1,2,40,43,31,28,-0.6,0,2,95,71,69,80,37,38,115,27,64,196,194,512,513,508,501,68,90,,80826,101138,N2157.1380,E08523.0532,733.8,4.26
08-08-2026 15:41,1361,806,49,1,412,958,2,0,0,63,0,5,2,41,39,28,40,1.4,-1,2,156,71,69,80,37,41,118,27,64,196,194,518,517,511,504,68,90,,80826,101139,N2157.1384,E08523.0517,733.7,4.7
08-08-2026 15:41,1443,707,49,1,436,1021,2,0,0,63,0,0,2,40,45,13,56,3.8,-4.8,2,135,71,69,80,38,40,121,27,64,196,194,522,518,513,507,68,90,,80826,101140,N2157.1387,E08523.0502,733.5,5.15
08-08-2026 15:41,1492,603,46,1,452,1062,2,0,0,63,0,0,2,40,46,17,52,2.9,-4.1,2,108,71,69,80,39,35,118,27,64,196,194,523,516,512,506,68,90,,80826,101141,N2157.1392,E08523.0486,733.7,5.15
08-08-2026 15:41,1509,725,51,1,455,1076,2,0,0,63,0,2,2,36,47,29,37,-0.3,-1.9,2,134,70,69,80,38,36,115,27,64,195,194,522,514,509,503,68,90,,80826,101142,N2157.1399,E08523.0470,734.2,5.11
08-08-2026 15:41,1508,696,51,1,457,1073,2,0,0,63,0,2,2,31,44,31,28,-1.6,-1,2,189,70,69,80,38,44,117,27,64,195,194,521,516,511,504,68,90,,80826,101143,N2157.1406,E08523.0454,734,5.31
08-08-2026 15:41,1555,1088,61,1,463,1156,2,0,0,63,0,3,2,32,47,33,28,-2,-1,2,193,70,69,80,39,60,128,27,64,195,193,525,526,521,510,68,90,,80826,101144,N2157.1414,E08523.0440,733.6,5.27
08-08-2026 15:41,1649,918,56,1,504,1184,2,0,0,63,0,3,2,34,47,41,27,-2.7,0.1,2,152,70,69,80,38,63,139,27,64,195,193,531,533,529,516,68,90,,80826,101145,N2157.1424,E08523.0426,733.3,5.99
08-08-2026 15:41,1732,899,56,1,524,1269,2,0,0,63,0,3,2,34,50,38,37,-1.7,-1.5,2,143,70,69,80,38,63,150,27,64,195,193,535,532,531,518,68,90,,80826,101146,N2157.1435,E08523.0410,733.6,5.99
08-08-2026 15:41,1783,152,42,0,557,1340,3,0,0,63,0,6,2,33,44,50,20,-4.1,1.9,2,24,70,69,80,38,53,144,27,64,195,193,535,526,526,515,68,90,,80826,101147,N2157.1448,E08523.0395,733.9,6.61
08-08-2026 15:41,1514,541,46,1,590,1430,3,0,0,63,0,-2,2,37,54,45,19,-4.3,0.9,2,99,69,69,80,38,41,133,27,64,195,192,531,519,519,509,68,90,,80826,101148,N2157.1463,E08523.0381,734,7.4
08-08-2026 15:41,1506,533,46,1,611,1446,3,0,0,63,0,-2,3,44,45,22,34,1.1,-1.3,2,97,69,69,80,38,35,125,27,64,195,192,525,512,511,503,68,90,,80826,101149,N2157.1480,E08523.0366,734.1,7.31
08-08-2026 15:41,1511,669,49,1,626,1472,3,0,0,63,0,2,2,42,51,14,53,3,-4.8,2,123,69,69,80,39,36,118,27,64,194,192,519,507,506,499,68,90,,80826,101150,N2157.1497,E08523.0354,734.2,7.5
08-08-2026 15:41,1566,971,59,1,653,1522,3,0,0,63,0,6,3,33,40,18,53,2.8,-4.2,2,168,69,68,80,39,56,120,27,64,194,192,517,513,509,499,68,90,,80826,101151,N2157.1518,E08523.0344,734.4,7.5
08-08-2026 15:41,1666,486,48,1,666,1562,3,0,0,63,0,0,3,37,53,17,40,0.7,-3.9,2,81,69,68,80,38,42,124,27,64,194,192,519,516,513,503,68,90,,80826,101152,N2157.1541,E08523.0337,734.6,8.44
08-08-2026 15:41,1669,563,46,1,655,1574,3,0,0,63,0,2,3,30,55,33,39,-1.9,-3.1,2,94,69,68,80,38,33,119,27,64,194,192,518,507,507,498,68,90,,80826,101153,N2157.1567,E08523.0337,734.6,8.83
08-08-2026 15:41,1602,434,42,1,634,1493,3,0,0,63,0,-2,2,31,54,29,28,-2.4,-2.2,2,74,69,68,80,39,26,109,27,64,194,192,511,494,496,489,68,90,,80826,101154,N2157.1591,E08523.0343,734.8,8.71
08-08-2026 15:41,1604,466,48,1,651,1519,3,0,0,63,0,1,2,31,53,36,31,-2.7,-1.7,2,142,69,68,80,39,34,106,27,64,194,192,504,491,491,482,68,90,,80826,101155,N2157.1615,E08523.0354,735,8.85
08-08-2026 15:41,1673,790,55,1,672,1585,3,0,0,63,0,1,2,34,43,26,35,0,-1.8,2,130,69,68,80,38,40,113,27,64,194,191,501,496,493,483,68,90,,80826,101156,N2157.1637,E08523.0371,735.2,8.85
08-08-2026 15:41,1678,341,42,0,724,1753,4,0,0,63,0,0,2,38,45,22,28,-0.1,-1.3,2,56,69,68,80,38,38,111,27,64,194,191,501,494,492,483,68,90,,80826,101157,N2157.1657,E08523.0390,735.3,9.37
08-08-2026 15:41,1512,1302,48,0,783,1866,4,0,0,63,0,0,2,37,43,24,22,-0.8,-0.4,2,90,69,68,80,38,36,108,27,64,194,191,500,491,489,481,68,90,,80826,101158,N2157.1675,E08523.0414,735.5,9.78
08-08-2026 15:41,1530,275,39,1,821,2017,4,0,0,63,0,1,3,44,42,31,35,0.6,-0.2,2,48,69,68,80,39,21,104,27,64,194,191,496,481,480,475,68,90,,80826,101159,N2157.1693,E08523.0439,735.5,10.36
08-08-2026 15:42,1584,304,39,1,866,2041,4,0,0,63,0,6,3,37,34,32,40,1.1,-0.5,2,83,68,68,80,39,19,96,27,64,193,191,488,469,469,465,67,90,,80826,101200,N2157.1711,E08523.0465,735.6,10.54
08-08-2026 15:42,1624,545,43,1,924,2164,4,0,0,63,0,4,2,43,43,54,32,-2.2,2.2,2,91,68,68,80,38,19,91,27,64,193,191,479,459,459,456,67,90,,80826,101201,N2157.1731,E08523.0490,735.5,10.54
08-08-2026 15:42,1524,904,36,0,998,2421,5,0,0,63,0,-4,2,48,51,40,35,-0.8,0.2,2,168,68,68,80,37,23,84,27,64,193,191,470,451,450,448,67,90,,80826,101202,N2157.1753,E08523.0515,735.2,11.81
08-08-2026 15:42,1487,290,36,1,1125,2614,5,0,0,63,0,-5,3,44,52,22,26,-0.4,-1.2,2,53,68,68,80,39,13,81,27,64,193,190,461,439,439,438,67,90,,80826,101203,N2157.1777,E08523.0543,734.8,13.2
08-08-2026 15:42,1543,0,27,1,1155,2699,5,0,0,63,0,-2,3,43,47,30,20,-1.4,0.6,2,0,68,68,80,39,11,74,27,64,193,190,449,418,421,422,67,90,,80826,101204,N2157.1803,E08523.0573,734.4,14
08-08-2026 15:42,1597,0,26,1,1179,2775,5,0,0,63,0,-3,3,46,46,22,26,0.4,-0.4,2,0,68,68,80,38,8,67,27,64,192,190,432,394,399,403,67,90,,80826,101206,N2157.1861,E08523.0637,733.3,14.62
08-08-2026 15:42,1647,0,26,1,1221,2900,5,0,0,63,0,-1,3,44,48,22,36,1,-1.8,2,0,68,68,80,37,8,63,27,64,192,190,412,369,374,380,67,90,,80826,101206,N2157.1861,E08523.0637,733.3,14.95
08-08-2026 15:42,1694,0,26,1,1262,2961,5,0,0,63,0,-1,3,44,53,40,36,-1.3,-0.5,2,0,68,68,80,38,8,60,27,64,192,190,389,347,352,360,67,90,,80826,101208,N2157.1920,E08523.0708,731.8,15.47
08-08-2026 15:42,1617,0,0,1,1274,3093,6,0,0,63,0,-4,3,41,50,26,30,-0.5,-1.3,2,0,68,68,80,36,9,54,27,64,192,190,370,328,333,341,67,90,,80826,101209,N2157.1947,E08523.0748,731.2,15.99
08-08-2026 15:42,1386,0,9,1,1325,3127,6,0,0,63,0,-2,4,36,49,31,25,-1.9,-0.7,2,0,68,68,80,36,7,51,27,64,192,190,351,311,316,325,67,90,,80826,101210,N2157.1972,E08523.0790,730.9,16.58
08-08-2026 15:42,1333,0,13,1,1320,3134,6,0,0,63,0,1,3,39,42,27,29,-0.1,-0.5,2,0,68,68,80,36,6,50,27,64,192,190,334,297,302,310,67,90,,80826,101211,N2157.1995,E08523.0834,730.2,16.54
08-08-2026 15:42,1300,0,1,1,1295,3039,6,0,0,63,0,-2,3,43,47,27,30,-0.1,-0.7,2,0,68,68,80,36,6,47,27,64,192,190,319,283,289,297,67,90,,80826,101211,N2157.1995,E08523.0834,730.2,16.45
08-08-2026 15:42,1308,0,0,1,1313,3020,6,0,0,63,0,-6,3,40,61,28,22,-2.7,-1.5,2,0,68,68,80,36,5,47,27,64,192,190,306,272,276,285,67,90,,80826,101212,N2157.2014,E08523.0879,729.5,16.18
08-08-2026 15:42,1324,0,70,0,1076,2742,5,0,41,63,0,-4,3,46,48,19,43,2.2,-2.6,2,0,68,68,80,38,13,53,27,64,192,189,296,277,276,283,67,90,,80826,101214,N2157.2040,E08523.0972,728.5,16.5
08-08-2026 15:42,1282,456,0,0,796,1833,4,0,41,63,0,-7,3,37,60,25,30,-1.8,-2.8,2,95,68,68,80,38,8,59,27,64,192,189,294,282,280,285,67,90,,80826,101215,N2157.2044,E08523.1015,728.1,15.35
08-08-2026 15:42,1590,0,0,1,952,2197,3,0,0,64,0,-5,3,43,53,28,33,-0.5,-1.5,2,110,68,68,80,38,10,66,27,64,192,189,294,281,280,285,67,90,,80826,101216,N2157.2042,E08523.1054,728,13.24
08-08-2026 15:42,1803,353,39,0,941,2090,3,0,0,64,0,-7,2,37,58,25,24,-2.2,-2,2,52,68,68,80,44,17,77,27,64,208,206,296,289,286,290,67,90,,80826,101216,N2157.2042,E08523.1054,728,11.96
08-08-2026 15:42,2064,0,0,0,872,2043,3,0,0,64,0,-2,2,34,58,31,34,-2.1,-2.7,2,0,68,68,80,46,12,91,27,64,207,205,298,282,282,287,67,90,,80826,101218,N2157.2023,E08523.1126,727.7,11.86
08-08-2026 15:42,2156,0,0,1,877,2069,3,0,0,64,0,-6,2,45,53,35,25,-1.8,0.2,2,0,68,68,80,46,11,99,27,64,206,205,294,271,273,279,67,90,,80826,101219,N2157.2008,E08523.1160,727.1,12.06
08-08-2026 15:42,2202,0,0,1,892,2102,3,0,0,64,0,-6,3,46,50,26,27,-0.3,-0.5,2,0,68,68,80,46,11,103,27,64,206,205,287,257,259,267,67,90,,80826,101220,N2157.1993,E08523.1194,726.6,11.96
08-08-2026 15:42,2253,0,0,1,920,2149,3,0,0,64,0,-4,2,44,46,27,27,-0.2,-0.2,2,0,68,67,80,47,12,107,27,64,206,204,276,246,248,255,67,90,,80826,101221,N2157.1976,E08523.1228,725.9,12.06
08-08-2026 15:42,2306,0,0,1,941,2199,3,0,0,65,0,-5,2,46,48,27,37,0.8,-1.2,2,0,68,67,80,48,12,110,27,64,205,203,266,236,237,245,67,90,,80826,101221,N2157.1976,E08523.1228,725.9,12.67
08-08-2026 15:42,2353,0,0,1,967,2270,3,0,0,65,0,-3,3,39,47,27,39,0.4,-2,2,0,68,67,80,48,13,116,27,64,205,203,256,226,228,234,68,90,,80826,101223,N2157.1948,E08523.1292,725.2,11.47
08-08-2026 15:42,2397,0,0,1,974,2296,3,0,0,65,0,-8,3,44,57,27,20,-2,-0.6,2,0,68,67,80,48,13,117,27,64,205,202,247,218,219,226,68,90,,80826,101224,N2157.1931,E08523.1324,724.6,11.06
08-08-2026 15:42,2431,0,0,1,988,2334,4,0,0,65,0,-7,3,43,56,30,18,-2.5,-0.1,2,0,68,67,80,48,14,121,27,64,205,202,238,211,212,218,68,90,,80826,101225,N2157.1912,E08523.1357,724.5,12.72
08-08-2026 15:42,2296,0,0,0,1034,2393,4,0,34,65,0,-2,3,42,46,25,25,-0.4,-0.4,2,0,68,67,80,46,16,111,27,64,204,201,231,205,205,211,68,90,,80826,101226,N2157.1892,E08523.1392,724.4,12.92
08-08-2026 15:42,1974,0,0,1,932,2277,4,0,42,65,0,-10,3,50,59,22,25,-0.6,-1.2,2,0,68,67,80,38,13,93,27,64,204,201,223,198,199,204,68,90,,80826,101226,N2157.1892,E08523.1392,724.4,14.29
08-08-2026 15:42,1606,0,0,1,775,1912,3,0,43,65,0,-9,3,43,58,24,26,-1.3,-1.7,2,0,68,67,80,37,11,77,27,64,204,201,216,193,193,198,67,90,,80826,101228,N2157.1852,E08523.1459,723.7,14.04
08-08-2026 15:42,1321,848,39,0,570,1649,3,0,18,65,0,-9,3,49,57,24,26,-0.6,-1,2,181,68,67,80,38,15,77,27,64,203,201,213,210,202,203,67,90,,80826,101229,N2157.1832,E08523.1486,723.4,12.2
08-08-2026 15:42,1614,0,0,1,730,1677,3,0,0,66,0,-6,3,40,55,26,26,-1.5,-1.5,2,0,68,67,80,40,9,75,27,64,207,205,219,216,211,211,67,90,,80826,101230,N2157.1811,E08523.1510,722.8,11.19
08-08-2026 15:42,1917,0,0,1,799,1864,3,0,0,66,0,-4,3,41,52,30,27,-1.4,-0.8,2,0,68,67,80,43,9,80,27,64,206,205,221,212,210,210,67,90,,80826,101231,N2157.1789,E08523.1531,722.2,10.6
08-08-2026 15:42,2030,0,0,1,828,1956,3,0,0,66,0,-4,3,39,57,23,36,-0.5,-3.1,2,0,68,67,80,44,10,84,27,64,206,205,221,207,205,206,68,90,,80826,101232,N2157.1765,E08523.1550,721.6,10.43
08-08-2026 15:42,2072,0,1,1,840,1971,3,0,0,67,0,-5,3,38,58,22,38,-0.4,-3.6,2,0,68,67,80,44,10,87,27,64,206,203,217,201,199,200,68,90,,80826,101233,N2157.1738,E08523.1568,721,11.07
08-08-2026 15:42,2111,0,17,1,845,2008,3,0,0,67,0,-3,3,34,59,27,45,-0.7,-4.3,2,0,68,66,80,44,11,88,27,64,206,203,213,195,193,195,68,90,,80826,101234,N2157.1711,E08523.1584,720.7,11.02
08-08-2026 15:42,2060,0,36,1,797,1911,3,0,0,67,0,-1,3,27,55,25,34,-1.9,-3.7,2,132,68,66,80,43,23,90,27,64,205,203,211,211,201,200,68,90,,80826,101235,N2157.1683,E08523.1594,720.6,10.52
08-08-2026 15:42,2053,861,51,1,832,2083,3,0,0,67,0,3,3,24,51,36,22,-4.1,-1.3,2,116,68,66,80,41,46,102,27,64,205,202,221,245,229,221,68,90,,80826,101236,N2157.1654,E08523.1600,720.6,10.22
08-08-2026 15:42,1942,1665,98,0,992,2338,4,0,0,67,0,4,3,23,48,36,25,-3.6,-1.4,2,270,68,66,80,38,87,126,27,64,205,202,246,299,276,260,68,90,,80826,101236,N2157.1654,E08523.1600,720.6,10.38
08-08-2026 15:42,1875,1746,100,1,1027,2421,4,0,0,67,0,1,2,30,51,23,48,0.4,-4.6,2,258,68,66,80,38,110,161,27,64,205,202,288,353,330,309,68,90,,80826,101238,N2157.1587,E08523.1596,720.7,11.52
08-08-2026 15:42,1769,1327,100,0,1160,2704,5,0,0,67,0,3,2,30,49,37,32,-2.4,-1.4,2,267,68,66,80,38,111,181,27,64,204,201,331,396,373,350,68,90,,80826,101239,N2157.1550,E08523.1586,720.7,12.86
08-08-2026 15:42,1657,1571,100,1,1199,2909,5,0,0,67,0,4,2,35,40,29,39,0.5,-1.5,2,262,68,66,80,38,129,208,27,64,204,201,374,435,414,390,68,90,,80826,101240,N2157.1511,E08523.1572,720.7,13.51
08-08-2026 15:42,1739,1526,99,1,1302,3065,5,0,0,67,0,4,2,37,42,27,40,0.8,-1.8,2,268,68,66,80,37,135,241,27,64,204,201,414,468,451,426,68,90,,80826,101241,N2157.1471,E08523.1555,720.7,14.14
08-08-2026 15:42,1779,1703,53,1,1291,3060,5,0,0,67,0,3,2,35,49,40,39,-1.5,-1.3,2,265,68,66,80,38,111,256,27,64,204,201,447,483,474,452,68,90,,80826,101242,N2157.1430,E08523.1537,720.8,14.87
08-08-2026 15:42,1817,216,51,1,1284,3105,6,0,0,67,0,0,3,37,48,27,26,-1.2,-1,2,34,68,66,80,37,50,235,27,64,203,201,467,482,480,463,68,90,,80826,101243,N2157.1388,E08523.1517,720.7,15.83
08-08-2026 15:42,1533,232,38,0,1328,3115,6,0,0,67,0,0,2,39,47,29,34,-0.3,-1.3,2,43,68,66,80,36,35,188,27,64,203,200,473,469,471,458,68,90,,80826,101244,N2157.1347,E08523.1495,720.4,15.9
08-08-2026 15:42,1358,182,25,1,1325,3077,6,0,0,67,0,-1,2,40,45,29,41,0.7,-1.7,2,37,68,66,80,36,15,145,27,64,203,200,470,449,454,445,68,90,,80826,101245,N2157.1305,E08523.1471,720,16.25
08-08-2026 15:42,1332,0,17,1,1329,3129,6,0,0,67,0,-1,2,40,47,28,28,-0.7,-0.7,2,0,68,66,80,37,10,111,27,64,203,200,457,424,431,426,68,90,,80826,101246,N2157.1264,E08523.1446,719.4,16.53
08-08-2026 15:42,1346,0,15,1,1347,3178,6,0,0,67,0,-3,2,41,48,21,26,-0.2,-1.2,2,0,68,66,80,37,7,87,27,64,203,200,439,398,406,405,68,90,,80826,101247,N2157.1223,E08523.1418,718.9,16.87
08-08-2026 15:42,1355,0,16,1,1358,3230,6,0,0,67,0,0,1,40,47,31,34,-0.4,-1,2,0,68,66,80,37,6,73,27,64,203,200,418,373,382,384,68,90,,80826,101248,N2157.1182,E08523.1391,718.8,16.92
08-08-2026 15:42,1398,0,15,1,1401,3405,5,0,28,67,0,-3,1,40,50,29,26,-1.3,-0.7,2,0,68,66,80,39,13,66,27,64,203,200,395,356,362,364,68,90,,80826,101249,N2157.1139,E08523.1363,718.5,17.53
08-08-2026 15:42,1615,943,85,0,1274,3131,5,0,7,67,0,-6,2,49,54,32,32,-0.5,-0.5,2,0,68,66,80,38,15,76,26,64,202,200,382,359,361,362,68,90,,80826,101250,N2157.1096,E08523.1333,718.3,18.12
08-08-2026 15:42,1978,0,17,0,1307,2992,4,0,7,67,0,-4,3,51,45,25,29,1,0.2,2,0,68,66,80,48,14,94,26,64,202,200,376,351,355,358,68,90,,80826,101251,N2157.1055,E08523.1306,717.8,17.79
08-08-2026 15:42,2272,0,16,1,1229,2935,4,0,7,67,0,-2,4,43,46,23,35,0.9,-1.5,2,0,68,66,80,47,13,101,26,64,202,199,366,331,339,344,68,90,,80826,101252,N2157.1015,E08523.1283,717.6,16.32
08-08-2026 15:42,2250,0,14,1,1211,2879,4,0,7,67,0,-3,3,40,51,31,24,-1.8,-0.4,2,0,68,66,80,47,12,104,26,64,208,206,350,311,319,326,68,90,,80826,101253,N2157.0977,E08523.1262,716.8,15.58
08-08-2026 15:42,2250,0,14,1,1222,2895,4,0,0,67,0,-6,2,51,47,28,28,0.4,0.4,2,0,68,66,80,47,12,105,26,64,207,205,333,291,300,307,68,90,,80826,101254,N2157.0937,E08523.1242,715.8,15.44
08-08-2026 15:42,2285,0,14,1,1247,2964,4,0,0,67,0,-2,2,43,44,26,41,1.4,-1.6,2,0,68,66,80,48,12,108,26,64,207,205,314,272,281,290,68,90,,80826,101255,N2157.0895,E08523.1225,715.5,15.59
08-08-2026 15:42,2347,0,13,1,1267,2999,4,0,0,67,0,0,3,49,39,28,45,2.7,-0.7,2,0,68,66,80,48,12,112,26,64,206,204,298,256,264,273,69,90,,80826,101256,N2157.0853,E08523.1217,714,15.59
08-08-2026 15:42,2352,0,15,1,1295,3070,4,0,0,68,0,-3,3,41,46,34,23,-1.6,0.6,2,0,68,66,80,48,12,116,26,64,206,204,281,243,250,258,69,90,,80826,101257,N2157.0809,E08523.1214,712.6,15.7
08-08-2026 15:42,2389,0,14,1,1306,3127,4,0,28,68,0,-2,3,48,41,33,24,-0.2,1.6,2,0,68,66,80,48,13,119,26,64,206,203,266,230,237,245,69,90,,80826,101258,N2157.0763,E08523.1215,711.4,16.6
08-08-2026 15:42,2382,0,13,1,1288,3105,4,0,32,68,0,-9,3,52,44,20,27,1.5,0.1,2,0,68,66,80,47,13,117,26,64,206,203,253,218,225,233,69,90,,80826,101259,N2157.0717,E08523.1219,710.4,16.62
08-08-2026 15:42,2326,0,13,1,1264,2999,4,0,38,68,0,-7,3,50,54,24,25,-0.3,-0.5,2,0,68,66,80,47,13,112,26,64,206,203,241,209,215,222,69,90,,80826,101300,N2157.0673,E08523.1230,710,15.92
08-08-2026 15:43,2306,0,13,1,1230,2912,4,0,7,68,0,-2,3,46,50,46,35,-1.5,0.7,2,0,68,66,80,47,12,107,26,64,206,202,231,201,207,213,69,90,,80826,101301,N2157.0633,E08523.1249,709,15.92
08-08-2026 15:43,2292,0,13,1,1248,2966,4,0,28,68,0,-6,3,48,47,27,31,0.5,-0.3,2,0,68,65,80,47,12,105,26,64,207,205,221,193,199,205,69,90,,80826,101302,N2157.0594,E08523.1272,707.8,15.4
08-08-2026 15:43,2327,0,13,1,1271,2997,4,0,28,68,0,-4,3,45,47,32,31,-0.3,-0.1,2,0,68,65,80,48,11,104,26,64,207,205,213,187,192,197,69,90,,80826,101303,N2157.0559,E08523.1304,706.2,15.7
08-08-2026 15:43,2335,0,13,1,1265,2997,4,0,28,68,0,-3,3,49,48,30,30,0.1,0.1,2,0,68,65,80,47,11,105,26,64,206,205,205,182,187,191,69,90,,80826,101304,N2157.0524,E08523.1332,704.9,15.72
08-08-2026 15:43,2316,0,14,1,1261,2968,4,0,28,68,0,-4,3,44,50,31,28,-0.9,-0.3,2,0,68,65,80,47,12,103,26,64,206,204,199,178,181,185,69,90,,80826,101305,N2157.0491,E08523.1362,703.2,15.75
08-08-2026 15:43,2278,0,14,1,1230,2914,4,0,28,69,0,-7,3,46,43,44,18,-2.3,2.9,2,0,68,65,80,46,11,102,26,64,206,203,193,173,177,180,69,90,,80826,101306,N2157.0457,E08523.1392,701.7,15.49
08-08-2026 15:43,2263,0,0,1,1230,2900,4,0,28,69,0,-7,3,58,48,26,23,0.7,1.3,2,0,68,65,80,46,12,98,26,64,206,203,188,169,172,175,69,90,,80826,101307,N2157.0424,E08523.1422,700.5,15.49
08-08-2026 15:43,2314,0,0,1,1264,2945,4,0,43,69,0,-8,3,47,45,27,19,-0.6,1,2,0,68,65,80,47,11,98,26,64,206,203,184,166,169,172,69,90,,80826,101308,N2157.0393,E08523.1454,698.8,15.54
08-08-2026 15:43,2287,0,0,1,1231,2898,4,0,28,69,0,-4,3,45,45,29,25,-0.4,0.4,2,0,68,65,80,47,11,98,26,64,206,202,180,163,166,168,69,90,,80826,101309,N2157.0362,E08523.1486,697.8,15.41
08-08-2026 15:43,2285,0,0,1,1244,2938,4,0,28,69,0,-4,4,52,41,23,35,2.3,-0.1,2,0,68,65,80,47,11,97,26,64,205,202,177,160,163,164,69,90,,80826,101310,N2157.0333,E08523.1520,697.3,15.34
08-08-2026 15:43,2278,0,0,1,1231,2907,4,0,28,69,0,-3,3,46,51,24,40,1.1,-2.1,2,0,68,65,80,47,11,96,26,64,205,202,174,158,160,161,70,90,,80826,101311,N2157.0306,E08523.1555,696.9,15.34
08-08-2026 15:43,2255,0,0,1,1226,2895,4,0,7,69,0,-5,3,44,47,29,24,-0.8,0.2,2,0,68,65,80,46,11,95,26,64,205,202,171,155,157,158,70,90,,80826,101312,N2157.0280,E08523.1591,696.6,15.25
08-08-2026 15:43,2249,0,19,1,1226,2905,4,0,0,70,0,-5,3,55,45,28,23,0.5,1.5,2,0,68,65,80,46,11,93,26,64,205,201,168,153,155,156,70,90,,80826,101313,N2157.0258,E08523.1629,696.2,14.89
08-08-2026 15:43,2211,0,25,1,1188,2820,4,0,0,70,0,0,3,54,44,35,40,1.5,0.5,2,0,68,65,80,45,10,90,26,64,205,201,166,151,153,154,70,90,,80826,101314,N2157.0239,E08523.1669,695.8,14.89
08-08-2026 15:43,2155,0,35,1,1154,2739,4,0,0,70,0,-3,3,46,42,40,24,-1.2,2,2,0,68,65,80,44,10,87,26,64,205,201,164,150,151,151,70,90,,80826,101315,N2157.0225,E08523.1711,695.6,14.43
08-08-2026 15:43,2110,145,55,1,1145,2697,4,0,0,70,0,0,3,49,42,31,29,0.5,0.9,2,19,68,65,80,44,9,85,26,65,204,201,163,153,152,152,70,90,,80826,101316,N2157.0215,E08523.1753,695.5,14.43
08-08-2026 15:43,2105,281,56,1,1145,2692,4,0,0,69,0,0,3,46,42,29,34,0.9,-0.1,2,36,68,65,80,44,9,83,26,65,204,201,164,161,158,157,69,90,,80826,101317,N2157.0209,E08523.1794,695.1,13.95
08-08-2026 15:43,2099,395,50,1,1143,2702,4,0,0,69,0,-1,3,46,44,30,33,0.5,-0.1,2,51,68,65,80,44,12,83,26,65,204,201,170,177,171,169,69,90,,80826,101318,N2157.0203,E08523.1836,694.9,14.19
08-08-2026 15:43,2043,294,43,1,1143,2688,5,0,0,69,0,3,3,42,41,35,34,0,0.2,2,0,68,65,80,43,14,81,26,65,204,201,179,192,184,181,69,90,,80826,101319,N2157.0197,E08523.1880,694.8,14.25
08-08-2026 15:43,1767,1051,59,1,1241,2933,5,0,0,69,0,0,2,41,40,31,32,0.2,0,2,167,68,65,80,38,35,89,26,65,203,201,194,231,215,207,69,90,,80826,101320,N2157.0191,E08523.1924,694.6,14.25
08-08-2026 15:43,1677,323,45,0,1248,3032,6,0,0,69,0,1,2,40,43,40,26,-1.7,1.1,2,54,68,65,80,38,30,90,26,65,203,200,219,253,241,232,69,90,,80826,101321,N2157.0186,E08523.1970,694.3,15.08
08-08-2026 15:43,1421,0,20,1,1380,3234,6,0,0,69,0,-1,2,48,41,28,28,0.7,0.7,2,0,68,65,80,37,11,79,26,65,203,200,239,251,245,238,69,90,,80826,101321,N2157.0186,E08523.1970,694.3,16.03
08-08-2026 15:43,1406,0,0,1,1410,3299,6,0,0,69,0,3,3,45,40,26,38,1.7,-0.7,2,0,68,65,80,37,8,68,26,65,203,200,245,242,239,234,69,90,,80826,101323,N2157.0178,E08523.2070,693.2,16.87
08-08-2026 15:43,1408,0,0,1,1425,3355,6,0,0,69,0,0,3,44,39,27,28,0.6,0.4,2,0,68,65,80,38,6,61,26,65,203,200,244,231,229,227,69,90,,80826,101324,N2157.0175,E08523.2122,692.8,17.54
08-08-2026 15:43,1406,0,0,1,1408,3315,6,0,38,68,0,-3,4,60,47,24,34,2.3,0.3,2,0,68,65,80,38,6,56,26,65,203,200,239,221,220,219,69,90,,80826,101325,N2157.0174,E08523.2175,692.6,17.47
08-08-2026 15:43,1384,228,82,0,1047,2692,5,0,38,68,0,-4,3,47,49,37,35,-0.4,0,2,44,68,65,80,38,17,61,26,65,203,200,235,232,224,222,69,90,,80826,101326,N2157.0174,E08523.2226,692.5,17.47
08-08-2026 15:43,1358,245,14,1,922,2308,4,0,38,68,0,-12,4,56,57,20,16,-0.5,0.3,2,53,68,65,80,34,14,64,26,65,202,200,240,238,231,229,69,90,,80826,101327,N2157.0178,E08523.2274,692.4,16.84
08-08-2026 15:43,1147,202,30,1,665,1529,3,0,0,68,0,-9,4,50,46,24,23,0.3,0.5,2,7,68,65,80,34,7,62,26,65,203,199,244,243,234,233,69,91,,80826,101328,N2157.0185,E08523.2314,692.3,12.31
08-08-2026 15:43,1412,976,17,0,763,1662,3,0,0,68,0,-1,5,40,42,17,25,0.6,-1,2,186,68,65,80,37,16,73,26,65,203,201,251,263,250,246,69,90,,80826,101329,N2157.0195,E08523.2343,692.6,8.83
08-08-2026 15:43,1546,0,15,1,643,1526,3,0,0,68,0,-1,4,44,45,32,33,0,-0.2,2,0,68,65,80,38,12,70,26,65,206,205,262,266,256,254,69,90,,80826,101330,N2157.0207,E08523.2365,692.8,8.02
08-08-2026 15:43,1527,593,50,1,625,1444,3,0,0,68,0,3,4,39,47,35,35,-0.8,-0.8,2,107,68,65,80,39,19,75,26,64,206,204,270,282,269,265,69,90,,80826,101331,N2157.0219,E08523.2385,693,8.02
08-08-2026 15:43,1542,704,50,1,627,1486,3,0,0,69,0,5,3,31,50,28,38,-0.9,-2.9,2,227,68,65,80,39,35,87,26,64,206,204,283,311,292,285,69,90,,80826,101332,N2157.0231,E08523.2403,693.1,7.37
08-08-2026 15:43,1608,1434,72,1,657,1543,3,0,0,69,0,5,4,25,52,25,42,-1,-4.4,2,244,68,65,80,39,67,115,26,64,206,203,308,354,332,320,69,90,,80826,101333,N2157.0238,E08523.2425,693.3,8.37
08-08-2026 15:43,1656,577,48,1,657,1564,3,0,0,69,0,-1,3,28,58,20,44,-0.6,-5.4,2,98,68,65,80,38,38,127,26,64,206,203,338,373,357,345,69,90,,80826,101334,N2157.0239,E08523.2452,693.6,9.43
08-08-2026 15:43,1626,1492,48,1,650,1503,3,0,0,69,0,1,2,26,56,14,54,1,-7,2,253,68,65,80,38,34,129,26,64,205,202,364,392,376,364,69,90,,80826,101335,N2157.0229,E08523.2479,694.1,9.48
08-08-2026 15:43,1484,154,33,1,570,1352,3,0,0,69,0,-1,2,29,55,20,44,-0.2,-5,2,224,68,65,80,37,38,125,26,64,205,202,381,403,388,377,70,90,,80826,101336,N2157.0211,E08523.2496,694.2,9.48
08-08-2026 15:43,1422,1438,100,1,569,1366,3,0,0,69,0,0,1,28,49,15,50,1.4,-5.6,2,281,68,65,80,38,87,140,26,64,205,201,402,434,417,403,70,90,,80826,101337,N2157.0187,E08523.2502,694.3,8.81
08-08-2026 15:43,1489,1681,100,1,643,1484,3,0,0,69,0,0,1,27,50,18,44,0.3,-4.9,2,277,68,65,80,39,107,170,26,64,205,201,432,472,453,437,70,90,,80826,101338,N2157.0162,E08523.2495,693.9,9.44
08-08-2026 15:43,1763,1868,50,1,715,1741,4,0,0,69,0,-3,0,33,55,34,22,-3.4,-1,2,290,68,65,80,38,122,201,26,64,205,201,464,496,482,466,70,90,,80826,101339,N2157.0138,E08523.2477,693.6,10.45
08-08-2026 15:43,1747,1697,100,0,900,2027,4,0,0,69,0,1,1,34,43,38,30,-1.7,-0.1,2,291,68,65,80,38,112,212,26,64,205,201,487,512,502,486,70,90,,80826,101340,N2157.0117,E08523.2452,693.1,10.45
08-08-2026 15:43,1717,1718,100,1,925,2322,4,0,0,69,0,4,1,35,45,37,27,-2,0,2,275,68,65,80,38,123,228,26,64,204,201,508,528,521,505,70,91,,80826,101341,N2157.0095,E08523.2425,692.6,10.45
08-08-2026 15:43,1848,238,50,0,1052,2428,5,0,0,69,0,5,2,35,40,34,32,-0.7,-0.3,2,271,68,65,80,38,112,234,26,64,204,201,524,537,533,518,69,90,,80826,101342,N2157.0069,E08523.2398,692.3,12.45
08-08-2026 15:43,1580,1605,100,1,1134,2631,5,0,0,69,0,4,2,40,40,35,29,-0.6,0.6,2,280,68,65,80,38,121,239,26,64,204,201,537,548,545,531,69,90,,80826,101343,N2157.0041,E08523.2369,692,13.76
08-08-2026 15:43,1657,1554,85,1,1268,2961,5,0,0,69,0,5,3,36,42,32,35,-0.3,-0.9,2,255,68,65,80,38,132,253,26,64,204,201,550,558,559,546,69,90,,80826,101344,N2157.0010,E08523.2339,691.8,14.76
08-08-2026 15:43,1743,871,85,0,1295,3084,6,0,0,69,0,4,3,33,48,34,33,-1.6,-1.4,2,138,68,65,79,37,94,251,26,64,203,200,559,554,561,550,69,90,,80826,101345,N2156.9977,E08523.2308,691.6,15.76
08-08-2026 15:43,1469,902,48,1,1343,3160,6,0,0,69,0,1,3,34,47,25,37,-0.1,-2.5,2,176,68,65,79,36,57,220,26,64,203,200,560,544,554,546,69,91,,80826,101346,N2156.9944,E08523.2272,691.3,15.76
08-08-2026 15:43,1354,753,48,1,1338,3145,6,0,0,69,0,1,3,38,44,38,31,-1.3,0.1,2,123,68,65,79,36,49,185,26,64,203,200,554,535,545,539,69,90,,80826,101347,N2156.9914,E08523.2233,691.1,16.73
08-08-2026 15:43,1345,424,37,1,1324,3138,6,0,0,69,0,-1,2,43,42,31,25,-0.5,0.7,2,86,68,65,80,36,28,154,26,64,203,200,546,521,533,529,69,90,,80826,101348,N2156.9886,E08523.2191,690.8,16.62
08-08-2026 15:43,1339,436,39,1,1324,3110,6,0,0,69,0,3,2,43,41,38,34,-0.2,0.6,2,91,68,65,79,36,25,130,26,64,203,200,535,507,519,516,69,90,,80826,101349,N2156.9857,E08523.2152,690.7,16.05
08-08-2026 15:43,1304,629,41,1,1297,3065,6,0,0,69,0,1,3,39,39,36,20,-1.6,1.6,2,134,68,65,79,36,26,116,26,64,203,200,523,499,509,507,69,90,,80826,101350,N2156.9827,E08523.2115,690.7,16.01
08-08-2026 15:43,1283,738,55,1,1297,2992,6,0,0,69,0,6,3,37,38,37,38,0,-0.2,2,146,68,65,79,36,35,109,26,64,203,200,516,500,507,504,69,90,,80826,101351,N2156.9797,E08523.2079,691,16.01
08-08-2026 15:43,1312,678,53,1,1310,3042,6,0,0,68,0,2,3,42,40,33,42,1.1,-0.7,2,120,68,65,79,36,40,113,26,64,203,200,515,506,511,507,69,90,,80826,101352,N2156.9767,E08523.2043,691.1,15.97
08-08-2026 15:43,1317,753,45,1,1303,3117,6,0,0,68,0,4,4,37,38,31,35,0.3,-0.5,2,158,68,65,79,36,38,114,26,64,203,200,517,510,513,509,69,90,,80826,101353,N2156.9736,E08523.2007,691.5,15.83
08-08-2026 15:43,1289,1076,49,1,1261,2985,6,0,0,68,0,7,3,33,43,44,39,-1.5,-0.5,2,233,68,65,79,35,48,115,26,64,202,199,520,517,518,514,69,91,,80826,101354,N2156.9705,E08523.1973,692.2,15.86
08-08-2026 15:43,1294,1266,61,1,1293,3112,6,0,0,68,0,0,4,34,40,29,22,-1.3,0.1,2,272,68,65,79,35,63,127,26,64,202,199,529,534,533,526,69,90,,80826,101355,N2156.9672,E08523.1940,692.8,15.39
08-08-2026 15:43,1296,1145,71,1,1284,3027,6,0,0,68,0,7,4,46,29,22,52,4.7,-1.3,2,253,68,65,79,35,83,142,26,64,202,199,543,553,550,542,69,90,,80826,101356,N2156.9640,E08523.1908,693.3,15.39
08-08-2026 15:43,1278,1576,93,1,1269,3039,6,0,0,68,0,7,4,28,42,40,43,-1.1,-1.7,2,345,68,65,79,34,92,165,26,64,202,199,560,571,568,559,69,90,,80826,101357,N2156.9605,E08523.1879,693.9,15.33
08-08-2026 15:43,1285,1576,93,1,1296,2994,6,0,0,68,0,4,4,33,43,37,21,-2.6,0.6,2,285,68,65,79,35,105,185,26,64,201,198,577,587,585,577,69,90,,80826,101358,N2156.9569,E08523.1850,694.3,15.78
08-08-2026 15:43,1319,1270,88,1,1329,3084,6,0,0,68,0,8,3,35,32,24,51,3,-2.4,2,267,68,65,79,36,109,204,26,64,201,198,592,598,598,591,69,90,,80826,101359,N2156.9532,E08523.1823,694.8,16.02
08-08-2026 15:44,1328,1339,83,1,1365,3112,6,0,0,68,0,5,4,30,41,22,30,-0.3,-1.9,2,143,68,65,79,36,74,208,26,64,201,198,604,601,604,599,69,90,,80826,101400,N2156.9495,E08523.1795,695.5,15.73
08-08-2026 15:44,1305,1341,86,1,1315,3112,6,0,0,68,0,2,4,30,44,25,26,-1.3,-1.5,2,286,68,65,79,36,89,205,26,64,201,198,610,606,610,604,69,90,,80826,101401,N2156.9458,E08523.1768,696.2,15.73
08-08-2026 15:44,1316,1563,83,1,1311,3082,6,0,0,68,0,3,4,33,44,39,29,-2.1,-0.1,2,231,68,65,79,36,103,209,26,64,201,198,617,613,617,613,69,90,,80826,101402,N2156.9421,E08523.1739,697.3,16.09
08-08-2026 15:44,1311,1284,69,1,1333,3112,6,0,0,68,0,5,3,34,46,39,29,-2.2,-0.2,2,271,68,65,79,36,86,205,26,64,201,198,623,613,619,616,69,90,,80826,101403,N2156.9384,E08523.1708,697.9,15.97
08-08-2026 15:44,1306,1006,66,1,1311,3091,6,0,0,68,0,3,3,38,43,36,33,-0.8,-0.2,2,221,68,65,79,35,84,197,26,64,201,198,625,611,618,617,69,90,,80826,101404,N2156.9349,E08523.1677,698.3,15.82
08-08-2026 15:44,1308,1190,63,1,1282,3058,6,0,0,68,0,5,2,35,35,39,27,-1.2,1.2,2,254,68,65,79,35,78,188,26,64,201,198,625,609,617,617,69,90,,80826,101405,N2156.9315,E08523.1645,698.2,15.45
08-08-2026 15:44,1283,885,53,1,1296,3023,6,0,0,68,0,0,0,44,39,25,31,1.1,-0.1,2,172,68,65,79,36,65,177,26,64,200,198,622,600,611,612,69,90,,80826,101406,N2156.9280,E08523.1615,697.8,15.45
08-08-2026 15:44,1344,1,20,1,1385,3237,6,0,0,68,0,-2,0,44,45,30,30,-0.1,-0.1,2,0,68,66,79,38,20,151,26,64,200,198,613,575,590,595,69,90,,80826,101407,N2156.9240,E08523.1585,697.6,17.43
08-08-2026 15:44,1401,0,0,1,1415,3329,6,0,0,68,0,-1,1,44,44,30,29,-0.1,0.1,2,0,68,66,79,38,14,119,26,64,200,197,591,539,557,566,69,90,,80826,101408,N2156.9199,E08523.1557,696.9,17.33
08-08-2026 15:44,1443,0,0,1,1468,3452,5,0,28,68,0,-2,2,45,46,28,35,0.6,-0.8,2,0,68,66,79,39,11,95,26,64,200,197,562,504,522,535,69,90,,80826,101409,N2156.9157,E08523.1528,696.4,17.69
08-08-2026 15:44,1578,957,70,0,1446,3414,5,0,35,67,0,-5,2,44,50,27,31,-0.2,-1,2,0,68,66,79,41,23,92,26,64,200,197,537,490,505,517,69,90,,80826,101410,N2156.9114,E08523.1501,695.9,17.61
08-08-2026 15:44,1838,0,0,1,1358,3211,5,0,21,67,0,-5,3,43,47,27,28,-0.3,-0.5,2,0,68,66,79,41,14,92,26,64,200,197,517,465,481,494,69,90,,80826,101411,N2156.9072,E08523.1475,695.3,17.61
08-08-2026 15:44,1777,0,0,1,1281,3025,5,0,27,67,0,-3,3,44,49,32,26,-1.1,0.1,2,0,68,66,79,39,12,84,26,64,200,198,491,432,451,466,69,90,,80826,101412,N2156.9029,E08523.1450,694.6,16.82
08-08-2026 15:44,1710,0,0,1,1244,2916,4,0,21,67,0,-1,3,46,48,33,32,-0.3,-0.1,2,0,68,66,79,37,12,73,26,64,206,205,463,403,422,438,69,90,,80826,101413,N2156.8989,E08523.1427,694,15.9
08-08-2026 15:44,1782,574,39,0,1149,2678,4,0,7,68,0,-2,3,44,50,32,28,-1,-0.2,2,0,68,66,79,44,13,79,26,64,206,205,437,385,401,416,69,90,,80826,101414,N2156.8951,E08523.1405,693.6,15.05
08-08-2026 15:44,2087,0,26,1,1159,2692,4,0,7,68,0,-1,3,42,46,35,29,-1,0.2,2,0,68,65,79,45,13,84,26,64,206,204,414,357,375,391,69,90,,80826,101415,N2156.8915,E08523.1386,693.3,14.37
08-08-2026 15:44,2075,0,26,1,1114,2638,4,0,0,68,0,-1,3,43,45,27,30,0.1,-0.5,2,0,68,65,79,44,12,86,26,64,206,203,389,332,350,366,69,90,,80826,101416,N2156.8878,E08523.1367,692.9,14.37
08-08-2026 15:44,2028,0,0,1,1103,2572,4,0,0,68,0,-2,2,43,47,29,34,0.1,-0.9,2,0,68,65,79,43,11,85,26,64,206,203,363,310,327,343,69,90,,80826,101417,N2156.8843,E08523.1349,692.5,13.77
08-08-2026 15:44,1994,0,0,1,1069,2527,4,0,0,69,0,-2,2,43,45,25,36,0.9,-1.3,2,0,68,65,79,43,11,84,26,64,205,202,341,290,307,322,69,90,,80826,101418,N2156.8809,E08523.1331,692.5,13.44
08-08-2026 15:44,1952,0,26,1,1067,2501,4,0,0,69,0,-3,2,43,47,26,30,0,-0.8,2,0,68,65,79,42,15,83,26,64,205,202,320,276,289,304,69,90,,80826,101419,N2156.8775,E08523.1314,692.5,12.75
08-08-2026 15:44,1961,787,45,1,1094,2562,4,0,0,69,0,1,3,39,44,34,30,-0.9,-0.1,2,138,68,65,79,43,27,90,26,64,205,201,308,288,292,303,69,90,,80826,101420,N2156.8743,E08523.1298,692.5,13.01
08-08-2026 15:44,1854,750,49,0,1128,2782,5,0,0,69,0,0,3,40,43,26,26,-0.3,-0.3,2,117,68,65,79,38,32,91,26,64,205,201,309,305,306,313,69,90,,80826,101421,N2156.8708,E08523.1280,692.1,13.01
08-08-2026 15:44,1680,355,48,1,1233,2945,5,0,0,69,0,2,3,40,43,28,36,0.5,-1.1,2,79,68,65,79,38,30,93,26,64,205,201,316,320,318,323,69,90,,80826,101422,N2156.8671,E08523.1262,691.9,14.7
08-08-2026 15:44,1713,567,47,1,1249,3011,5,0,0,69,0,1,3,38,44,27,39,0.6,-1.8,2,92,68,65,79,37,26,89,26,64,205,201,325,329,328,331,69,90,,80826,101423,N2156.8633,E08523.1244,692,15.33
08-08-2026 15:44,1485,0,53,0,1322,3096,6,0,0,69,0,2,3,38,47,29,33,-0.5,-1.3,2,50,68,65,79,36,29,85,26,64,205,201,333,338,335,338,69,90,,80826,101424,N2156.8592,E08523.1225,692.3,15.96
08-08-2026 15:44,1365,268,26,1,1330,3141,6,0,0,69,0,1,3,37,49,33,27,-1.8,-0.6,2,55,68,65,79,36,22,83,26,64,204,201,342,344,341,345,69,90,,80826,101426,N2156.8508,E08523.1189,692.5,16.27
08-08-2026 15:44,1324,129,20,1,1308,3070,6,0,0,69,0,0,3,38,47,31,29,-1.1,-0.7,2,27,68,65,79,36,10,75,26,64,204,201,346,338,337,342,69,90,,80826,101426,N2156.8508,E08523.1189,692.5,16.41
08-08-2026 15:44,1314,128,31,1,1308,3084,6,0,0,69,0,0,2,41,48,31,36,-0.2,-1.2,2,4,68,65,79,36,8,69,26,64,204,201,345,328,329,335,69,90,,80826,101428,N2156.8423,E08523.1154,693.3,16.26
08-08-2026 15:44,1302,3,26,1,1283,3049,6,0,0,69,0,0,2,39,51,25,41,0.4,-2.8,2,0,68,65,79,36,6,60,26,64,203,201,338,315,316,324,69,90,,80826,101429,N2156.8381,E08523.1138,693.6,15.77
08-08-2026 15:44,1285,13,26,1,1289,3034,6,0,0,69,0,-2,3,42,56,28,39,-0.3,-2.5,2,13,68,65,79,36,6,55,26,64,203,200,328,304,304,312,69,90,,80826,101430,N2156.8340,E08523.1120,693.6,16.07
08-08-2026 15:44,1291,740,50,1,1296,2952,6,0,0,69,0,-1,3,36,49,23,30,-0.6,-2,2,158,68,65,79,35,25,62,26,64,203,200,322,316,309,315,69,90,,80826,101430,N2156.8340,E08523.1120,693.6,15.7
08-08-2026 15:44,1287,936,77,1,1301,3039,6,0,0,69,0,2,3,36,44,25,34,0.1,-1.7,2,201,68,65,79,36,42,83,26,64,203,200,333,351,338,339,69,90,,80826,101431,N2156.8299,E08523.1101,693.8,15.7
08-08-2026 15:44,1323,928,54,1,1336,3122,6,0,0,69,0,1,2,39,46,31,35,-0.3,-1.1,2,194,68,65,79,37,58,109,26,64,203,200,358,389,375,373,69,90,,80826,101433,N2156.8217,E08523.1062,693.8,15.98
08-08-2026 15:44,1347,291,33,1,1339,3181,6,0,0,69,0,1,2,41,44,36,42,0.3,-0.9,2,37,68,65,79,37,24,113,26,64,203,200,384,399,391,392,69,90,,80826,101434,N2156.8174,E08523.1044,693.8,16.33
08-08-2026 15:44,1323,179,31,1,1302,3138,6,0,0,68,0,2,2,35,40,31,37,0.1,-1.1,2,99,68,65,79,36,20,103,26,64,203,200,398,398,393,396,69,90,,80826,101435,N2156.8132,E08523.1029,693.8,16.2
08-08-2026 15:44,1292,552,43,1,1327,3065,6,0,0,68,0,-1,3,37,44,19,25,-0.1,-1.3,2,118,68,65,79,36,22,97,26,64,203,200,405,402,396,398,69,90,,80826,101436,N2156.8088,E08523.1014,694.2,15.96
08-08-2026 15:44,1299,596,42,1,1306,3098,6,0,0,68,0,4,3,36,47,30,30,-1.1,-1.1,2,128,68,65,79,36,25,96,26,64,202,200,411,410,402,403,69,90,,80826,101436,N2156.8088,E08523.1014,694.2,15.86
08-08-2026 15:44,1294,601,40,1,1274,3013,6,0,0,68,0,1,4,35,47,30,34,-0.8,-1.6,2,129,68,65,79,35,29,94,26,64,202,200,418,417,410,410,69,90,,80826,101438,N2156.8003,E08523.0992,693.8,15.34
08-08-2026 15:44,1260,153,37,1,1253,2983,6,0,0,68,0,0,3,36,46,29,31,-0.8,-1.2,2,33,68,65,79,35,22,95,26,64,202,199,424,420,414,414,69,90,,80826,101439,N2156.7961,E08523.0980,693.6,15.56
08-08-2026 15:44,1204,0,18,0,1130,2721,5,0,0,68,0,-1,2,40,49,29,35,-0.3,-1.5,2,0,68,65,79,35,16,89,26,64,202,199,425,412,408,409,69,90,,80826,101440,N2156.7922,E08523.0968,693.6,15.1
08-08-2026 15:44,1377,0,55,0,1094,2605,5,0,35,68,0,-6,1,39,53,33,27,-2,-0.8,2,0,68,65,79,38,16,86,26,64,201,199,423,409,405,407,69,90,,80826,101441,N2156.7885,E08523.0956,693.5,14
08-08-2026 15:44,1578,0,8,1,870,2107,3,0,0,68,0,-3,2,36,52,36,23,-2.9,-0.3,2,0,68,65,79,38,12,82,26,64,201,199,419,397,396,399,69,90,,80826,101441,N2156.7885,E08523.0956,693.5,12.63
08-08-2026 15:44,1634,0,49,0,791,1899,3,0,0,68,0,-2,2,40,53,27,29,-1.1,-1.5,2,128,68,65,79,38,25,82,26,64,201,199,412,396,393,394,69,90,,80826,101443,N2156.7830,E08523.0930,693.1,10.85
08-08-2026 15:44,1755,34,39,0,736,1668,3,0,0,68,0,3,3,37,50,20,49,1.6,-4.2,2,4,68,65,79,38,18,84,26,64,206,205,407,390,388,390,69,90,,80826,101444,N2156.7810,E08523.0915,692.9,9.42
08-08-2026 15:44,1722,750,53,1,692,1629,3,0,0,68,0,-2,3,36,65,18,37,-1,-4.8,2,122,68,65,79,36,29,85,26,64,206,205,404,393,390,390,69,90,,80826,101445,N2156.7796,E08523.0894,692.5,8.9
08-08-2026 15:44,1715,1098,60,1,690,1581,3,0,0,68,0,4,4,27,48,24,44,-0.1,-4.1,2,176,68,65,79,37,35,95,26,64,206,204,405,409,399,397,69,90,,80826,101446,N2156.7790,E08523.0866,692.3,9.32
08-08-2026 15:44,1729,1523,69,1,704,1659,3,0,0,68,0,4,4,26,51,17,42,0,-5,2,240,68,65,79,37,79,114,26,64,206,204,419,437,425,419,69,90,,80826,101446,N2156.7790,E08523.0866,692.3,9.42
08-08-2026 15:44,1808,1661,84,1,737,1715,3,0,0,68,0,2,3,23,56,22,43,-1.2,-5.4,2,253,68,65,79,40,100,145,26,64,206,203,439,467,453,444,69,91,,80826,101448,N2156.7813,E08523.0812,692.2,9.8
08-08-2026 15:44,1883,1549,94,0,720,1767,4,0,0,68,0,-1,2,30,51,18,37,-0.2,-4,2,234,68,65,79,39,79,171,26,64,206,203,461,485,477,466,69,90,,80826,101449,N2156.7837,E08523.0786,691.9,9.69
08-08-2026 15:44,1622,580,50,0,785,1770,4,0,0,68,0,1,1,33,51,37,33,-2.2,-1.4,2,308,68,65,79,37,93,178,26,64,205,202,478,498,492,480,68,90,,80826,101450,N2156.7866,E08523.0764,692,10.64
08-08-2026 15:44,1597,1584,100,1,916,2149,4,0,0,68,0,3,1,39,39,46,23,-2.3,2.3,2,269,68,65,79,38,125,197,26,64,205,202,496,519,513,499,68,90,,80826,101451,N2156.7896,E08523.0746,692.2,11.07
08-08-2026 15:44,1752,1734,100,1,983,2277,5,0,0,68,0,2,1,45,37,35,26,-0.1,1.7,2,37,68,65,79,38,127,217,26,64,205,202,516,532,530,517,68,90,,80826,101451,N2156.7896,E08523.0746,692.2,11.52
08-08-2026 15:44,1544,1749,94,1,1082,2520,5,0,0,68,0,4,2,43,39,36,29,-0.3,1.1,2,324,68,65,79,38,122,220,26,64,205,201,531,543,542,530,68,90,,80826,101453,N2156.7949,E08523.0694,692.2,11.73
08-08-2026 15:44,1522,1665,93,1,1138,2685,5,0,0,68,0,5,2,40,40,37,32,-0.5,0.5,2,291,68,65,79,39,127,233,26,64,205,201,546,554,556,545,68,90,,80826,101454,N2156.7975,E08523.0663,692.2,12.62
08-08-2026 15:44,1622,1255,60,1,1201,2817,5,0,0,68,0,6,3,41,38,32,48,1.9,-1.3,2,212,68,65,79,38,131,241,26,64,205,201,558,560,565,556,68,90,,80826,101455,N2156.8000,E08523.0630,691.9,13.67
08-08-2026 15:44,1620,675,50,1,1195,2822,5,0,0,68,0,-1,3,43,45,25,33,0.6,-1,2,117,68,65,79,38,48,223,26,64,205,201,563,542,556,551,68,90,,80826,101456,N2156.8026,E08523.0597,691.6,14.23
08-08-2026 15:44,1556,0,18,1,1142,2718,5,0,0,68,0,-2,3,41,53,27,31,-0.8,-1.6,2,0,68,65,79,39,26,179,26,64,204,201,553,511,530,529,68,90,,80826,101457,N2156.8050,E08523.0564,691.3,14.16
08-08-2026 15:44,1460,0,10,1,1072,2718,5,0,0,68,0,-1,3,38,50,28,34,-0.6,-1.8,2,0,68,65,79,38,15,130,26,64,204,201,529,477,497,501,68,90,,80826,101458,N2156.8071,E08523.0531,691.3,13.38
08-08-2026 15:44,1361,0,7,1,982,2216,5,0,0,68,0,-1,3,38,51,31,25,-1.9,-0.7,2,0,68,65,79,36,9,95,26,64,204,201,502,444,465,472,68,90,,80826,101459,N2156.8093,E08523.0501,691.5,12.44
08-08-2026 15:44,1264,0,6,1,867,2074,4,0,38,68,0,-3,3,40,48,42,21,-2.9,1.3,2,27,68,65,79,33,7,74,26,64,203,201,474,418,437,445,68,91,,80826,101500,N2156.8113,E08523.0475,691.3,11.53
08-08-2026 15:45,1245,0,6,1,779,1850,4,0,38,68,0,-8,3,48,49,30,21,-1,0.8,2,0,68,65,79,32,9,67,26,64,203,201,450,400,417,427,68,90,,80826,101501,N2156.8131,E08523.0453,691.1,10.53
08-08-2026 15:45,1127,0,1,0,353,974,3,0,38,67,0,-7,3,47,50,33,21,-1.5,0.9,2,0,68,65,79,26,7,58,26,64,203,200,429,380,397,408,68,90,,80826,101502,N2156.8144,E08523.0435,691,8.87
08-08-2026 15:45,826,10,0,0,281,722,2,0,38,67,0,-8,3,49,52,31,24,-1,0.4,2,3,68,65,79,18,6,48,26,64,203,200,409,362,378,390,68,90,,80826,101503,N2156.8151,E08523.0424,690.8,6.12
08-08-2026 15:45,625,89,0,0,68,202,2,0,38,67,0,-2,3,47,47,30,27,-0.3,0.3,2,40,68,65,79,13,5,47,26,64,203,200,391,351,365,376,68,90,,80826,101504,N2156.8155,E08523.0419,690.9,2.8
08-08-2026 15:45,630,136,0,0,0,0,0,0,38,67,0,2,3,42,44,33,30,-0.5,0.1,1,61,68,65,79,14,5,42,26,64,207,205,378,347,357,368,68,90,,80826,101505,N2156.8155,E08523.0418,691,0.61
08-08-2026 15:45,664,107,0,0,0,0,0,0,0,67,0,0,3,42,44,32,30,-0.4,0,1,45,68,65,79,16,4,38,26,64,207,205,369,343,353,363,68,90,,80826,101506,N2156.8155,E08523.0418,691,0.04
08-08-2026 15:45,698,82,0,0,0,0,0,0,0,67,0,0,3,42,44,32,30,-0.4,0,1,20,68,65,79,16,4,32,26,64,206,205,362,337,347,357,68,90,,80826,101507,N2156.8155,E08523.0418,691,0
08-08-2026 15:45,674,77,0,0,0,0,0,0,0,67,0,0,3,42,44,32,30,-0.4,0,1,33,68,65,79,15,3,28,26,64,206,204,354,330,340,350,68,90,,80826,101508,N2156.8155,E08523.0418,691,0
08-08-2026 15:45,657,85,0,0,0,0,0,0,0,67,0,0,3,42,44,32,30,-0.4,0,1,38,68,65,79,15,3,25,26,64,206,203,347,324,333,342,68,90,,80826,101509,N2156.8155,E08523.0417,691,0
08-08-2026 15:45,655,67,0,0,0,0,0,0,0,67,0,0,3,42,44,32,30,-0.4,0,1,29,68,65,79,15,3,24,26,64,206,203,340,318,326,336,68,90,,80826,101510,N2156.8155,E08523.0417,691.1,0
08-08-2026 15:45,658,88,0,0,0,0,0,0,0,68,0,0,3,42,44,32,30,-0.4,0,1,29,68,66,79,15,2,23,26,64,206,203,334,313,321,329,68,90,,80826,101511,N2156.8156,E08523.0417,691.1,0
08-08-2026 15:45,659,65,0,0,0,0,0,0,0,68,0,0,3,42,44,32,30,-0.4,0,1,29,68,66,79,15,2,23,26,64,206,203,328,308,315,324,68,90,,80826,101512,N2156.8156,E08523.0417,691.1,0
08-08-2026 15:45,659,65,0,0,0,0,0,0,0,68,0,0,3,42,44,32,30,-0.4,0,1,29,68,66,79,15,2,23,26,64,205,202,323,304,310,318,68,90,,80826,101513,N2156.8156,E08523.0417,691.1,0
08-08-2026 15:45,658,87,0,0,0,0,0,0,0,68,0,0,3,42,44,32,30,-0.4,0,1,38,68,66,79,15,2,24,26,64,205,202,317,299,305,313,69,90,,80826,101514,N2156.8156,E08523.0417,691.1,0
08-08-2026 15:45,658,88,0,0,0,0,0,0,0,68,0,0,3,42,44,32,30,-0.4,0,1,37,69,66,79,15,2,23,26,64,205,202,312,295,300,309,69,90,,80826,101515,N2156.8156,E08523.0417,691.1,0
08-08-2026 15:45,658,64,0,0,0,0,0,0,0,68,0,0,3,42,44,32,30,-0.4,0,1,25,69,66,79,15,2,23,26,64,205,202,308,291,295,304,69,90,,80826,101516,N2156.8156,E08523.0417,691.1,0
08-08-2026 15:45,659,64,0,0,0,0,0,0,0,68,0,0,2,42,44,32,30,-0.4,0,1,25,69,66,79,15,2,24,26,64,205,201,304,288,291,299,69,90,,80826,101517,N2156.8156,E08523.0417,691.1,0
08-08-2026 15:45,658,65,0,0,0,0,0,0,0,68,0,0,2,42,44,32,30,-0.4,0,1,29,69,66,79,15,2,25,26,64,205,201,300,284,287,295,69,90,,80826,101518,N2156.8156,E08523.0417,691.1,0
08-08-2026 15:45,658,65,0,0,0,0,0,0,0,68,0,0,2,42,44,32,30,-0.4,0,1,29,69,66,79,15,2,24,26,64,205,201,296,281,283,291,69,90,,80826,101519,N2156.8156,E08523.0417,691.1,0
08-08-2026 15:45,658,65,0,0,0,0,0,0,0,68,0,0,2,42,44,32,30,-0.4,0,1,25,69,66,79,15,2,26,26,64,204,201,293,278,279,288,69,90,,80826,101520,N2156.8156,E08523.0417,691,0
08-08-2026 15:45,658,64,0,0,0,0,0,0,0,68,0,0,2,42,44,32,30,-0.4,0,1,25,69,66,79,15,1,26,26,64,204,201,290,275,276,284,69,91,,80826,101521,N2156.8156,E08523.0417,691,0
08-08-2026 15:45,658,64,0,0,0,0,0,0,0,68,0,0,2,42,44,32,30,-0.4,0,1,25,69,66,79,15,2,25,26,64,204,201,287,273,273,281,69,90,,80826,101522,N2156.8157,E08523.0416,691,0
08-08-2026 15:45,658,65,0,0,0,0,0,0,0,68,0,0,2,42,44,32,30,-0.4,0,1,25,69,66,79,15,2,26,26,64,204,201,284,270,270,277,69,90,,80826,101523,N2156.8157,E08523.0416,691,0
08-08-2026 15:45,658,64,0,0,0,0,0,0,0,68,0,0,2,42,44,32,30,-0.4,0,1,25,69,66,79,15,2,27,26,64,203,201,281,268,267,275,69,90,,80826,101524,N2156.8157,E08523.0416,691,0
08-08-2026 15:45,658,65,0,0,0,0,0,0,0,68,0,0,2,42,44,32,30,-0.4,0,1,25,69,66,79,15,2,26,26,64,203,200,279,266,264,272,69,90,,80826,101525,N2156.8157,E08523.0416,691,0
08-08-2026 15:45,659,64,0,0,0,0,0,0,0,68,0,0,2,42,44,32,30,-0.4,0,1,25,69,66,79,15,2,26,26,64,203,200,276,263,262,269,69,90,,80826,101526,N2156.8157,E08523.0416,691,0
08-08-2026 15:45,658,64,0,0,0,0,0,0,0,68,0,0,2,42,44,32,30,-0.4,0,1,25,69,66,79,15,2,27,26,64,203,200,274,262,260,267,69,90,,80826,101527,N2156.8157,E08523.0416,691,0
08-08-2026 15:45,658,64,0,0,0,0,0,0,0,68,0,0,2,42,44,32,30,-0.4,0,1,25,69,66,79,15,2,27,26,64,203,200,272,260,257,264,69,90,,80826,101528,N2156.8157,E08523.0416,691,0
08-08-2026 15:45,658,64,0,0,0,0,0,0,0,68,0,0,2,42,45,32,30,-0.5,-0.1,1,25,69,66,79,15,1,28,26,64,203,200,270,258,255,262,69,91,,80826,101529,N2156.8157,E08523.0416,691,0
08-08-2026 15:45,658,64,0,0,0,0,0,0,0,68,0,0,2,42,45,32,30,-0.5,-0.1,1,25,69,66,79,15,1,28,26,64,203,200,269,256,253,260,69,91,,80826,101530,N2156.8157,E08523.0416,691,0
08-08-2026 15:45,658,64,0,0,0,0,2,0,0,68,0,1,2,42,45,32,30,-0.5,-0.1,1,25,69,66,79,15,2,28,26,64,203,200,267,255,251,258,69,90,,80826,101531,N2156.8157,E08523.0416,691,0
08-08-2026 15:45,635,88,0,0,0,0,2,0,0,68,0,3,3,41,43,34,32,-0.4,0,1,53,69,66,79,14,2,28,26,64,203,200,265,255,251,257,69,90,,80826,101532,N2156.8157,E08523.0416,691,0
08-08-2026 15:45,621,371,45,0,0,151,2,0,0,68,0,4,3,40,41,34,33,-0.2,0,2,164,69,66,79,21,4,35,26,64,202,200,266,265,257,262,69,91,,80826,101533,N2156.8159,E08523.0414,691.1,0.56
08-08-2026 15:45,906,466,43,0,134,280,2,0,0,68,0,5,4,40,39,28,39,1.2,-1,2,156,69,66,79,28,10,49,26,64,202,199,273,288,276,277,69,90,,80826,101534,N2156.8162,E08523.0410,691.2,1.53
08-08-2026 15:45,1056,376,33,0,203,590,2,0,0,68,0,3,3,40,39,20,46,2.7,-2.5,2,99,69,66,79,33,12,61,26,64,202,199,287,308,295,295,69,90,,80826,101535,N2156.8166,E08523.0403,691.1,2.71
08-08-2026 15:45,1214,871,63,0,315,712,2,0,0,68,0,4,3,41,37,17,50,3.7,-2.9,2,236,69,66,79,37,32,84,26,64,202,199,307,342,324,321,69,90,,80826,101536,N2156.8170,E08523.0393,689.7,2.71
08-08-2026 15:45,1491,1057,58,0,386,1010,2,0,0,68,0,4,2,41,37,28,42,1.8,-1,2,192,69,66,79,38,59,117,26,64,206,205,340,382,362,356,69,90,,80826,101537,N2156.8175,E08523.0382,688.4,3.54
08-08-2026 15:45,1685,1135,68,0,512,1201,2,0,0,67,0,3,3,40,37,39,29,-0.7,1.3,2,257,69,66,79,39,80,148,26,64,206,204,373,418,398,387,69,91,,80826,101538,N2156.8178,E08523.0367,687.2,5.78
08-08-2026 15:45,1732,842,50,0,559,1482,3,0,0,67,0,-1,2,46,39,34,25,-0.2,1.6,2,136,69,65,79,39,73,159,26,64,206,204,404,436,420,411,69,90,,80826,101539,N2156.8182,E08523.0348,686.1,6.67
08-08-2026 15:45,1568,572,42,1,612,1472,3,0,0,67,0,-1,2,45,42,24,35,1.4,-0.8,2,0,69,65,79,39,26,148,26,64,206,203,422,430,422,416,69,90,,80826,101540,N2156.8181,E08523.0326,685.3,7.12
08-08-2026 15:45,1403,0,0,1,562,1333,3,0,0,67,0,0,2,41,46,40,21,-2.4,1.4,2,0,69,65,79,36,16,121,26,64,205,203,424,410,407,405,69,90,,80826,101541,N2156.8179,E08523.0304,685.8,7.12
08-08-2026 15:45,1232,0,0,0,472,1170,2,0,0,67,0,-3,2,43,51,40,16,-3.2,1.6,2,0,69,65,79,31,9,95,26,64,206,203,415,388,387,387,69,90,,80826,101542,N2156.8176,E08523.0283,686.5,6.41
08-08-2026 15:45,1039,0,0,0,423,913,2,0,0,67,0,2,3,39,49,36,27,-1.9,-0.1,2,0,69,65,79,24,7,74,26,64,205,202,400,367,367,369,69,90,,80826,101543,N2156.8174,E08523.0264,687,4.74
08-08-2026 15:45,902,0,0,0,341,802,2,0,0,67,0,0,3,39,48,36,28,-1.7,-0.1,2,0,69,65,79,20,5,56,26,64,205,202,383,348,348,352,69,90,,80826,101544,N2156.8172,E08523.0249,687.4,4.17
08-08-2026 15:45,729,4,0,0,290,634,2,0,0,67,0,1,3,40,45,38,27,-1.6,0.6,2,0,69,65,79,14,4,44,26,64,205,202,367,332,333,338,69,90,,80826,101545,N2156.8171,E08523.0235,687.7,3.36
08-08-2026 15:45,641,45,0,0,226,547,2,0,41,67,0,-5,3,43,45,35,23,-1.4,1,2,17,69,65,79,14,3,37,26,64,205,201,352,320,320,325,69,90,,80826,101546,N2156.8172,E08523.0224,687.8,3.36
08-08-2026 15:45,614,109,0,0,130,346,2,0,40,67,0,-3,2,44,45,31,27,-0.5,0.3,2,50,69,65,79,13,3,37,26,64,205,201,340,313,312,317,69,90,,80826,101547,N2156.8172,E08523.0216,688.1,1.3
08-08-2026 15:45,596,137,0,0,0,0,0,0,26,67,0,1,2,40,41,35,30,-0.6,0.4,1,54,69,65,79,14,3,35,26,64,205,201,331,311,309,313,69,90,,80826,101548,N2156.8172,E08523.0217,687.9,0.01
08-08-2026 15:45,663,80,0,0,0,0,0,0,0,67,0,1,2,40,41,34,30,-0.5,0.3,1,32,69,66,79,16,3,33,26,64,204,201,326,309,307,311,69,90,,80826,101549,N2156.8172,E08523.0217,687.9,0
08-08-2026 15:45,686,65,0,0,0,0,0,0,0,67,0,2,3,40,42,35,30,-0.7,0.3,1,24,69,66,79,16,3,31,26,64,204,201,321,304,304,307,69,90,,80826,101550,N2156.8172,E08523.0217,688,0
08-08-2026 15:45,668,64,0,0,0,0,0,0,0,67,0,2,2,40,42,34,30,-0.6,0.2,1,25,69,66,79,15,3,29,26,64,207,205,316,299,299,303,69,90,,80826,101551,N2156.8172,E08523.0216,688,0
08-08-2026 15:45,663,63,0,0,0,0,0,0,0,67,0,2,2,40,42,34,30,-0.6,0.2,1,25,69,66,79,15,2,27,26,64,207,205,311,295,294,298,69,90,,80826,101552,N2156.8172,E08523.0216,688,0
08-08-2026 15:45,659,65,0,0,0,0,0,0,0,67,0,2,2,40,42,34,30,-0.6,0.2,1,25,69,66,79,15,2,27,26,64,206,205,306,290,289,294,69,90,,80826,101553,N2156.8172,E08523.0216,688,0
08-08-2026 15:45,658,65,0,0,0,0,0,0,0,67,0,2,2,40,42,34,30,-0.6,0.2,1,29,69,66,79,15,1,27,26,64,206,204,302,286,285,289,69,91,,80826,101554,N2156.8172,E08523.0216,688,0
08-08-2026 15:45,658,66,0,0,0,0,0,0,0,67,0,2,2,40,42,34,30,-0.6,0.2,1,29,69,66,79,15,2,26,26,64,206,203,298,282,281,285,69,90,,80826,101555,N2156.8172,E08523.0216,688,0
08-08-2026 15:45,658,65,0,0,0,0,0,0,0,67,0,2,2,40,42,34,30,-0.6,0.2,1,29,69,66,79,15,2,27,26,64,206,203,294,279,277,282,69,90,,80826,101556,N2156.8172,E08523.0216,688,0
08-08-2026 15:45,658,65,0,0,0,0,0,0,0,67,0,2,2,40,42,34,30,-0.6,0.2,1,25,69,66,79,15,2,27,26,64,206,203,290,275,273,278,69,91,,80826,101557,N2156.8172,E08523.0216,688,0
08-08-2026 15:45,658,65,0,0,0,0,0,0,0,67,0,2,2,40,42,34,30,-0.6,0.2,1,25,69,66,79,15,1,27,26,64,206,203,286,272,270,274,69,91,,80826,101558,N2156.8172,E08523.0216,688,0
08-08-2026 15:45,658,66,0,0,0,0,0,0,0,67,0,2,2,40,42,34,30,-0.6,0.2,1,29,69,66,79,15,2,27,26,64,206,203,282,269,266,271,69,90,,80826,101559,N2156.8172,E08523.0215,688,0
08-08-2026 15:46,658,65,0,0,0,0,0,0,0,67,0,2,2,40,42,34,30,-0.6,0.2,1,29,69,66,79,15,1,26,26,64,206,203,279,266,263,268,69,91,,80826,101600,N2156.8172,E08523.0215,688,0
08-08-2026 15:46,658,65,0,0,0,0,0,0,0,67,0,2,2,40,42,34,30,-0.6,0.2,1,29,69,66,79,15,2,25,26,64,205,202,276,263,260,265,69,90,,80826,101601,N2156.8172,E08523.0215,688,0
08-08-2026 15:46,658,65,0,0,0,0,0,0,0,67,0,2,2,40,42,34,30,-0.6,0.2,1,25,69,66,79,15,2,26,26,64,205,202,273,261,258,263,69,90,,80826,101602,N2156.8172,E08523.0215,688,0
08-08-2026 15:46,658,65,0,0,0,0,0,0,0,67,0,2,2,40,42,34,30,-0.6,0.2,1,25,69,66,79,15,2,27,26,64,205,202,270,259,255,260,69,90,,80826,101603,N2156.8172,E08523.0215,688,0
08-08-2026 15:46,656,66,0,0,0,0,0,0,0,67,0,2,2,40,42,34,30,-0.6,0.2,1,29,69,66,79,15,2,26,26,64,205,201,269,257,253,258,69,90,,80826,101604,N2156.8172,E08523.0215,688,0
08-08-2026 15:46,657,68,0,0,0,0,0,0,0,67,0,2,2,40,42,34,30,-0.6,0.2,1,29,69,66,79,15,2,27,26,64,205,201,266,254,251,256,69,90,,80826,101605,N2156.8172,E08523.0215,688,0
08-08-2026 15:46,658,68,0,0,0,0,0,0,0,67,0,2,2,40,42,34,30,-0.6,0.2,1,29,69,66,79,15,2,27,26,64,205,201,264,253,249,253,69,90,,80826,101606,N2156.8172,E08523.0215,688,0
08-08-2026 15:46,658,67,0,0,0,0,0,0,0,67,0,2,2,40,42,34,30,-0.6,0.2,1,29,69,66,79,15,2,28,26,64,205,201,262,251,247,252,69,90,,80826,101607,N2156.8172,E08523.0215,688,0
08-08-2026 15:46,658,67,0,0,0,0,0,0,0,67,0,2,2,40,42,34,30,-0.6,0.2,1,37,69,66,79,15,2,28,26,64,204,201,260,250,245,250,69,90,,80826,101608,N2156.8172,E08523.0214,688,0
08-08-2026 15:46,657,90,0,0,0,0,0,0,0,67,0,2,2,40,42,34,30,-0.6,0.2,1,38,69,66,79,15,2,26,26,64,204,201,259,248,244,248,69,90,,80826,101609,N2156.8172,E08523.0214,688,0
08-08-2026 15:46,657,67,0,0,0,0,0,0,0,66,0,2,2,40,42,34,30,-0.6,0.2,1,29,69,66,79,15,2,27,26,64,204,201,257,247,242,247,69,90,,80826,101610,N2156.8172,E08523.0214,688,0
08-08-2026 15:46,658,89,0,0,0,0,0,0,0,66,0,2,2,40,42,34,30,-0.6,0.2,1,37,69,66,79,15,2,28,26,64,204,201,256,245,240,245,69,91,,80826,101611,N2156.8172,E08523.0214,688,0
08-08-2026 15:46,658,89,0,0,0,0,0,0,0,66,0,2,2,40,42,34,30,-0.6,0.2,1,29,69,66,79,15,2,28,26,64,203,201,254,244,238,243,69,90,,80826,101612,N2156.8172,E08523.0214,688,0
08-08-2026 15:46,658,67,0,0,0,0,0,0,0,66,0,2,2,40,42,34,30,-0.6,0.2,1,29,69,66,79,15,2,28,26,64,203,200,253,243,237,242,69,90,,80826,101613,N2156.8172,E08523.0214,688,0
08-08-2026 15:46,658,66,0,0,0,0,0,0,0,66,0,2,2,40,42,34,30,-0.6,0.2,1,29,69,66,79,15,2,28,26,64,203,200,251,241,236,241,69,90,,80826,101614,N2156.8172,E08523.0214,688,0
08-08-2026 15:46,657,67,0,0,0,0,0,0,0,66,0,2,2,40,42,34,30,-0.6,0.2,1,29,69,66,79,15,2,26,26,64,203,200,250,240,235,240,69,90,,80826,101615,N2156.8172,E08523.0213,688,0
08-08-2026 15:46,658,89,0,0,0,0,0,0,0,66,0,2,2,40,42,34,30,-0.6,0.2,1,37,69,66,78,15,2,26,26,64,203,200,249,240,234,238,69,90,,80826,101616,N2156.8172,E08523.0213,688,0
08-08-2026 15:46,659,67,0,0,0,0,0,0,0,66,0,2,2,40,42,34,30,-0.6,0.2,1,29,69,66,78,15,2,25,26,64,203,200,248,238,233,237,69,90,,80826,101617,N2156.8172,E08523.0213,688,0
08-08-2026 15:46,658,67,0,0,0,0,0,0,0,66,0,2,2,40,42,34,30,-0.6,0.2,1,29,69,66,78,15,2,26,26,64,203,200,247,238,231,236,69,90,,80826,101618,N2156.8172,E08523.0213,688,0
08-08-2026 15:46,657,67,0,0,0,0,0,0,0,66,0,2,2,40,42,34,30,-0.6,0.2,1,29,69,66,78,15,2,27,26,64,203,200,246,237,231,235,69,90,,80826,101619,N2156.8172,E08523.0213,688,0
08-08-2026 15:46,658,67,0,0,0,0,0,0,0,66,0,2,2,40,42,34,30,-0.6,0.2,1,29,69,66,78,15,2,27,26,64,202,199,245,236,230,234,69,90,,80826,101620,N2156.8172,E08523.0213,688,0
08-08-2026 15:46,659,67,0,0,0,0,0,0,0,66,0,2,2,40,42,34,30,-0.6,0.2,1,29,69,66,78,15,2,28,26,64,202,200,244,235,229,233,68,90,,80826,101621,N2156.8172,E08523.0213,688,0
08-08-2026 15:46,659,65,0,0,0,0,0,0,0,66,0,2,2,40,42,34,30,-0.6,0.2,1,25,69,66,78,15,2,28,26,64,202,200,244,234,227,232,68,90,,80826,101622,N2156.8172,E08523.0212,688,0
08-08-2026 15:46,658,64,0,0,0,0,0,0,0,66,0,2,2,40,42,34,30,-0.6,0.2,1,25,69,66,78,15,2,28,26,64,202,199,243,233,227,231,68,90,,80826,101623,N2156.8173,E08523.0209,688.7,0.03
08-08-2026 15:46,658,86,0,0,0,0,0,0,0,66,0,2,2,40,42,34,30,-0.6,0.2,1,37,69,66,78,15,2,28,26,64,201,199,242,233,226,230,68,90,,80826,101624,N2156.8173,E08523.0209,688.7,0
08-08-2026 15:46,658,65,0,0,0,0,0,0,0,66,0,2,2,40,42,34,30,-0.6,0.2,1,37,69,66,78,15,2,27,26,64,201,198,241,232,225,229,68,90,,80826,101625,N2156.8173,E08523.0209,688.7,0
08-08-2026 15:46,658,66,0,0,0,0,0,0,0,66,0,2,2,40,42,34,30,-0.6,0.2,1,29,69,66,78,15,2,28,26,64,201,199,240,231,224,228,68,90,,80826,101626,N2156.8173,E08523.0209,688.7,0
08-08-2026 15:46,658,65,0,0,0,0,0,0,0,66,0,2,2,40,42,34,30,-0.6,0.2,1,25,69,66,78,15,2,27,26,64,201,198,240,231,223,227,68,90,,80826,101627,N2156.8173,E08523.0208,688.7,0
08-08-2026 15:46,658,65,0,0,0,0,0,0,0,66,0,2,2,40,42,34,30,-0.6,0.2,1,25,69,66,78,15,2,27,26,64,201,198,239,229,222,227,68,90,,80826,101628,N2156.8174,E08523.0208,688.6,0
08-08-2026 15:46,659,65,0,0,0,0,0,0,0,66,0,2,2,40,42,34,30,-0.6,0.2,1,25,69,66,78,15,2,27,26,64,201,198,238,229,222,226,68,90,,80826,101629,N2156.8174,E08523.0208,688.6,0
08-08-2026 15:46,658,65,0,0,0,0,0,0,0,66,0,2,2,40,42,34,30,-0.6,0.2,1,37,69,66,78,15,2,27,26,64,201,198,237,228,221,225,68,90,,80826,101630,N2156.8174,E08523.0208,688.6,0
08-08-2026 15:46,658,86,0,0,0,0,0,0,0,66,0,2,2,40,42,34,30,-0.6,0.2,1,37,69,66,78,15,2,27,26,64,201,198,237,228,220,224,68,90,,80826,101631,N2156.8174,E08523.0208,688.6,0
08-08-2026 15:46,658,87,0,0,0,0,0,0,0,66,0,2,2,40,42,34,30,-0.6,0.2,1,37,69,66,78,15,2,28,26,64,201,198,236,227,220,224,68,90,,80826,101632,N2156.8174,E08523.0208,688.6,0
08-08-2026 15:46,658,87,0,0,0,0,0,0,0,66,0,2,2,40,42,34,30,-0.6,0.2,1,37,69,66,78,15,2,28,26,64,201,198,235,227,219,223,68,90,,80826,101633,N2156.8174,E08523.0208,688.6,0
08-08-2026 15:46,658,65,0,0,0,0,0,0,0,66,0,2,2,40,42,34,30,-0.6,0.2,1,29,69,66,78,15,2,27,26,64,201,198,235,226,218,223,68,90,,80826,101634,N2156.8174,E08523.0208,688.6,0
08-08-2026 15:46,658,64,0,0,0,0,0,0,0,66,0,2,2,40,42,34,30,-0.6,0.2,1,25,69,66,78,15,2,27,26,64,200,198,234,226,218,222,68,90,,80826,101635,N2156.8174,E08523.0207,688.6,0
08-08-2026 15:46,659,64,0,0,0,0,0,0,0,66,0,2,2,40,42,34,30,-0.6,0.2,1,25,69,66,78,15,2,27,26,64,200,197,234,225,217,221,68,90,,80826,101636,N2156.8174,E08523.0207,688.6,0
08-08-2026 15:46,658,65,0,0,0,0,0,0,0,66,0,2,2,40,42,34,30,-0.6,0.2,1,29,69,66,78,15,2,27,26,64,200,197,233,224,217,221,68,90,,80826,101638,N2156.8174,E08523.0207,688.6,0
08-08-2026 15:46,656,67,0,0,0,0,0,0,0,66,0,2,2,40,42,34,30,-0.6,0.2,1,29,69,66,78,15,2,27,26,64,200,197,233,224,216,220,68,90,,80826,101639,N2156.8174,E08523.0207,688.6,0
08-08-2026 15:46,657,90,0,0,0,0,0,0,0,66,0,2,2,40,42,34,30,-0.6,0.2,1,38,69,66,78,15,2,28,26,64,200,197,232,224,216,220,68,90,,80826,101640,N2156.8174,E08523.0207,688.6,0
08-08-2026 15:46,658,67,0,0,0,0,0,0,0,66,0,2,2,40,42,34,30,-0.6,0.2,1,29,69,66,78,15,2,29,26,64,200,197,232,224,215,220,68,90,,80826,101641,N2156.8174,E08523.0207,688.6,0
08-08-2026 15:46,658,88,0,0,0,0,0,0,0,66,0,2,2,40,42,34,30,-0.6,0.2,1,37,69,66,78,15,2,29,26,64,200,197,231,224,215,219,68,90,,80826,101641,N2156.8174,E08523.0207,688.6,0
08-08-2026 15:46,658,89,0,0,0,0,0,0,0,66,0,2,2,40,42,34,30,-0.6,0.2,1,37,69,66,78,15,1,29,26,64,200,197,231,223,215,219,68,91,,80826,101643,N2156.8174,E08523.0207,688.5,0
08-08-2026 15:46,658,67,0,0,0,0,0,0,0,66,0,2,2,40,42,34,30,-0.6,0.2,1,29,69,66,78,16,2,29,26,64,199,197,231,223,215,218,68,90,,80826,101644,N2156.8174,E08523.0206,688.5,0
08-08-2026 15:46,658,89,0,0,0,0,0,0,0,66,0,2,2,40,42,34,30,-0.6,0.2,1,37,69,66,78,15,2,29,26,64,199,197,230,223,214,218,68,90,,80826,101644,N2156.8174,E08523.0206,688.5,0
08-08-2026 15:46,658,67,0,0,0,0,0,0,0,66,0,2,2,40,42,34,30,-0.6,0.2,1,29,69,66,78,16,2,29,26,64,199,197,230,222,214,218,68,90,,80826,101646,N2156.8174,E08523.0206,688.5,0
08-08-2026 15:46,658,89,0,0,0,0,0,0,0,66,0,2,2,40,42,34,30,-0.6,0.2,1,37,69,66,78,15,2,28,26,64,199,196,229,222,214,218,68,90,,80826,101646,N2156.8174,E08523.0206,688.5,0
08-08-2026 15:46,658,66,0,0,0,0,0,0,0,66,0,2,2,40,42,34,30,-0.6,0.2,1,37,69,66,78,15,2,29,26,64,199,196,230,221,213,218,68,90,,80826,101648,N2156.8174,E08523.0206,688.5,0
08-08-2026 15:46,658,67,0,0,0,0,0,0,0,66,0,2,2,40,42,34,30,-0.6,0.2,1,29,69,66,78,15,2,29,26,64,199,196,229,221,213,217,68,90,,80826,101649,N2156.8174,E08523.0205,688.5,0
08-08-2026 15:46,658,66,0,0,0,0,0,0,0,66,0,2,2,40,42,34,30,-0.6,0.2,1,29,69,66,78,16,2,29,26,64,198,196,228,221,212,217,68,90,,80826,101650,N2156.8174,E08523.0205,688.4,0
08-08-2026 15:46,658,67,0,0,0,0,0,0,0,66,0,2,2,40,42,34,30,-0.6,0.2,1,29,69,66,78,16,2,29,26,64,198,196,228,221,212,216,68,90,,80826,101651,N2156.8174,E08523.0205,688.4,0
08-08-2026 15:46,658,67,0,0,0,0,0,0,0,66,0,2,2,40,42,34,30,-0.6,0.2,1,29,69,66,78,15,2,29,26,64,198,196,228,220,212,216,68,90,,80826,101651,N2156.8174,E08523.0205,688.4,0
08-08-2026 15:46,660,64,0,0,0,0,0,0,0,66,0,2,2,40,42,34,30,-0.6,0.2,1,25,69,66,78,16,2,29,26,64,198,195,227,220,211,216,68,90,,80826,101653,N2156.8174,E08523.0205,688.4,0
08-08-2026 15:46,659,86,0,0,0,0,0,0,0,66,0,2,2,40,42,34,30,-0.6,0.2,1,37,69,66,78,16,2,28,26,64,198,195,227,220,211,215,68,90,,80826,101654,N2156.8174,E08523.0205,688.4,0
08-08-2026 15:46,658,65,0,0,0,0,0,0,0,66,0,2,2,40,42,34,30,-0.6,0.2,1,25,69,66,78,15,2,28,26,64,198,195,227,219,211,215,68,90,,80826,101655,N2156.8174,E08523.0204,688.4,0
08-08-2026 15:46,658,65,0,0,0,0,0,0,0,66,0,2,2,40,42,34,30,-0.6,0.2,1,29,69,66,78,16,2,28,26,64,198,195,226,219,210,214,68,90,,80826,101656,N2156.8174,E08523.0204,688.4,0
08-08-2026 15:46,658,65,0,0,0,0,0,0,0,66,0,2,2,40,42,34,30,-0.6,0.2,1,25,69,66,78,16,2,28,26,64,198,195,226,218,210,214,68,90,,80826,101656,N2156.8174,E08523.0204,688.4,0
08-08-2026 15:46,658,65,0,0,0,0,0,0,0,66,0,2,2,40,42,34,30,-0.6,0.2,1,25,69,66,78,16,2,28,26,64,198,195,225,218,210,214,68,90,,80826,101658,N2156.8174,E08523.0204,688.4,0
08-08-2026 15:46,658,64,0,0,0,0,0,0,0,66,0,2,2,40,42,34,30,-0.6,0.2,1,25,69,66,78,16,2,29,26,64,198,195,225,218,209,213,68,90,,80826,101659,N2156.8175,E08523.0203,688.4,0
08-08-2026 15:46,658,87,0,0,0,0,0,0,0,66,0,2,2,40,42,34,30,-0.6,0.2,1,37,69,66,78,16,2,28,26,64,197,195,225,218,209,213,68,90,,80826,101700,N2156.8175,E08523.0203,688.4,0
08-08-2026 15:47,659,64,0,0,0,0,0,0,0,65,0,2,2,40,42,34,30,-0.6,0.2,1,25,69,66,78,16,2,28,26,64,197,195,224,218,208,212,68,90,,80826,101701,N2156.8175,E08523.0203,688.4,0
08-08-2026 15:47,658,65,0,0,0,0,0,0,0,65,0,2,2,40,42,34,30,-0.6,0.2,1,25,69,66,78,16,2,28,26,64,197,195,224,217,208,212,68,90,,80826,101702,N2156.8175,E08523.0203,688.4,0
08-08-2026 15:47,658,65,0,0,0,0,0,0,0,65,0,2,2,40,42,34,30,-0.6,0.2,1,25,69,66,78,16,2,28,26,64,197,195,224,217,208,211,68,90,,80826,101703,N2156.8175,E08523.0203,688.4,0
08-08-2026 15:47,658,64,0,0,0,0,0,0,0,65,0,2,2,40,42,34,30,-0.6,0.2,1,25,69,66,78,16,2,29,26,64,197,195,223,216,207,211,68,90,,80826,101704,N2156.8175,E08523.0202,688.4,0
08-08-2026 15:47,658,64,0,0,0,0,0,0,0,65,0,2,2,40,42,34,30,-0.6,0.2,1,25,69,66,78,16,2,29,26,64,197,194,223,216,207,211,68,90,,80826,101705,N2156.8175,E08523.0202,688.4,0
08-08-2026 15:47,658,65,0,0,0,0,0,0,0,65,0,2,2,40,42,34,30,-0.6,0.2,1,29,69,66,78,16,2,28,26,64,197,194,223,216,207,211,68,90,,80826,101706,N2156.8175,E08523.0202,688.4,0
08-08-2026 15:47,658,65,0,0,0,0,0,0,0,65,0,2,2,40,42,34,30,-0.6,0.2,1,25,69,66,78,16,2,28,26,64,197,194,222,216,206,210,68,90,,80826,101706,N2156.8175,E08523.0202,688.4,0
08-08-2026 15:47,658,67,0,0,0,0,0,0,0,65,0,2,2,40,42,34,30,-0.6,0.2,1,29,69,66,78,16,2,28,26,64,197,194,222,215,206,210,68,90,,80826,101708,N2156.8175,E08523.0202,688.4,0
08-08-2026 15:47,657,89,0,0,0,0,0,0,0,65,0,2,2,40,42,34,30,-0.6,0.2,1,38,69,66,78,16,2,28,26,64,197,194,221,215,206,210,68,90,,80826,101709,N2156.8175,E08523.0202,688.4,0
08-08-2026 15:47,657,89,0,0,0,0,0,0,0,65,0,2,2,40,42,34,30,-0.6,0.2,1,37,69,66,78,16,2,28,26,64,197,194,221,215,206,209,68,90,,80826,101710,N2156.8175,E08523.0202,688.4,0
08-08-2026 15:47,658,67,0,0,0,0,0,0,0,65,0,2,2,40,42,34,30,-0.6,0.2,1,29,69,66,78,16,2,28,26,64,196,194,221,215,206,209,68,90,,80826,101711,N2156.8175,E08523.0202,688.4,0
08-08-2026 15:47,658,89,0,0,0,0,0,0,0,65,0,2,2,40,42,34,30,-0.6,0.2,1,37,69,66,78,16,1,28,26,64,196,194,221,215,205,209,68,90,,80826,101712,N2156.8175,E08523.0202,688.4,0
08-08-2026 15:47,658,67,0,0,0,0,0,0,0,65,0,2,2,40,42,34,30,-0.6,0.2,1,29,69,66,77,16,2,28,26,64,196,194,221,214,205,209,68,90,,80826,101713,N2156.8175,E08523.0201,688.4,0
08-08-2026 15:47,658,67,0,0,0,0,0,0,0,65,0,2,2,40,42,34,30,-0.6,0.2,1,29,69,66,77,16,2,29,26,64,196,194,221,214,205,209,68,90,,80826,101714,N2156.8175,E08523.0201,688.4,0
08-08-2026 15:47,658,67,0,0,0,0,0,0,0,65,0,2,2,40,42,34,30,-0.6,0.2,1,29,69,66,77,16,2,28,26,64,196,194,220,214,205,209,68,90,,80826,101715,N2156.8175,E08523.0201,688.4,0
08-08-2026 15:47,658,67,0,0,0,0,0,0,0,65,0,2,2,40,42,34,30,-0.6,0.2,1,29,69,66,77,16,2,27,26,64,195,193,220,214,205,209,68,90,,80826,101716,N2156.8175,E08523.0201,688.4,0
08-08-2026 15:47,658,90,0,0,0,0,0,0,0,65,0,2,2,40,42,34,30,-0.6,0.2,1,29,69,66,77,16,2,28,26,64,196,193,220,213,205,209,68,90,,80826,101717,N2156.8175,E08523.0201,688.4,0
08-08-2026 15:47,658,67,0,0,0,0,0,0,0,65,0,2,2,40,42,34,30,-0.6,0.2,1,29,69,66,77,16,2,28,26,64,195,193,220,213,205,208,68,90,,80826,101718,N2156.8175,E08523.0201,688.4,0
08-08-2026 15:47,659,67,0,0,0,0,0,0,0,65,0,2,2,40,42,34,30,-0.6,0.2,1,29,69,66,77,16,2,28,26,64,195,193,219,213,205,208,68,90,,80826,101719,N2156.8175,E08523.0201,688.4,0
08-08-2026 15:47,658,67,0,0,0,0,0,0,0,65,0,2,2,40,42,34,30,-0.6,0.2,1,29,69,66,77,16,2,28,26,64,195,193,219,213,204,208,68,90,,80826,101720,N2156.8175,E08523.0201,688.4,0
08-08-2026 15:47,658,68,0,0,0,0,0,0,0,65,0,2,2,40,42,34,30,-0.6,0.2,1,29,69,66,77,16,2,29,26,64,195,193,219,213,204,208,68,90,,80826,101721,N2156.8175,E08523.0201,688.4,0
08-08-2026 15:47,658,66,0,0,0,0,0,0,0,65,0,2,2,40,42,34,30,-0.6,0.2,1,29,69,66,77,16,2,28,26,64,195,193,219,212,204,208,68,90,,80826,101722,N2156.8175,E08523.0200,688.4,0
08-08-2026 15:47,658,67,0,0,0,0,0,0,0,65,0,2,2,40,42,34,30,-0.6,0.2,1,29,69,65,77,16,2,29,26,64,195,193,219,212,204,208,68,90,,80826,101723,N2156.8175,E08523.0200,688.4,0
08-08-2026 15:47,659,65,0,0,0,0,0,0,0,65,0,2,2,40,42,34,30,-0.6,0.2,1,25,69,66,77,16,2,28,26,63,195,192,218,212,204,208,68,90,,80826,101724,N2156.8175,E08523.0200,688.4,0
08-08-2026 15:47,659,65,0,0,0,0,0,0,0,65,0,2,2,40,42,34,30,-0.6,0.2,1,25,69,66,77,16,2,28,26,63,195,192,218,212,204,207,68,90,,80826,101725,N2156.8175,E08523.0200,688.4,0
08-08-2026 15:47,658,65,0,0,0,0,0,0,0,65,0,2,2,40,42,34,30,-0.6,0.2,1,29,69,66,77,16,2,28,26,63,195,192,218,211,203,207,68,90,,80826,101726,N2156.8175,E08523.0200,688.4,0
08-08-2026 15:47,658,65,0,0,0,0,0,0,0,65,0,2,2,40,42,34,30,-0.6,0.2,1,29,69,65,77,16,2,28,26,63,195,192,218,211,203,206,68,90,,80826,101727,N2156.8175,E08523.0200,688.4,0
08-08-2026 15:47,658,65,0,0,0,0,0,0,0,65,0,2,2,40,42,34,30,-0.6,0.2,1,29,69,65,77,16,2,28,26,63,194,192,217,211,202,206,68,90,,80826,101728,N2156.8175,E08523.0200,688.4,0
08-08-2026 15:47,659,64,0,0,0,0,0,0,0,65,0,2,2,40,42,34,30,-0.6,0.2,1,25,69,65,77,16,2,28,26,63,194,192,217,211,202,206,68,90,,80826,101729,N2156.8175,E08523.0200,688.4,0
08-08-2026 15:47,658,64,0,0,0,0,0,0,0,65,0,2,2,40,42,34,30,-0.6,0.2,1,25,69,65,77,16,2,28,26,63,194,192,217,210,202,205,68,90,,80826,101730,N2156.8175,E08523.0200,688.4,0
08-08-2026 15:47,658,65,0,0,0,0,0,0,0,65,0,2,2,40,42,34,30,-0.6,0.2,1,25,69,66,77,16,2,28,26,64,194,192,216,210,201,205,68,90,,80826,101731,N2156.8175,E08523.0200,688.5,0
08-08-2026 15:47,658,86,0,0,0,0,0,0,0,65,0,2,2,40,42,34,30,-0.6,0.2,1,37,69,66,77,16,2,28,26,63,194,192,216,210,201,205,68,90,,80826,101732,N2156.8175,E08523.0200,688.5,0
08-08-2026 15:47,658,87,0,0,0,0,0,0,0,65,0,2,2,40,42,34,30,-0.6,0.2,1,37,69,66,77,16,2,27,26,63,194,192,216,210,201,205,68,90,,80826,101733,N2156.8175,E08523.0200,688.5,0
08-08-2026 15:47,658,86,0,0,0,0,0,0,0,65,0,2,2,40,42,34,30,-0.6,0.2,1,37,69,65,77,16,2,28,26,64,194,192,215,209,201,205,68,91,,80826,101734,N2156.8175,E08523.0200,688.5,0
08-08-2026 15:47,658,87,0,0,0,0,0,0,0,65,0,2,2,40,42,34,30,-0.6,0.2,1,37,69,65,77,16,2,28,26,64,194,191,215,209,200,204,68,90,,80826,101735,N2156.8175,E08523.0199,688.5,0
08-08-2026 15:47,658,86,0,0,0,0,0,0,0,65,0,2,2,40,42,34,30,-0.6,0.2,1,25,69,65,77,16,2,28,26,63,194,191,215,209,200,204,68,90,,80826,101736,N2156.8175,E08523.0199,688.5,0
08-08-2026 15:47,658,64,0,0,0,0,0,0,0,65,0,2,2,40,42,34,30,-0.6,0.2,1,25,69,65,77,16,2,28,26,63,194,191,215,208,200,204,68,90,,80826,101737,N2156.8175,E08523.0199,688.5,0
08-08-2026 15:47,658,86,0,0,0,0,0,0,0,65,0,2,2,40,42,34,30,-0.6,0.2,1,38,69,65,77,16,2,29,26,63,194,191,215,208,199,204,68,90,,80826,101738,N2156.8175,E08523.0199,688.5,0
08-08-2026 15:47,656,90,0,0,0,0,0,0,0,65,0,2,2,40,42,34,30,-0.6,0.2,1,38,69,65,77,16,2,29,26,63,194,191,214,208,199,203,68,90,,80826,101739,N2156.8175,E08523.0199,688.5,0
08-08-2026 15:47,658,67,0,0,0,0,0,0,0,65,0,2,2,40,42,34,30,-0.6,0.2,1,37,69,65,77,16,1,28,26,63,193,191,214,208,199,203,68,91,,80826,101740,N2156.8175,E08523.0199,688.5,0
08-08-2026 15:47,657,90,0,0,0,0,0,0,0,65,0,2,2,40,42,34,30,-0.6,0.2,1,38,69,65,77,16,2,28,26,63,193,191,214,208,199,203,68,90,,80826,101741,N2156.8175,E08523.0199,688.5,0
08-08-2026 15:47,658,91,0,0,0,0,0,0,0,65,0,2,2,40,42,34,30,-0.6,0.2,1,29,69,65,77,16,2,29,26,63,193,190,214,208,199,203,68,90,,80826,101742,N2156.8175,E08523.0199,688.5,0
08-08-2026 15:47,658,67,0,0,0,0,0,0,0,65,0,2,2,40,42,34,30,-0.6,0.2,1,29,69,65,77,16,2,29,26,63,193,190,213,208,199,203,68,90,,80826,101743,N2156.8175,E08523.0199,688.5,0
08-08-2026 15:47,658,67,0,0,0,0,0,0,0,65,0,2,2,40,42,33,30,-0.5,0.1,1,29,69,65,77,16,2,29,26,63,193,190,213,208,199,203,68,90,,80826,101744,N2156.8175,E08523.0199,688.5,0
08-08-2026 15:47,657,90,0,0,0,0,0,0,0,65,0,2,2,40,42,34,30,-0.6,0.2,1,38,69,65,77,16,2,28,26,63,193,190,213,208,199,203,68,90,,80826,101745,N2156.8175,E08523.0199,688.5,0
08-08-2026 15:47,657,68,0,0,0,0,0,0,0,65,0,2,2,40,42,34,30,-0.6,0.2,1,29,68,65,77,16,2,28,26,63,193,190,213,207,199,202,68,90,,80826,101746,N2156.8175,E08523.0199,688.5,0
08-08-2026 15:47,658,67,0,0,0,0,0,0,0,65,0,2,2,40,42,33,30,-0.5,0.1,1,29,69,65,77,16,2,29,26,63,192,190,213,207,199,202,68,90,,80826,101747,N2156.8175,E08523.0199,688.5,0
08-08-2026 15:47,658,67,0,0,0,0,0,0,0,65,0,2,2,40,42,33,30,-0.5,0.1,1,29,69,65,77,16,2,28,26,63,192,190,212,207,199,202,68,90,,80826,101748,N2156.8175,E08523.0199,688.5,0
08-08-2026 15:47,658,90,0,0,0,0,0,0,0,65,0,2,2,40,42,34,30,-0.6,0.2,1,37,69,65,77,16,2,28,26,63,192,190,212,207,199,202,68,90,,80826,101749,N2156.8175,E08523.0199,688.5,0
08-08-2026 15:47,658,67,0,0,0,0,0,0,0,65,0,2,2,40,42,34,30,-0.6,0.2,1,29,69,65,77,16,2,28,26,63,192,190,212,206,199,202,68,90,,80826,101750,N2156.8175,E08523.0199,688.5,0
08-08-2026 15:47,657,67,0,0,0,0,0,0,0,65,0,2,2,40,42,34,30,-0.6,0.2,1,29,68,65,77,16,1,28,26,63,192,190,212,206,198,202,68,91,,80826,101751,N2156.8175,E08523.0199,688.5,0
08-08-2026 15:47,657,67,0,0,0,0,0,0,0,65,0,2,2,40,42,34,30,-0.6,0.2,1,29,68,65,77,16,2,29,26,63,192,190,212,206,198,202,68,90,,80826,101752,N2156.8175,E08523.0199,688.5,0
08-08-2026 15:47,658,67,0,0,0,0,0,0,0,65,0,2,2,40,42,34,30,-0.6,0.2,1,29,68,65,77,16,2,28,26,63,192,190,212,206,198,201,68,90,,80826,101753,N2156.8175,E08523.0199,688.5,0
08-08-2026 15:47,658,66,0,0,0,0,0,0,0,65,0,2,2,40,42,33,30,-0.5,0.1,1,29,69,65,77,16,2,28,26,63,192,190,212,206,198,201,68,90,,80826,101754,N2156.8175,E08523.0199,688.5,0
08-08-2026 15:47,660,86,0,0,0,0,0,0,0,65,0,2,2,40,42,34,30,-0.6,0.2,1,37,68,65,77,16,2,28,26,63,192,190,211,205,198,201,68,90,,80826,101755,N2156.8175,E08523.0199,688.5,0
08-08-2026 15:47,659,65,0,0,0,0,0,0,0,65,0,2,2,40,42,34,30,-0.6,0.2,1,25,68,65,77,16,2,28,26,63,192,189,211,205,197,201,67,90,,80826,101756,N2156.8175,E08523.0198,688.5,0
08-08-2026 15:47,658,65,0,0,0,0,0,0,0,65,0,2,2,40,42,34,30,-0.6,0.2,1,25,68,65,77,16,2,28,26,63,192,189,211,205,197,200,67,90,,80826,101757,N2156.8175,E08523.0198,688.5,0
08-08-2026 15:47,658,87,0,0,0,0,0,0,0,65,0,2,2,40,42,34,30,-0.6,0.2,1,29,68,65,77,16,2,28,26,63,191,189,211,205,197,200,67,90,,80826,101758,N2156.8175,E08523.0198,688.5,0
08-08-2026 15:47,658,86,0,0,0,0,0,0,0,64,0,2,2,40,42,34,30,-0.6,0.2,1,37,68,65,77,16,2,28,26,63,191,189,210,205,196,200,67,90,,80826,101759,N2156.8175,E08523.0198,688.5,0
08-08-2026 15:48,658,65,0,0,0,0,0,0,0,64,0,2,2,40,42,34,30,-0.6,0.2,1,25,68,65,77,16,2,28,26,63,191,189,210,204,196,200,67,90,,80826,101800,N2156.8175,E08523.0198,688.5,0
08-08-2026 15:48,658,65,0,0,0,0,0,0,0,64,0,2,2,40,42,34,30,-0.6,0.2,1,25,68,65,76,16,2,27,26,63,191,189,210,204,196,199,67,90,,80826,101801,N2156.8175,E08523.0198,688.5,0
08-08-2026 15:48,657,65,0,0,0,0,0,0,0,64,0,2,2,40,42,34,30,-0.6,0.2,1,29,68,65,76,16,2,27,26,63,191,189,210,204,196,199,67,90,,80826,101802,N2156.8175,E08523.0198,688.5,0
08-08-2026 15:48,658,65,0,0,0,0,0,0,0,64,0,2,2,40,42,33,30,-0.5,0.1,1,29,68,65,76,16,2,28,26,63,191,189,209,203,196,199,67,90,,80826,101803,N2156.8175,E08523.0198,688.5,0
08-08-2026 15:48,658,65,0,0,0,0,0,0,0,64,0,2,2,40,42,34,30,-0.6,0.2,1,25,68,65,76,16,2,27,26,63,191,189,209,203,196,199,67,90,,80826,101804,N2156.8175,E08523.0198,688.4,0
08-08-2026 15:48,658,65,0,0,0,0,0,0,0,64,0,2,2,40,42,34,30,-0.6,0.2,1,25,68,65,76,16,1,27,26,63,190,189,209,203,195,199,67,90,,80826,101805,N2156.8175,E08523.0198,688.4,0
08-08-2026 15:48,658,65,0,0,0,0,0,0,0,64,0,2,2,40,42,33,30,-0.5,0.1,1,25,68,65,76,16,2,27,26,63,190,189,208,203,195,198,67,90,,80826,101806,N2156.8175,E08523.0198,688.4,0
08-08-2026 15:48,658,87,0,0,0,0,0,0,0,64,0,2,2,40,42,34,30,-0.6,0.2,1,38,68,65,76,16,2,27,26,63,190,189,208,202,194,198,67,90,,80826,101807,N2156.8175,E08523.0198,688.4,0
08-08-2026 15:48,658,87,0,0,0,0,0,0,0,64,0,2,2,40,42,34,30,-0.6,0.2,1,37,68,65,76,16,2,27,26,63,190,189,208,202,194,198,67,90,,80826,101808,N2156.8175,E08523.0197,688.4,0
08-08-2026 15:48,657,66,0,0,0,0,0,0,0,64,0,2,2,40,42,34,30,-0.6,0.2,1,29,68,65,76,16,2,27,26,63,190,188,208,202,194,198,67,90,,80826,101809,N2156.8175,E08523.0197,688.5,0
08-08-2026 15:48,656,68,0,0,0,0,0,0,0,64,0,2,2,40,42,33,30,-0.5,0.1,1,29,68,65,76,16,2,27,26,63,190,189,208,202,194,198,67,90,,80826,101810,N2156.8175,E08523.0197,688.5,0
08-08-2026 15:48,657,68,0,0,0,0,0,0,0,64,0,2,2,40,42,33,30,-0.5,0.1,1,29,68,65,76,16,2,28,26,63,190,188,208,202,194,197,67,90,,80826,101811,N2156.8175,E08523.0197,688.5,0
08-08-2026 15:48,658,67,0,0,0,0,0,0,0,64,0,2,2,40,42,33,30,-0.5,0.1,1,29,68,65,76,16,2,28,26,63,190,188,208,202,194,197,67,90,,80826,101812,N2156.8175,E08523.0197,688.5,0
08-08-2026 15:48,658,90,0,0,0,0,0,0,0,64,0,2,2,40,42,33,30,-0.5,0.1,1,37,68,65,76,16,2,28,26,63,190,188,207,202,194,197,67,90,,80826,101813,N2156.8175,E08523.0197,688.5,0
08-08-2026 15:48,657,90,0,0,0,0,0,0,0,64,0,2,2,40,42,34,30,-0.6,0.2,1,37,68,65,76,16,2,28,26,63,190,187,207,202,194,197,67,90,,80826,101814,N2156.8175,E08523.0197,688.5,0
08-08-2026 15:48,658,89,0,0,0,0,0,0,0,64,0,2,2,40,42,33,30,-0.5,0.1,1,29,68,65,76,16,2,28,26,63,190,188,208,202,194,197,67,90,,80826,101815,N2156.8175,E08523.0197,688.5,0
08-08-2026 15:48,658,89,0,0,0,0,0,0,0,64,0,2,2,40,42,34,30,-0.6,0.2,1,37,68,65,76,16,2,27,26,63,190,187,207,202,194,197,67,90,,80826,101816,N2156.8175,E08523.0197,688.5,0
08-08-2026 15:48,658,67,0,0,0,0,0,0,0,64,0,2,2,40,42,33,30,-0.5,0.1,1,29,68,65,76,16,2,27,26,63,190,188,207,202,194,197,67,90,,80826,101817,N2156.8175,E08523.0197,688.5,0
08-08-2026 15:48,658,89,0,0,0,0,0,0,0,64,0,2,2,40,42,33,30,-0.5,0.1,1,37,68,65,76,16,2,27,26,63,189,187,207,201,194,197,67,90,,80826,101818,N2156.8175,E08523.0197,688.5,0
08-08-2026 15:48,658,89,0,0,0,0,0,0,0,64,0,2,2,40,42,34,30,-0.6,0.2,1,29,68,65,76,16,2,28,26,63,189,187,207,202,193,197,67,90,,80826,101819,N2156.8175,E08523.0197,688.5,0
08-08-2026 15:48,657,68,0,0,0,0,0,0,0,64,0,2,2,40,42,34,30,-0.6,0.2,1,29,68,65,76,16,2,27,26,63,189,187,207,201,193,197,67,90,,80826,101820,N2156.8175,E08523.0197,688.5,0
08-08-2026 15:48,658,67,0,0,0,0,0,0,0,64,0,2,2,40,42,33,30,-0.5,0.1,1,29,68,65,76,16,2,27,26,63,189,187,207,201,193,197,67,90,,80826,101821,N2156.8175,E08523.0197,688.4,0
08-08-2026 15:48,658,67,0,0,0,0,0,0,0,64,0,2,2,40,42,34,30,-0.6,0.2,1,29,68,65,76,16,2,27,26,63,189,187,206,201,193,197,67,90,,80826,101822,N2156.8175,E08523.0197,688.4,0
08-08-2026 15:48,658,90,0,0,0,0,0,0,0,64,0,2,2,40,42,33,30,-0.5,0.1,1,37,68,65,76,16,2,27,26,63,189,187,206,201,193,196,67,90,,80826,101823,N2156.8176,E08523.0197,688.4,0
08-08-2026 15:48,657,67,0,0,0,0,0,0,0,64,0,2,2,40,42,34,30,-0.6,0.2,1,29,68,65,76,16,2,27,26,63,189,187,206,201,193,196,67,90,,80826,101824,N2156.8176,E08523.0197,688.4,0
08-08-2026 15:48,658,89,0,0,0,0,0,0,0,64,0,2,2,40,42,33,30,-0.5,0.1,1,37,68,65,76,16,2,28,26,63,189,187,206,200,193,196,67,90,,80826,101825,N2156.8176,E08523.0197,688.4,0
08-08-2026 15:48,658,67,0,0,0,0,0,0,0,64,0,2,2,40,42,34,30,-0.6,0.2,1,29,68,65,76,16,2,28,26,63,189,187,206,200,193,196,67,90,,80826,101826,N2156.8176,E08523.0197,688.4,0
08-08-2026 15:48,660,86,0,0,0,0,0,0,0,64,0,2,2,40,42,33,30,-0.5,0.1,1,37,68,65,76,16,2,28,26,63,189,187,205,200,193,196,67,90,,80826,101827,N2156.8176,E08523.0197,688.4,0
08-08-2026 15:48,659,65,0,0,0,0,0,0,0,64,0,2,2,40,42,33,30,-0.5,0.1,1,25,68,65,76,16,2,28,26,63,189,187,205,200,193,196,67,90,,80826,101828,N2156.8176,E08523.0196,688.4,0
08-08-2026 15:48,658,65,0,0,0,0,0,0,0,64,0,2,2,40,42,34,30,-0.6,0.2,1,29,68,65,76,16,2,28,26,63,189,187,205,200,193,196,67,90,,80826,101829,N2156.8176,E08523.0196,688.4,0
08-08-2026 15:48,658,88,0,0,0,0,0,0,0,64,0,2,2,40,42,34,30,-0.6,0.2,1,37,68,65,76,16,2,28,26,63,189,186,205,199,192,195,67,90,,80826,101830,N2156.8176,E08523.0196,688.3,0
08-08-2026 15:48,658,88,0,0,0,0,0,0,0,64,0,2,2,40,42,33,30,-0.5,0.1,1,37,68,65,76,16,2,28,26,63,189,186,205,199,192,195,67,90,,80826,101831,N2156.8176,E08523.0196,688.3,0
08-08-2026 15:48,658,87,0,0,0,0,0,0,0,64,0,2,2,40,42,34,30,-0.6,0.2,1,37,68,65,76,16,2,28,26,63,188,186,204,199,192,195,67,90,,80826,101832,N2156.8176,E08523.0196,688.3,0
08-08-2026 15:48,658,86,0,0,0,0,0,0,0,64,0,2,2,40,42,34,30,-0.6,0.2,1,37,68,65,76,16,2,28,26,63,188,186,204,199,191,195,67,90,,80826,101833,N2156.8176,E08523.0196,688.3,0
08-08-2026 15:48,657,88,0,0,0,0,0,0,0,64,0,2,2,40,42,33,30,-0.5,0.1,1,37,68,65,76,16,2,28,26,63,188,186,204,199,191,194,67,90,,80826,101834,N2156.8176,E08523.0196,688.3,0
08-08-2026 15:48,658,65,0,0,0,0,0,0,0,64,0,2,2,40,42,33,30,-0.5,0.1,1,29,68,65,76,16,2,28,26,63,188,186,204,198,191,194,67,90,,80826,101835,N2156.8176,E08523.0196,688.3,0
08-08-2026 15:48,658,65,0,0,0,0,0,0,0,64,0,2,2,40,42,33,30,-0.5,0.1,1,25,68,65,76,16,2,28,26,63,188,186,204,198,191,194,67,90,,80826,101836,N2156.8176,E08523.0196,688.3,0
08-08-2026 15:48,657,88,0,0,0,0,0,0,0,64,0,2,2,40,42,33,30,-0.5,0.1,1,38,68,65,76,16,2,28,26,63,187,186,203,198,191,194,67,90,,80826,101837,N2156.8176,E08523.0196,688.3,0
08-08-2026 15:48,658,87,0,0,0,0,0,0,0,64,0,2,2,40,42,33,30,-0.5,0.1,1,37,68,65,76,16,2,28,26,63,188,186,203,198,190,193,67,90,,80826,101838,N2156.8176,E08523.0195,688.3,0
08-08-2026 15:48,658,65,0,0,0,0,0,0,0,64,0,2,2,40,42,33,30,-0.5,0.1,1,29,68,65,76,16,2,28,26,63,187,186,203,197,190,193,67,90,,80826,101839,N2156.8176,E08523.0195,688.3,0
08-08-2026 15:48,658,65,0,0,0,0,0,0,0,64,0,2,2,40,42,34,30,-0.6,0.2,1,29,68,65,76,16,2,28,26,63,187,186,203,197,190,193,67,90,,80826,101840,N2156.8176,E08523.0195,688.3,0
08-08-2026 15:48,657,66,0,0,0,0,0,0,0,64,0,2,2,40,42,33,30,-0.5,0.1,1,29,68,65,76,16,2,28,26,63,187,186,202,197,190,193,67,90,,80826,101841,N2156.8176,E08523.0195,688.3,0
08-08-2026 15:48,657,68,0,0,0,0,0,0,0,64,0,2,2,40,42,33,30,-0.5,0.1,1,29,68,65,76,16,2,28,26,63,187,186,202,197,190,193,67,90,,80826,101842,N2156.8176,E08523.0195,688.3,0
08-08-2026 15:48,658,68,0,0,0,0,0,0,0,64,0,2,2,40,42,33,30,-0.5,0.1,1,29,68,65,76,16,2,28,26,63,187,186,202,197,190,193,67,90,,80826,101843,N2156.8176,E08523.0195,688.3,0
08-08-2026 15:48,658,67,0,0,0,0,0,0,0,64,0,2,2,40,42,34,30,-0.6,0.2,1,29,68,65,76,16,2,28,26,63,187,186,202,197,190,193,67,90,,80826,101844,N2156.8176,E08523.0195,688.3,0
08-08-2026 15:48,658,67,0,0,0,0,0,0,0,64,0,2,2,40,42,33,30,-0.5,0.1,1,29,68,65,76,16,2,28,26,63,187,185,202,197,190,193,67,90,,80826,101845,N2156.8176,E08523.0195,688.3,0
08-08-2026 15:48,657,68,0,0,0,0,0,0,0,64,0,2,2,40,42,33,30,-0.5,0.1,1,29,68,65,76,16,2,28,26,63,187,185,202,197,190,193,67,90,,80826,101846,N2156.8176,E08523.0195,688.3,0
08-08-2026 15:48,657,68,0,0,0,0,0,0,0,64,0,2,2,40,42,33,30,-0.5,0.1,1,29,68,65,76,16,2,28,26,63,187,185,202,197,190,193,67,90,,80826,101847,N2156.8176,E08523.0195,688.3,0
08-08-2026 15:48,658,91,0,0,0,0,0,0,0,64,0,2,2,40,42,33,30,-0.5,0.1,1,29,68,65,75,16,2,28,26,63,187,185,202,197,190,193,67,90,,80826,101848,N2156.8176,E08523.0195,688.3,0
08-08-2026 15:48,659,67,0,0,0,0,0,0,0,64,0,2,2,40,42,33,30,-0.5,0.1,1,29,68,65,75,16,2,28,26,63,187,185,202,196,190,193,67,90,,80826,101850,N2156.8176,E08523.0195,688.3,0
08-08-2026 15:48,658,67,0,0,0,0,0,0,0,64,0,2,2,40,42,33,30,-0.5,0.1,1,29,68,65,75,16,2,28,26,63,187,185,201,196,190,193,67,90,,80826,101851,N2156.8176,E08523.0195,688.3,0
08-08-2026 15:48,658,67,0,0,0,0,0,0,0,64,0,2,2,40,42,33,30,-0.5,0.1,1,29,68,65,75,16,2,28,26,63,186,185,201,196,190,193,67,90,,80826,101851,N2156.8176,E08523.0195,688.3,0
08-08-2026 15:48,658,90,0,0,0,0,0,0,0,64,0,2,2,40,42,33,30,-0.5,0.1,1,29,68,65,75,16,1,27,26,63,186,184,201,196,190,193,67,91,,80826,101853,N2156.8176,E08523.0195,688.3,0
08-08-2026 15:48,658,90,0,0,0,0,0,0,0,64,0,2,2,40,42,33,30,-0.5,0.1,1,37,68,65,75,16,2,28,26,63,186,184,201,196,190,193,67,90,,80826,101854,N2156.8176,E08523.0195,688.3,0
08-08-2026 15:48,659,89,0,0,0,0,0,0,0,64,0,2,2,40,42,33,30,-0.5,0.1,1,37,68,65,75,16,2,28,26,63,186,184,201,196,190,193,67,90,,80826,101855,N2156.8176,E08523.0195,688.3,0
08-08-2026 15:48,658,89,0,0,0,0,0,0,0,64,0,2,2,40,42,33,30,-0.5,0.1,1,37,68,65,75,16,2,27,26,63,186,184,201,196,190,193,67,91,,80826,101855,N2156.8176,E08523.0195,688.3,0
08-08-2026 15:48,658,90,0,0,0,0,0,0,0,64,0,2,2,40,42,34,30,-0.6,0.2,1,37,68,65,75,16,1,28,26,63,186,184,201,196,190,193,67,91,,80826,101856,N2156.8176,E08523.0194,688.3,0
08-08-2026 15:48,658,67,0,0,0,0,0,0,0,64,0,2,2,40,42,33,30,-0.5,0.1,1,29,68,65,75,16,2,28,26,63,186,184,201,196,189,193,67,90,,80826,101858,N2156.8176,E08523.0194,688.4,0
08-08-2026 15:48,658,67,0,0,0,0,0,0,0,64,0,2,2,40,42,33,30,-0.5,0.1,1,29,68,65,75,16,2,27,26,63,186,184,201,196,189,192,67,90,,80826,101859,N2156.8176,E08523.0194,688.4,0
08-08-2026 15:48,659,65,0,0,0,0,0,0,0,64,0,2,2,40,42,33,30,-0.5,0.1,1,25,68,65,75,16,2,27,26,63,186,184,201,196,189,192,67,90,,80826,101900,N2156.8176,E08523.0194,688.4,0
08-08-2026 15:49,659,64,0,0,0,0,0,0,0,64,0,2,2,40,42,34,30,-0.6,0.2,1,25,68,65,75,16,2,27,26,63,186,184,200,195,189,192,67,90,,80826,101901,N2156.8176,E08523.0194,688.4,0
08-08-2026 15:49,658,67,0,0,0,0,0,0,0,64,0,2,2,40,42,33,30,-0.5,0.1,1,29,68,65,75,16,2,28,26,63,186,184,201,195,188,192,67,90,,80826,101901,N2156.8176,E08523.0194,688.4,0
08-08-2026 15:49,658,66,0,0,0,0,0,0,0,64,0,2,2,40,42,33,30,-0.5,0.1,1,29,68,65,75,16,1,27,26,63,186,184,200,195,188,192,67,91,,80826,101903,N2156.8176,E08523.0194,688.4,0
08-08-2026 15:49,658,65,0,0,0,0,0,0,0,64,0,2,2,40,42,34,30,-0.6,0.2,1,29,68,65,75,16,2,27,26,63,186,184,200,195,188,191,67,90,,80826,101903,N2156.8176,E08523.0194,688.4,0
08-08-2026 15:49,657,88,0,0,0,0,0,0,0,64,0,2,2,40,42,33,30,-0.5,0.1,1,37,68,65,75,16,2,28,26,63,186,184,200,195,188,191,67,90,,80826,101905,N2156.8176,E08523.0194,688.4,0
08-08-2026 15:49,658,66,0,0,0,0,0,0,0,64,0,2,2,40,42,33,30,-0.5,0.1,1,25,68,65,75,16,2,28,26,63,185,183,200,194,188,191,67,91,,80826,101906,N2156.8176,E08523.0194,688.4,0
08-08-2026 15:49,658,65,0,0,0,0,0,0,0,64,0,2,2,40,42,33,30,-0.5,0.1,1,29,68,65,75,16,2,28,26,63,186,184,200,194,187,191,67,90,,80826,101906,N2156.8176,E08523.0194,688.4,0
08-08-2026 15:49,657,65,0,0,0,0,0,0,0,64,0,2,2,40,42,33,30,-0.5,0.1,1,29,68,65,75,16,1,28,26,63,185,184,199,194,187,190,67,91,,80826,101908,N2156.8176,E08523.0194,688.4,0
08-08-2026 15:49,658,88,0,0,0,0,0,0,0,64,0,2,2,40,42,33,30,-0.5,0.1,1,37,68,65,75,16,2,28,26,63,185,183,199,194,187,191,67,90,,80826,101909,N2156.8176,E08523.0194,688.4,0
08-08-2026 15:49,658,88,0,0,0,0,0,0,0,64,0,2,2,40,42,33,30,-0.5,0.1,1,37,68,65,75,16,2,28,26,63,185,183,199,193,187,190,67,90,,80826,101910,N2156.8176,E08523.0194,688.4,0
08-08-2026 15:49,658,88,0,0,0,0,0,0,0,64,0,2,2,40,42,33,30,-0.5,0.1,1,37,68,65,75,16,1,28,26,63,184,183,199,193,187,190,67,90,,80826,101911,N2156.8176,E08523.0194,688.4,0
08-08-2026 15:49,659,65,0,0,0,0,0,0,0,64,0,2,2,40,42,33,30,-0.5,0.1,1,29,68,64,75,16,2,28,26,63,185,183,199,193,187,190,67,90,,80826,101911,N2156.8176,E08523.0194,688.4,0
08-08-2026 15:49,656,91,0,0,0,0,0,0,0,64,0,2,2,40,42,34,30,-0.6,0.2,1,38,68,64,75,16,2,28,26,63,184,183,198,193,187,190,67,90,,80826,101913,N2156.8176,E08523.0194,688.4,0
08-08-2026 15:49,657,91,0,0,0,0,0,0,0,64,0,2,2,40,42,33,30,-0.5,0.1,1,38,68,64,75,16,2,29,26,63,184,183,198,193,186,190,67,90,,80826,101914,N2156.8176,E08523.0194,688.4,0
08-08-2026 15:49,658,90,0,0,0,0,0,0,0,64,0,2,2,40,42,33,30,-0.5,0.1,1,37,68,64,75,16,2,28,26,63,184,183,198,193,186,190,67,90,,80826,101915,N2156.8176,E08523.0194,688.5,0
08-08-2026 15:49,658,89,0,0,0,0,0,0,0,64,0,2,2,40,42,33,30,-0.5,0.1,1,38,68,64,75,16,2,28,26,63,184,183,198,193,187,190,67,90,,80826,101916,N2156.8176,E08523.0194,688.5,0
08-08-2026 15:49,657,68,0,0,0,0,0,0,0,64,0,2,2,40,42,33,30,-0.5,0.1,1,29,68,64,75,16,2,28,27,63,184,183,198,193,186,190,67,90,,80826,101917,N2156.8176,E08523.0193,688.5,0
08-08-2026 15:49,658,68,0,0,0,0,0,0,0,64,0,2,2,40,42,33,30,-0.5,0.1,1,29,68,64,75,16,2,29,27,63,184,183,198,193,186,190,67,90,,80826,101918,N2156.8176,E08523.0193,688.5,0
08-08-2026 15:49,658,90,0,0,0,0,0,0,0,64,0,2,2,40,42,33,30,-0.5,0.1,1,37,68,64,75,16,2,28,27,63,184,183,198,193,186,190,67,90,,80826,101919,N2156.8176,E08523.0193,688.5,0
08-08-2026 15:49,657,91,0,0,0,0,0,0,0,64,0,2,2,40,42,34,30,-0.6,0.2,1,37,68,64,75,16,2,28,27,62,184,183,198,193,186,190,67,90,,80826,101920,N2156.8176,E08523.0193,688.5,0
08-08-2026 15:49,658,68,0,0,0,0,0,0,0,64,0,2,2,40,42,33,30,-0.5,0.1,1,37,68,64,75,16,2,29,27,63,184,183,198,193,186,190,67,90,,80826,101921,N2156.8176,E08523.0193,688.5,0
08-08-2026 15:49,658,89,0,0,0,0,0,0,0,64,0,2,2,40,42,33,30,-0.5,0.1,1,37,68,64,75,16,2,29,27,63,184,182,198,193,186,190,67,90,,80826,101922,N2156.8176,E08523.0193,688.5,0
08-08-2026 15:49,658,90,0,0,0,0,0,0,0,64,0,2,2,40,42,33,30,-0.5,0.1,1,37,68,64,75,16,2,29,27,62,184,182,197,193,186,190,67,90,,80826,101923,N2156.8176,E08523.0193,688.5,0
08-08-2026 15:49,658,67,0,0,0,0,0,0,0,64,0,2,2,40,42,33,30,-0.5,0.1,1,29,68,64,75,16,2,29,27,62,184,182,197,193,186,190,67,90,,80826,101924,N2156.8176,E08523.0193,688.5,0
08-08-2026 15:49,658,67,0,0,0,0,0,0,0,64,0,2,2,40,42,33,30,-0.5,0.1,1,29,68,64,75,16,2,29,27,62,184,182,197,193,186,190,67,90,,80826,101925,N2156.8176,E08523.0193,688.5,0
08-08-2026 15:49,657,68,0,0,0,0,0,0,0,64,0,2,2,40,42,33,30,-0.5,0.1,1,29,68,64,75,16,2,29,27,62,184,182,197,193,186,190,67,90,,80826,101926,N2156.8176,E08523.0193,688.6,0
08-08-2026 15:49,658,67,0,0,0,0,0,0,0,64,0,2,2,40,42,34,30,-0.6,0.2,1,29,68,64,75,16,2,29,27,62,184,182,197,193,186,190,67,90,,80826,101926,N2156.8176,E08523.0193,688.6,0
08-08-2026 15:49,658,68,0,0,0,0,0,0,0,63,0,2,2,40,42,33,30,-0.5,0.1,1,29,68,64,75,16,2,28,27,62,184,182,197,192,186,190,67,90,,80826,101928,N2156.8176,E08523.0193,688.6,0
08-08-2026 15:49,658,68,0,0,0,0,0,0,0,63,0,2,2,40,42,33,30,-0.5,0.1,1,29,68,64,75,16,2,28,27,62,183,182,197,192,185,190,67,90,,80826,101929,N2156.8176,E08523.0193,688.6,0
08-08-2026 15:49,658,68,0,0,0,0,0,0,0,63,0,2,2,40,42,33,30,-0.5,0.1,1,29,68,64,75,16,2,29,27,62,183,181,197,192,186,190,67,90,,80826,101930,N2156.8176,E08523.0193,688.6,0
08-08-2026 15:49,658,68,0,0,0,0,0,0,0,63,0,2,2,40,42,34,30,-0.6,0.2,1,29,68,64,75,16,2,29,27,62,183,181,197,192,185,189,67,90,,80826,101931,N2156.8176,E08523.0193,688.6,0
08-08-2026 15:49,660,66,0,0,0,0,0,0,0,63,0,2,2,40,42,33,30,-0.5,0.1,1,25,68,64,75,16,2,29,27,62,183,182,196,192,186,189,67,90,,80826,101932,N2156.8176,E08523.0193,688.6,0
08-08-2026 15:49,659,65,0,0,0,0,0,0,0,63,0,2,2,40,42,34,30,-0.6,0.2,1,25,68,64,75,16,1,28,27,62,183,181,197,192,185,189,67,91,,80826,101933,N2156.8176,E08523.0193,688.6,0
08-08-2026 15:49,657,66,0,0,0,0,0,0,0,63,0,2,2,40,42,33,30,-0.5,0.1,1,29,68,64,75,16,2,28,27,62,183,181,197,192,185,189,67,90,,80826,101934,N2156.8176,E08523.0192,688.6,0
08-08-2026 15:49,658,66,0,0,0,0,0,0,0,63,0,2,2,40,42,33,30,-0.5,0.1,1,29,68,64,75,16,2,27,27,62,183,181,196,191,184,189,67,90,,80826,101935,N2156.8176,E08523.0192,688.6,0
08-08-2026 15:49,658,88,0,0,0,0,0,0,0,63,0,2,2,40,42,33,30,-0.5,0.1,1,37,68,64,75,16,2,27,27,63,183,181,196,191,184,189,67,90,,80826,101936,N2156.8176,E08523.0192,688.6,0
08-08-2026 15:49,659,65,0,0,0,0,0,0,0,63,0,2,2,40,42,33,30,-0.5,0.1,1,29,68,64,75,16,2,28,27,62,183,181,196,191,184,188,67,90,,80826,101937,N2156.8176,E08523.0192,688.6,0
08-08-2026 15:49,658,65,0,0,0,0,0,0,0,63,0,2,2,40,42,33,30,-0.5,0.1,1,29,68,64,75,16,2,28,27,62,183,181,196,191,184,188,67,90,,80826,101938,N2156.8176,E08523.0192,688.6,0
08-08-2026 15:49,658,66,0,0,0,0,0,0,0,63,0,2,2,40,42,33,30,-0.5,0.1,1,29,68,64,75,16,2,28,27,63,183,181,196,190,184,188,67,90,,80826,101939,N2156.8176,E08523.0192,688.6,0
08-08-2026 15:49,658,66,0,0,0,0,0,0,0,63,0,2,2,40,42,33,30,-0.5,0.1,1,29,68,64,74,16,2,27,27,62,183,181,195,190,184,188,67,90,,80826,101940,N2156.8176,E08523.0192,688.7,0
08-08-2026 15:49,658,65,0,0,0,0,0,0,0,63,0,2,2,40,42,33,30,-0.5,0.1,1,25,68,64,74,16,2,28,27,62,183,181,195,190,184,187,67,90,,80826,101941,N2156.8176,E08523.0192,688.7,0
08-08-2026 15:49,657,66,0,0,0,0,0,0,0,63,0,2,2,40,42,33,30,-0.5,0.1,1,29,68,64,74,16,2,28,27,62,182,181,195,190,183,187,67,90,,80826,101942,N2156.8176,E08523.0192,688.7,0
08-08-2026 15:49,658,66,0,0,0,0,0,0,0,63,0,2,2,40,42,34,30,-0.6,0.2,1,29,68,64,74,16,2,27,27,62,182,181,195,190,183,187,67,90,,80826,101943,N2156.8176,E08523.0192,688.7,0
08-08-2026 15:49,658,66,0,0,0,0,0,0,0,63,0,2,2,40,42,33,30,-0.5,0.1,1,29,68,64,74,16,2,27,27,62,182,181,195,190,183,187,67,90,,80826,101944,N2156.8176,E08523.0192,688.7,0
08-08-2026 15:49,658,66,0,0,0,0,0,0,0,63,0,2,2,40,42,33,30,-0.5,0.1,1,29,68,64,74,16,2,27,27,62,182,180,195,189,183,187,67,90,,80826,101945,N2156.8176,E08523.0192,688.7,0
08-08-2026 15:49,656,68,0,0,0,0,0,0,0,63,0,2,2,40,42,33,30,-0.5,0.1,1,29,68,64,74,16,2,27,27,62,182,181,194,190,183,187,67,90,,80826,101946,N2156.8176,E08523.0192,688.7,0
08-08-2026 15:49,657,68,0,0,0,0,0,0,0,63,0,2,2,40,42,34,30,-0.6,0.2,1,29,68,64,74,16,2,27,27,62,182,180,194,190,183,187,67,90,,80826,101947,N2156.8176,E08523.0191,688.7,0
08-08-2026 15:49,657,91,0,0,0,0,0,0,0,63,0,2,2,40,42,34,30,-0.6,0.2,1,37,68,64,74,16,2,27,27,62,182,181,194,190,183,187,67,90,,80826,101948,N2156.8176,E08523.0191,688.8,0
08-08-2026 15:49,658,90,0,0,0,0,0,0,0,63,0,2,2,40,42,33,30,-0.5,0.1,1,37,68,64,74,16,2,28,27,62,182,180,194,190,183,187,67,90,,80826,101949,N2156.8176,E08523.0191,688.8,0
08-08-2026 15:49,658,90,0,0,0,0,0,0,0,63,0,2,2,40,42,33,30,-0.5,0.1,1,37,68,64,74,16,1,28,27,62,181,180,194,190,183,187,67,91,,80826,101950,N2156.8176,E08523.0191,688.8,0
08-08-2026 15:49,657,68,0,0,0,0,0,0,0,63,0,2,2,40,42,33,30,-0.5,0.1,1,29,68,64,74,16,2,28,27,62,181,180,194,189,183,187,66,90,,80826,101951,N2156.8176,E08523.0191,688.8,0
08-08-2026 15:49,658,68,0,0,0,0,0,0,0,63,0,2,2,40,42,33,30,-0.5,0.1,1,29,68,64,74,16,1,28,27,62,181,180,194,189,183,187,66,91,,80826,101952,N2156.8176,E08523.0191,688.8,0
08-08-2026 15:49,658,90,0,0,0,0,0,0,0,63,0,2,2,40,42,33,30,-0.5,0.1,1,37,68,64,74,16,2,28,27,62,181,180,194,189,183,187,66,90,,80826,101953,N2156.8176,E08523.0191,688.8,0
08-08-2026 15:49,658,67,0,0,0,0,0,0,0,63,0,2,2,40,42,33,30,-0.5,0.1,1,29,68,64,74,16,2,28,27,62,181,180,194,189,183,187,66,90,,80826,101954,N2156.8176,E08523.0190,688.8,0
08-08-2026 15:49,658,91,0,0,0,0,0,0,0,63,0,2,2,40,42,33,30,-0.5,0.1,1,29,68,64,74,16,2,28,27,62,181,180,193,189,183,187,66,90,,80826,101955,N2156.8176,E08523.0190,688.8,0
08-08-2026 15:49,658,68,0,0,0,0,0,0,0,63,0,2,2,40,42,33,30,-0.5,0.1,1,29,68,64,74,16,2,28,27,62,181,180,193,189,183,187,66,90,,80826,101956,N2156.8176,E08523.0190,688.8,0
08-08-2026 15:49,657,68,0,0,0,0,0,0,0,63,0,2,2,40,42,33,30,-0.5,0.1,1,38,68,64,74,16,2,28,27,62,181,180,193,189,183,187,66,90,,80826,101957,N2156.8176,E08523.0190,688.9,0
08-08-2026 15:49,657,91,0,0,0,0,0,0,0,63,0,2,2,40,42,34,30,-0.6,0.2,1,38,68,64,74,16,2,28,27,62,181,180,196,189,183,187,66,90,,80826,101958,N2156.8176,E08523.0190,688.9,0
08-08-2026 15:49,657,91,0,0,0,0,0,0,0,63,0,2,2,40,42,33,30,-0.5,0.1,1,37,68,64,74,16,2,28,27,62,181,180,193,189,183,187,66,90,,80826,101959,N2156.8176,E08523.0190,688.9,0
08-08-2026 15:49,658,90,0,0,0,0,0,0,0,63,0,2,2,40,42,33,30,-0.5,0.1,1,37,68,64,74,16,2,28,27,62,181,180,193,189,183,187,66,90,,80826,102000,N2156.8176,E08523.0190,688.9,0
08-08-2026 15:50,658,91,0,0,0,0,0,0,0,63,0,2,2,40,42,33,30,-0.5,0.1,1,37,68,64,74,16,2,28,27,62,181,180,193,188,183,187,66,90,,80826,102001,N2156.8176,E08523.0189,688.9,0
08-08-2026 15:50,658,68,0,0,0,0,0,0,0,63,0,2,2,40,42,33,30,-0.5,0.1,1,29,68,64,74,17,2,28,27,62,181,179,193,189,183,187,66,90,,80826,102002,N2156.8176,E08523.0189,688.9,0
08-08-2026 15:50,657,69,0,0,0,0,0,0,0,63,0,2,2,40,42,33,30,-0.5,0.1,1,29,68,64,74,16,2,28,27,62,181,179,193,188,183,186,66,90,,80826,102003,N2156.8176,E08523.0189,689,0
08-08-2026 15:50,659,88,0,0,0,0,0,0,0,63,0,2,2,40,42,33,30,-0.5,0.1,1,37,68,64,74,17,2,28,27,62,181,179,193,188,182,186,66,90,,80826,102004,N2156.8176,E08523.0189,689,0
08-08-2026 15:50,659,66,0,0,0,0,0,0,0,63,0,2,2,40,42,33,30,-0.5,0.1,1,29,68,64,74,17,2,28,27,62,180,179,193,188,182,186,66,90,,80826,102005,N2156.8176,E08523.0189,689,0
08-08-2026 15:50,659,65,0,0,0,0,0,0,0,63,0,2,2,40,42,33,30,-0.5,0.1,1,29,68,64,74,16,1,29,27,62,180,179,193,188,182,186,66,90,,80826,102006,N2156.8176,E08523.0189,689,0
08-08-2026 15:50,658,66,0,0,0,0,0,0,0,63,0,2,2,40,42,33,30,-0.5,0.1,1,29,68,64,74,16,2,29,27,62,180,179,193,187,182,186,66,90,,80826,102007,N2156.8176,E08523.0189,689,0
08-08-2026 15:50,658,66,0,0,0,0,0,0,0,63,0,2,2,40,42,33,30,-0.5,0.1,1,29,68,64,74,16,2,28,27,62,180,179,192,187,182,185,66,90,,80826,102008,N2156.8176,E08523.0189,689,0
08-08-2026 15:50,658,66,0,0,0,0,0,0,0,63,0,2,2,40,42,33,30,-0.5,0.1,1,29,68,64,74,16,2,28,27,62,180,179,192,187,182,185,66,90,,80826,102009,N2156.8176,E08523.0189,689,0
08-08-2026 15:50,658,66,0,0,0,0,0,0,0,63,0,2,2,40,42,33,30,-0.5,0.1,1,29,68,64,74,16,2,29,27,62,180,179,192,187,181,185,66,90,,80826,102010,N2156.8176,E08523.0189,689,0
08-08-2026 15:50,658,66,0,0,0,0,0,0,0,63,0,2,2,40,42,33,30,-0.5,0.1,1,29,68,64,74,17,2,29,27,62,180,179,192,187,181,185,66,90,,80826,102011,N2156.8176,E08523.0189,689,0
08-08-2026 15:50,658,66,0,0,0,0,0,0,0,63,0,2,2,40,42,33,30,-0.5,0.1,1,29,68,64,74,17,2,29,27,62,180,178,191,187,181,185,66,90,,80826,102012,N2156.8176,E08523.0189,689,0
08-08-2026 15:50,658,66,0,0,0,0,0,0,0,63,0,2,2,40,42,33,30,-0.5,0.1,1,29,67,64,74,17,2,29,27,62,180,178,191,187,181,184,66,90,,80826,102013,N2156.8176,E08523.0189,689,0
08-08-2026 15:50,658,66,0,0,0,0,0,0,0,63,0,2,2,40,42,33,30,-0.5,0.1,1,37,67,64,74,17,2,28,27,62,180,178,191,186,181,184,66,90,,80826,102014,N2156.8176,E08523.0189,689,0
08-08-2026 15:50,658,88,0,0,0,0,0,0,0,63,0,2,2,40,42,33,30,-0.5,0.1,1,37,68,64,74,17,1,28,27,62,180,178,191,186,181,184,66,91,,80826,102015,N2156.8176,E08523.0189,689,0
08-08-2026 15:50,659,66,0,0,0,0,0,0,0,63,0,2,2,40,42,33,30,-0.5,0.1,1,37,67,64,74,17,2,28,27,62,180,178,191,186,180,184,66,90,,80826,102016,N2156.8176,E08523.0189,689,0
08-08-2026 15:50,658,88,0,0,0,0,0,0,0,63,0,2,2,40,42,33,30,-0.5,0.1,1,38,68,64,74,17,2,29,27,62,180,178,191,186,180,184,66,90,,80826,102017,N2156.8176,E08523.0186,689.4,0.1
08-08-2026 15:50,656,67,0,0,0,0,0,0,0,63,0,2,2,40,42,33,30,-0.5,0.1,1,29,68,64,74,17,2,29,27,62,180,178,190,186,180,184,66,90,,80826,102018,N2156.8176,E08523.0184,689.9,0.07
08-08-2026 15:50,657,91,0,0,0,0,0,0,0,63,0,2,2,40,42,33,30,-0.5,0.1,1,38,68,64,74,17,1,28,27,62,127,153,190,186,180,184,66,90,,80826,102019,N2156.8176,E08523.0184,689.9,0
08-08-2026 15:50,654,95,0,0,0,0,2,0,0,63,0,2,2,40,42,33,30,-0.5,0.1,1,43,68,64,74,16,2,28,27,62,128,153,192,186,180,184,66,90,,80826,102020,N2156.8176,E08523.0184,689.9,0
08-08-2026 15:50,616,127,0,0,0,0,2,0,0,63,0,5,3,40,42,35,33,-0.4,0,1,58,67,64,74,15,2,29,27,62,129,154,191,189,182,186,66,90,,80826,102021,N2156.8176,E08523.0184,689.9,0
08-08-2026 15:50,611,220,10,0,54,117,2,0,0,63,0,4,3,40,41,31,34,0.2,-0.4,2,95,68,64,74,19,4,35,27,62,131,154,193,198,189,192,66,90,,80826,102022,N2156.8176,E08523.0180,690.4,0.45
08-08-2026 15:50,731,208,5,0,81,179,2,0,0,63,0,3,3,40,41,28,37,0.8,-1,2,79,67,64,74,20,4,39,27,62,132,154,199,208,199,201,66,90,,80826,102023,N2156.8175,E08523.0176,691,1
08-08-2026 15:50,725,159,4,0,113,257,2,0,0,63,0,3,3,40,41,26,39,1.2,-1.4,2,61,68,64,74,19,5,41,27,62,133,155,206,215,208,209,66,90,,80826,102024,N2156.8175,E08523.0171,691.8,1.35
08-08-2026 15:50,711,143,4,0,127,297,2,0,0,63,0,2,3,40,41,25,40,1.4,-1.6,2,55,68,64,74,18,5,43,27,62,155,155,212,220,214,215,66,90,,80826,102025,N2156.8175,E08523.0164,692.3,1.61
08-08-2026 15:50,683,122,1,0,151,354,2,0,0,63,0,1,2,40,41,19,44,2.4,-2.6,2,49,68,64,74,17,5,42,27,62,165,164,218,224,219,220,66,90,,80826,102026,N2156.8176,E08523.0157,692.5,1.61
08-08-2026 15:50,667,148,1,0,164,382,2,0,0,63,0,1,2,42,41,19,44,2.6,-2.4,2,62,68,64,73,17,4,41,27,62,187,186,223,225,222,223,66,90,,80826,102027,N2156.8178,E08523.0148,693,2.12
08-08-2026 15:50,675,92,0,0,175,413,2,0,0,63,0,0,2,42,41,17,45,2.9,-2.7,2,37,68,64,74,17,3,39,27,62,201,200,225,225,223,224,66,90,,80826,102028,N2156.8179,E08523.0143,693.2,1.86
08-08-2026 15:50,672,75,0,0,177,415,2,0,0,63,0,0,1,42,41,19,43,2.5,-2.3,2,28,68,64,74,17,3,37,27,62,206,205,226,224,222,223,66,90,,80826,102029,N2156.8182,E08523.0138,693.4,2.16
08-08-2026 15:50,675,84,0,0,189,441,2,0,0,63,0,-1,1,42,41,24,38,1.5,-1.3,2,33,68,64,73,17,2,35,27,62,205,205,227,222,220,222,66,90,,80826,102030,N2156.8184,E08523.0134,693.6,2.35
08-08-2026 15:50,663,85,0,0,191,464,2,0,0,63,0,0,1,42,42,27,35,0.8,-0.8,2,37,68,64,73,17,1,33,27,62,203,203,226,219,218,220,66,90,,80826,102031,N2156.8185,E08523.0129,693.8,2.35
08-08-2026 15:50,656,87,0,0,203,476,2,0,0,63,0,0,1,43,44,28,34,0.5,-0.7,2,29,68,64,73,16,2,31,27,62,203,203,225,217,215,217,66,90,,80826,102032,N2156.8187,E08523.0123,693.6,2.38
08-08-2026 15:50,657,67,0,0,204,481,2,0,0,63,0,0,2,44,43,28,34,0.7,-0.5,2,29,68,64,73,17,2,30,27,62,201,202,223,215,213,215,66,90,,80826,102033,N2156.8187,E08523.0116,693.4,2.4
08-08-2026 15:50,656,70,0,0,199,467,2,0,0,63,0,0,2,44,43,27,35,0.9,-0.7,2,25,68,64,73,17,2,29,27,62,201,202,221,213,211,213,66,90,,80826,102034,N2156.8187,E08523.0110,693.4,2.39
08-08-2026 15:50,664,77,0,0,195,421,2,0,39,63,0,-5,2,44,50,23,32,0.3,-1.5,2,33,68,64,73,16,2,29,27,62,200,201,218,210,208,211,66,90,,80826,102035,N2156.8186,E08523.0105,693.3,2.28
08-08-2026 15:50,627,85,0,0,80,231,2,0,39,63,0,-2,2,44,49,25,33,0.3,-1.3,2,58,68,64,73,15,2,31,27,62,200,200,216,210,208,210,66,90,,80826,102036,N2156.8185,E08523.0099,693.5,2.28
08-08-2026 15:50,612,139,0,0,0,0,2,0,39,63,0,1,2,44,45,27,36,0.8,-1,1,63,68,64,73,16,3,32,27,62,199,200,216,212,209,212,66,90,,80826,102037,N2156.8184,E08523.0098,693.4,0.24
08-08-2026 15:50,640,136,0,0,0,0,2,0,39,63,0,0,3,43,45,27,35,0.6,-1,1,55,68,64,73,16,3,34,27,62,198,199,216,216,212,215,66,90,,80826,102038,N2156.8184,E08523.0098,693.5,0.01
08-08-2026 15:50,651,174,0,0,0,0,2,0,39,63,0,1,3,43,45,27,35,0.6,-1,1,72,68,64,73,16,3,35,27,62,198,199,219,219,216,218,66,90,,80826,102039,N2156.8184,E08523.0098,693.5,0
08-08-2026 15:50,650,131,0,0,0,0,2,0,39,63,0,0,3,43,45,27,35,0.6,-1,1,55,68,64,73,16,3,36,27,62,198,198,221,222,219,221,66,90,,80826,102040,N2156.8184,E08523.0098,693.5,0
08-08-2026 15:50,650,176,0,0,0,0,2,0,39,63,0,0,3,43,45,27,35,0.6,-1,1,76,68,64,73,16,4,37,27,62,197,198,224,224,223,224,66,90,,80826,102041,N2156.8184,E08523.0098,693.5,0
08-08-2026 15:50,650,132,0,0,0,0,2,0,39,63,0,1,3,43,45,27,35,0.6,-1,1,55,68,64,73,16,4,37,27,62,197,197,227,228,226,227,66,91,,80826,102042,N2156.8184,E08523.0098,693.5,0
08-08-2026 15:50,650,131,0,0,0,0,2,0,39,63,0,0,3,43,45,27,35,0.6,-1,1,55,68,64,73,16,3,37,27,62,197,197,230,231,229,230,66,91,,80826,102043,N2156.8184,E08523.0098,693.5,0
08-08-2026 15:50,650,132,0,0,0,0,2,0,39,63,0,0,3,43,45,27,35,0.6,-1,1,55,68,64,73,16,4,38,27,62,196,196,232,233,231,233,66,91,,80826,102044,N2156.8184,E08523.0098,693.7,0.04
08-08-2026 15:50,651,132,0,0,0,0,2,0,39,63,0,0,3,43,45,27,35,0.6,-1,1,55,68,64,73,16,4,38,27,62,196,196,235,235,234,235,66,90,,80826,102045,N2156.8184,E08523.0098,693.7,0
08-08-2026 15:50,650,133,0,0,0,0,2,0,39,63,0,0,3,43,45,27,35,0.6,-1,1,55,68,64,73,16,4,39,27,62,195,195,237,237,236,237,66,90,,80826,102046,N2156.8184,E08523.0098,693.7,0
08-08-2026 15:50,650,133,0,0,0,0,2,0,39,63,0,0,3,43,45,27,35,0.6,-1,1,55,68,64,73,16,4,39,27,62,195,195,239,239,238,239,66,90,,80826,102047,N2156.8184,E08523.0098,693.7,0
08-08-2026 15:50,650,133,0,0,0,0,2,0,39,63,0,0,3,43,45,27,35,0.6,-1,1,77,69,64,73,16,4,39,27,62,195,195,242,241,240,242,66,90,,80826,102048,N2156.8184,E08523.0098,693.7,0
08-08-2026 15:50,649,135,0,0,0,0,2,0,39,63,0,0,3,43,45,27,35,0.6,-1,1,59,69,64,73,16,4,39,27,62,195,195,244,243,242,244,66,90,,80826,102049,N2156.8184,E08523.0098,693.7,0
08-08-2026 15:50,649,137,0,0,0,0,2,0,39,63,0,0,3,43,45,27,35,0.6,-1,1,59,69,64,73,16,4,39,27,62,195,194,247,245,244,246,66,90,,80826,102050,N2156.8184,E08523.0098,693.7,0
08-08-2026 15:50,650,136,0,0,0,0,2,0,39,63,0,0,3,43,45,27,35,0.6,-1,1,59,69,64,73,16,4,39,27,62,194,194,249,247,246,247,66,90,,80826,102051,N2156.8184,E08523.0098,693.8,0
08-08-2026 15:50,650,135,0,0,0,0,2,0,39,63,0,0,3,43,45,27,35,0.6,-1,1,55,69,63,73,16,4,39,27,62,194,194,250,248,248,250,66,90,,80826,102052,N2156.8184,E08523.0098,693.8,0
08-08-2026 15:50,650,135,0,0,0,0,2,0,39,63,0,0,3,43,45,27,35,0.6,-1,1,55,69,63,73,16,4,39,27,62,194,194,252,250,250,251,66,90,,80826,102053,N2156.8184,E08523.0098,693.8,0
08-08-2026 15:50,649,253,0,0,0,0,2,0,0,63,0,3,4,42,43,29,37,0.7,-0.9,1,106,69,63,73,16,4,41,27,62,194,194,253,254,253,254,66,90,,80826,102054,N2156.8184,E08523.0098,693.8,0
08-08-2026 15:50,841,466,80,0,130,269,2,0,0,63,0,6,4,39,41,28,39,0.9,-1.3,2,145,69,63,73,31,11,52,27,62,194,194,259,272,267,266,66,90,,80826,102056,N2156.8183,E08523.0091,694.7,0.65
08-08-2026 15:50,1113,869,68,0,218,473,2,0,0,63,0,6,4,38,41,31,36,0.2,-0.8,2,207,69,63,73,37,19,68,27,62,193,193,272,303,292,289,66,90,,80826,102056,N2156.8183,E08523.0091,694.7,2.05
08-08-2026 15:50,1358,1106,55,0,378,889,2,0,0,63,0,2,4,33,49,27,34,-0.9,-2.3,2,224,70,63,73,39,26,91,27,62,193,193,298,335,324,319,66,90,,80826,102057,N2156.8183,E08523.0082,695.1,3.58
08-08-2026 15:50,1384,355,36,0,382,893,2,0,0,63,0,2,3,30,56,29,36,-1.9,-3.3,2,67,70,63,73,39,19,98,27,62,193,193,322,345,339,334,66,90,,80826,102058,N2156.8184,E08523.0070,695.2,4.77
08-08-2026 15:50,1337,419,33,1,389,925,2,0,0,63,0,-3,2,30,58,30,28,-3,-2.6,2,87,70,63,73,38,12,93,27,62,193,193,336,345,342,340,66,90,,80826,102059,N2156.8188,E08523.0055,695.4,5.33
08-08-2026 15:51,1224,118,25,1,358,859,2,0,0,63,0,-8,2,35,59,33,25,-3.2,-1.6,2,0,70,63,73,37,8,78,27,62,192,192,340,334,335,334,66,91,,80826,102101,N2156.8216,E08523.0038,695.2,6.13
08-08-2026 15:51,1032,0,14,0,320,741,2,0,0,63,0,-4,2,35,60,32,30,-2.7,-2.3,2,58,69,63,73,25,7,65,27,62,192,192,336,322,323,324,66,90,,80826,102101,N2156.8216,E08523.0038,695.2,5.44
08-08-2026 15:51,822,158,2,0,303,724,2,0,0,63,0,-8,2,39,68,22,30,-2.1,-3.7,2,54,69,63,73,18,7,57,27,62,192,192,330,316,317,318,66,90,,80826,102103,N2156.8251,E08523.0045,694,5.45
08-08-2026 15:51,704,152,3,0,282,684,2,0,0,63,0,-7,2,40,55,30,34,-1.1,-1.9,2,57,69,63,73,17,6,52,27,62,192,192,325,312,312,314,66,90,,80826,102104,N2156.8268,E08523.0057,692.7,5.19
08-08-2026 15:51,644,162,0,0,267,578,2,0,0,63,0,-5,2,38,56,36,25,-2.9,-0.7,2,69,69,63,73,18,6,49,27,62,136,147,321,309,309,311,66,90,,80826,102105,N2156.8281,E08523.0068,691.7,4.68
08-08-2026 15:51,722,14,0,0,173,519,2,1,0,63,0,-8,2,50,54,38,16,-2.6,1.8,2,4,69,63,73,17,4,43,27,62,117,117,317,302,304,307,66,90,,80826,102106,N2156.8289,E08523.0079,690.7,4.21
08-08-2026 15:51,626,134,0,0,90,257,0,1,0,63,0,0,2,35,53,39,24,-3.3,-0.3,1,58,69,63,73,14,4,40,27,62,133,132,312,296,298,301,67,90,,80826,102106,N2156.8289,E08523.0079,690.7,2.25
08-08-2026 15:51,627,363,76,0,0,0,12,0,0,63,0,-4,3,39,55,37,19,-3.4,0.2,1,146,69,63,73,23,7,44,27,62,144,142,308,303,301,303,67,90,,80826,102108,N2156.8287,E08523.0082,690.3,0.03
08-08-2026 15:51,915,679,79,0,83,169,12,0,0,63,0,-2,3,36,59,39,20,-4.2,-0.4,2,196,69,63,73,29,13,53,27,62,156,156,311,321,316,316,67,90,,80826,102109,N2156.8288,E08523.0085,689.6,0.41
08-08-2026 15:51,1127,942,82,0,151,479,12,0,0,63,0,0,3,34,60,38,23,-4.1,-1.1,2,225,69,63,73,38,23,71,27,62,191,190,324,350,343,340,67,90,,80826,102110,N2156.8287,E08523.0090,689.1,0.81
08-08-2026 15:51,1314,1164,75,0,248,575,12,0,0,63,0,-2,4,37,56,26,32,-1.3,-2.5,2,241,69,63,73,39,58,98,27,62,206,205,352,390,380,373,67,90,,80826,102111,N2156.8283,E08523.0096,688.6,1.76
08-08-2026 15:51,1432,1482,77,0,272,627,12,0,0,63,0,-5,3,44,49,19,38,1.4,-2.4,2,281,69,63,73,39,80,133,27,62,205,203,387,433,421,411,67,90,,80826,102111,N2156.8283,E08523.0096,688.6,2.66
08-08-2026 15:51,1612,1161,58,0,369,847,12,0,0,63,0,-3,3,47,45,15,44,3.1,-2.7,2,196,69,63,73,41,74,164,27,62,203,203,422,458,449,439,67,90,,80826,102113,N2156.8261,E08523.0102,688.6,3.42
08-08-2026 15:51,1746,1284,62,0,395,922,12,0,0,63,0,-5,3,48,43,23,37,1.9,-0.9,2,264,69,63,73,43,82,186,27,62,203,202,448,476,468,457,67,91,,80826,102114,N2156.8249,E08523.0097,689,4.07
08-08-2026 15:51,1840,1844,88,1,501,1168,12,0,0,63,0,-5,3,48,44,13,31,2.2,-1.4,2,274,69,63,73,45,80,207,27,62,202,202,470,494,489,477,67,90,,80826,102115,N2156.8236,E08523.0085,689.3,4.55
08-08-2026 15:51,1868,362,49,1,461,1130,12,0,0,63,0,2,4,42,42,23,40,1.7,-1.7,2,0,69,63,73,43,35,192,27,62,201,201,482,479,485,476,67,90,,80826,102116,N2156.8223,E08523.0072,689.6,5.53
08-08-2026 15:51,1620,0,0,1,379,903,12,0,0,63,0,5,4,40,36,40,26,-1,1.8,2,0,69,63,73,38,19,153,27,62,201,200,475,448,460,456,67,90,,80826,102117,N2156.8212,E08523.0060,690.1,5.83
08-08-2026 15:51,1448,0,0,1,351,842,12,0,0,63,0,4,3,40,37,42,25,-1.4,2,2,0,69,63,73,39,9,116,27,62,200,200,456,416,430,430,67,90,,80826,102118,N2156.8204,E08523.0049,690.7,4.99
08-08-2026 15:51,1309,0,0,1,334,748,12,0,0,63,0,7,3,35,46,32,36,-0.7,-1.5,2,0,68,63,73,37,8,85,27,62,200,199,432,386,401,405,67,90,,80826,102119,N2156.8200,E08523.0038,691.4,4.21
08-08-2026 15:51,1198,0,0,1,285,684,12,0,0,63,0,4,3,39,43,40,34,-1,0.2,2,0,68,63,73,34,6,66,27,62,200,198,408,356,372,378,67,90,,80826,102120,N2156.8196,E08523.0028,691.8,3.69
08-08-2026 15:51,996,0,0,0,279,653,12,0,0,63,0,5,4,34,48,35,27,-2.2,-0.6,2,0,68,63,73,28,6,52,27,62,167,165,383,334,349,356,67,90,,80826,102121,N2156.8191,E08523.0020,692.1,3.34
08-08-2026 15:51,769,0,0,0,237,566,12,0,0,63,0,7,4,37,41,36,31,-0.9,0.1,2,0,68,63,72,16,4,42,27,62,144,143,361,316,330,338,67,90,,80826,102121,N2156.8191,E08523.0020,692.1,3.27
08-08-2026 15:51,645,40,0,0,207,496,12,1,0,63,0,5,4,39,42,44,26,-2.1,1.5,2,21,68,63,72,15,3,33,27,62,142,141,340,304,316,324,67,90,,80826,102123,N2156.8178,E08523.0006,692.2,3.01
08-08-2026 15:51,627,77,0,0,100,254,12,1,0,63,0,4,4,37,42,44,25,-2.4,1.4,2,35,68,63,72,14,3,34,27,62,142,142,325,295,306,313,67,90,,80826,102124,N2156.8175,E08523.0002,692.3,2
08-08-2026 15:51,604,120,0,0,0,132,12,1,0,63,0,3,4,34,45,40,26,-2.5,0.3,2,63,68,63,72,15,3,36,27,62,139,138,314,290,301,307,67,90,,80826,102125,N2156.8175,E08523.0001,692.2,1.18
08-08-2026 15:51,631,175,0,0,0,0,0,0,0,63,0,4,5,35,44,41,26,-2.4,0.6,1,78,68,63,72,17,2,35,27,62,140,139,306,288,298,304,67,91,,80826,102126,N2156.8175,E08523.0002,692.3,0.03
08-08-2026 15:51,681,92,0,0,0,0,0,0,0,63,0,2,4,36,45,42,26,-2.5,0.7,1,32,68,63,72,18,3,32,27,62,140,139,301,283,294,300,67,90,,80826,102127,N2156.8175,E08523.0002,692.3,0
08-08-2026 15:51,684,78,0,0,0,0,0,0,0,63,0,3,4,36,45,42,26,-2.5,0.7,1,32,68,63,72,17,3,30,27,62,141,140,295,277,288,294,67,90,,80826,102128,N2156.8175,E08523.0002,692.3,0
08-08-2026 15:51,661,64,0,0,0,0,0,0,0,63,0,4,4,36,45,42,27,-2.4,0.6,1,29,68,63,72,16,2,29,27,62,142,140,289,272,282,288,67,90,,80826,102129,N2156.8175,E08523.0002,692.3,0
08-08-2026 15:51,654,71,0,0,0,0,0,0,0,63,0,4,5,36,45,59,38,-3,1.2,1,29,68,63,72,17,2,28,27,62,142,141,283,266,276,282,67,90,,80826,102130,N2156.8175,E08523.0002,692.3,0
08-08-2026 15:51,656,71,0,0,0,0,0,0,0,63,0,2,11,35,48,64,42,-3.5,0.9,1,38,68,63,72,17,2,27,27,62,142,142,278,261,270,276,67,90,,80826,102131,N2156.8175,E08523.0002,692.3,0
08-08-2026 15:51,658,70,0,0,0,0,0,0,0,63,0,3,16,36,48,62,41,-3.3,0.9,1,29,68,63,72,17,2,26,27,62,143,142,272,256,265,272,67,90,,80826,102132,N2156.8175,E08523.0002,692.3,0
08-08-2026 15:51,659,92,0,0,0,0,0,0,0,63,0,3,20,36,48,62,41,-3.3,0.9,1,37,68,63,72,17,2,27,27,62,144,142,267,252,260,266,67,90,,80826,102133,N2156.8175,E08523.0002,692.3,0
08-08-2026 15:51,658,92,0,0,0,0,0,0,0,63,0,4,19,36,48,62,41,-3.3,0.9,1,37,68,63,72,17,2,26,27,62,144,143,262,248,256,262,67,90,,80826,102134,N2156.8175,E08523.0002,692.3,0
08-08-2026 15:51,660,90,0,0,0,0,0,0,0,63,0,4,19,36,48,61,41,-3.2,0.8,1,37,68,63,72,17,2,26,27,62,144,143,258,244,252,258,67,90,,80826,102135,N2156.8175,E08523.0002,692.3,0
08-08-2026 15:51,659,88,0,0,0,0,0,0,0,63,0,3,19,36,48,61,41,-3.2,0.8,3,37,68,63,72,17,2,26,27,62,144,143,254,240,248,254,67,90,,80826,102136,N2156.8175,E08523.0002,692.3,0
08-08-2026 15:51,658,66,0,0,0,0,0,0,0,63,0,4,18,36,48,61,41,-3.2,0.8,3,29,68,63,72,17,2,26,27,62,145,144,250,237,244,250,67,90,,80826,102137,N2156.8173,E08523.0002,692.5,0
08-08-2026 15:51,658,68,0,0,0,0,0,0,0,63,0,4,18,36,48,61,41,-3.2,0.8,3,29,68,63,72,17,2,26,27,62,145,144,247,234,240,247,67,90,,80826,102138,N2156.8173,E08523.0002,692.5,0
08-08-2026 15:51,658,67,0,0,0,0,0,0,0,63,0,4,18,36,48,61,41,-3.2,0.8,3,29,68,63,72,17,2,26,27,62,145,144,244,231,237,243,67,90,,80826,102139,N2156.8171,E08523.0001,692.6,0.05
08-08-2026 15:51,658,67,0,0,0,0,0,0,0,63,0,4,18,36,48,60,41,-3.1,0.7,3,29,68,63,72,17,2,26,27,62,145,144,240,228,234,240,67,90,,80826,102140,N2156.8171,E08523.0001,692.6,0.05
08-08-2026 15:51,658,67,0,0,0,0,0,0,0,63,0,4,18,36,48,60,41,-3.1,0.7,3,29,68,63,72,17,1,27,27,62,145,144,238,226,231,237,67,91,,80826,102141,N2156.8171,E08523.0001,692.6,0
08-08-2026 15:51,658,67,0,0,0,0,0,0,0,63,0,4,18,36,48,60,41,-3.1,0.7,3,29,68,63,72,17,2,26,27,62,145,144,235,223,228,234,67,90,,80826,102142,N2156.8171,E08523.0001,692.6,0
08-08-2026 15:51,658,67,0,0,0,0,0,0,0,63,0,4,18,36,48,60,41,-3.1,0.7,3,29,68,63,72,17,2,26,27,62,146,145,233,221,225,231,67,90,,80826,102143,N2156.8171,E08523.0001,692.6,0
08-08-2026 15:51,658,67,0,0,0,0,0,0,0,63,0,4,18,36,48,60,41,-3.1,0.7,3,29,68,63,72,17,2,27,27,62,146,145,231,219,223,229,67,90,,80826,102144,N2156.8171,E08523.0001,692.6,0
08-08-2026 15:51,658,90,0,0,0,0,0,0,0,63,0,4,18,36,48,60,41,-3.1,0.7,3,38,68,63,72,17,2,26,27,62,146,145,228,217,221,226,67,90,,80826,102145,N2156.8171,E08523.0001,692.6,0
08-08-2026 15:51,658,90,0,0,0,0,0,0,0,63,0,4,18,36,47,60,41,-3,0.8,3,37,68,63,72,17,2,27,27,62,146,145,225,215,218,224,67,90,,80826,102146,N2156.8171,E08523.0001,692.6,0
08-08-2026 15:51,658,90,0,0,0,0,0,0,0,63,0,4,18,36,47,60,41,-3,0.8,3,38,68,63,72,17,2,27,27,62,146,145,224,214,217,222,67,90,,80826,102147,N2156.8171,E08523.0001,692.6,0
08-08-2026 15:51,657,68,0,0,0,0,0,0,0,63,0,4,18,36,47,60,41,-3,0.8,3,29,68,63,72,17,2,27,27,62,146,145,222,212,215,220,67,90,,80826,102148,N2156.8171,E08523.0001,692.6,0
08-08-2026 15:51,657,91,0,0,0,0,0,0,0,63,0,4,18,36,48,60,41,-3.1,0.7,3,38,68,63,72,17,2,27,27,62,147,145,220,211,213,218,67,90,,80826,102149,N2156.8171,E08523.0001,692.6,0
08-08-2026 15:51,657,70,0,0,0,0,0,0,0,63,0,4,18,36,47,60,41,-3,0.8,3,29,68,63,72,17,2,27,27,62,147,145,219,209,211,217,67,90,,80826,102150,N2156.8171,E08523.0001,692.6,0
08-08-2026 15:51,658,93,0,0,0,0,0,0,0,63,0,4,18,36,47,60,41,-3,0.8,3,37,68,63,72,17,1,27,27,62,147,145,218,208,210,215,67,90,,80826,102151,N2156.8171,E08523.0001,692.6,0
08-08-2026 15:51,658,69,0,0,0,0,0,0,0,63,0,4,18,36,47,60,41,-3,0.8,3,29,68,63,72,17,2,28,27,62,147,145,216,207,208,214,67,90,,80826,102152,N2156.8171,E08523.0001,692.6,0
08-08-2026 15:51,658,69,0,0,0,0,0,0,0,63,0,4,18,36,47,60,41,-3,0.8,3,29,68,63,72,17,1,28,27,62,147,145,215,206,207,213,67,90,,80826,102153,N2156.8171,E08523.0001,692.6,0
08-08-2026 15:51,658,69,0,0,0,0,0,0,0,63,0,4,18,36,47,60,41,-3,0.8,3,29,68,63,72,17,2,27,27,62,147,145,214,205,206,211,67,90,,80826,102154,N2156.8171,E08523.0001,692.6,0
08-08-2026 15:51,657,69,0,0,0,0,0,0,0,63,0,4,18,36,47,60,41,-3,0.8,3,29,68,63,72,17,2,28,27,62,147,145,213,204,205,210,67,90,,80826,102155,N2156.8171,E08523.0001,692.6,0
08-08-2026 15:51,657,92,0,0,0,0,0,0,0,63,0,4,18,36,47,60,41,-3,0.8,3,29,68,63,72,17,2,28,27,62,147,145,212,203,204,209,67,90,,80826,102156,N2156.8171,E08523.0001,692.6,0
08-08-2026 15:51,658,92,0,0,0,0,0,0,0,63,0,4,18,36,47,60,41,-3,0.8,3,37,68,63,72,17,1,29,27,62,147,145,211,203,203,208,67,90,,80826,102157,N2156.8171,E08523.0001,692.6,0
08-08-2026 15:51,658,92,0,0,0,0,0,0,0,63,0,4,18,36,47,60,41,-3,0.8,3,29,68,63,72,17,2,28,27,62,147,145,210,202,202,207,67,90,,80826,102158,N2156.8171,E08523.0001,692.6,0
08-08-2026 15:51,657,92,0,0,0,0,0,0,0,63,0,4,18,36,47,60,41,-3,0.8,3,38,68,63,72,17,2,29,27,62,147,145,209,201,201,206,67,90,,80826,102159,N2156.8171,E08523.0001,692.6,0
08-08-2026 15:51,657,69,0,0,0,0,0,0,0,63,0,4,18,36,47,60,41,-3,0.8,3,38,68,63,72,17,2,29,27,62,147,145,208,201,200,205,67,90,,80826,102200,N2156.8171,E08523.0001,692.6,0
08-08-2026 15:52,658,92,0,0,0,0,0,0,0,63,0,4,18,36,47,60,41,-3,0.8,3,37,68,63,72,17,2,29,27,62,147,145,208,200,199,204,67,90,,80826,102201,N2156.8171,E08523.0001,692.6,0
08-08-2026 15:52,658,92,0,0,0,0,0,0,0,63,0,4,18,36,47,60,41,-3,0.8,3,37,68,63,72,17,2,29,27,62,147,146,207,199,199,203,67,90,,80826,102202,N2156.8171,E08523.0001,692.6,0
08-08-2026 15:52,658,69,0,0,0,0,0,0,0,63,0,4,18,36,47,62,42,-3.1,0.9,3,29,68,63,72,17,2,29,27,62,147,146,207,199,198,203,67,90,,80826,102203,N2156.8171,E08523.0001,692.6,0
08-08-2026 15:52,658,69,0,0,0,0,0,0,0,63,0,3,20,36,49,67,47,-3.3,0.7,3,29,68,63,72,17,2,28,27,62,147,146,206,198,197,202,67,90,,80826,102204,N2156.8171,E08523.0001,692.7,0
08-08-2026 15:52,658,68,0,0,0,0,0,0,0,63,0,3,23,37,51,68,48,-3.4,0.6,3,29,68,63,72,17,2,29,27,62,147,146,205,198,197,201,67,90,,80826,102205,N2156.8171,E08523.0001,692.7,0
08-08-2026 15:52,659,89,0,0,0,0,0,0,0,63,0,3,25,37,51,68,48,-3.4,0.6,3,37,68,63,72,17,2,28,27,62,147,146,205,197,196,201,67,90,,80826,102206,N2156.8170,E08523.0002,692.9,0
08-08-2026 15:52,658,89,0,0,0,0,0,0,0,63,0,4,26,37,51,68,48,-3.4,0.6,3,37,68,63,72,17,1,28,27,62,147,146,204,197,195,200,67,90,,80826,102207,N2156.8170,E08523.0002,692.9,0
08-08-2026 15:52,657,67,0,0,0,0,0,0,0,63,0,4,26,37,51,68,48,-3.4,0.6,3,29,68,63,72,17,1,28,27,62,147,146,203,196,195,199,67,90,,80826,102208,N2156.8170,E08523.0002,692.9,0
08-08-2026 15:52,657,90,0,0,0,0,0,0,0,63,0,4,26,37,51,68,48,-3.4,0.6,3,38,68,63,72,17,1,28,27,62,147,146,203,196,194,199,67,91,,80826,102209,N2156.8170,E08523.0002,692.9,0
08-08-2026 15:52,658,90,0,0,0,0,0,0,0,63,0,3,25,37,51,68,48,-3.4,0.6,3,37,68,63,72,17,2,28,27,62,147,146,202,195,193,198,67,90,,80826,102210,N2156.8170,E08523.0002,692.9,0
08-08-2026 15:52,658,89,0,0,0,0,0,0,0,63,0,4,25,37,51,68,48,-3.4,0.6,3,37,68,63,72,17,1,28,27,62,147,146,202,195,193,197,67,90,,80826,102211,N2156.8170,E08523.0002,692.9,0
08-08-2026 15:52,658,67,0,0,0,0,0,0,0,63,0,4,25,37,51,68,47,-3.5,0.7,3,29,68,63,72,17,2,28,27,62,147,146,201,194,192,196,67,90,,80826,102212,N2156.8170,E08523.0002,693,0
08-08-2026 15:52,658,67,0,0,0,0,0,0,0,63,0,4,25,37,51,68,47,-3.5,0.7,3,37,68,63,72,17,1,29,27,62,147,146,201,194,192,196,67,90,,80826,102213,N2156.8170,E08523.0002,693,0
08-08-2026 15:52,658,66,0,0,0,0,0,0,0,63,0,4,25,37,51,68,47,-3.5,0.7,3,29,68,63,72,17,2,29,27,62,147,146,200,193,191,195,67,90,,80826,102214,N2156.8170,E08523.0002,693,0
08-08-2026 15:52,658,67,0,0,0,0,0,0,0,63,0,4,25,37,51,68,47,-3.5,0.7,3,37,68,63,72,17,2,28,27,62,147,146,199,193,191,195,67,90,,80826,102215,N2156.8170,E08523.0002,693,0
08-08-2026 15:52,658,90,0,0,0,0,0,0,0,63,0,4,25,37,50,68,47,-3.4,0.8,3,37,68,63,72,17,2,28,27,62,147,145,199,193,190,194,67,90,,80826,102216,N2156.8170,E08523.0002,693,0
08-08-2026 15:52,657,67,0,0,0,0,0,0,0,63,0,4,25,37,50,68,47,-3.4,0.8,3,29,68,63,72,17,2,28,27,62,147,145,199,193,190,194,67,90,,80826,102217,N2156.8170,E08523.0002,693,0
08-08-2026 15:52,658,68,0,0,0,0,0,0,0,63,0,4,25,37,50,68,47,-3.4,0.8,3,29,68,63,72,17,2,28,27,62,147,145,198,192,189,193,67,90,,80826,102218,N2156.8170,E08523.0002,693,0
08-08-2026 15:52,657,68,0,0,0,0,0,0,0,63,0,4,25,37,50,68,47,-3.4,0.8,3,29,68,63,72,17,2,28,27,62,147,146,198,192,189,193,67,90,,80826,102219,N2156.8170,E08523.0002,693,0
08-08-2026 15:52,657,70,0,0,0,0,0,0,0,63,0,4,25,37,50,68,47,-3.4,0.8,3,29,68,63,72,17,2,28,27,62,147,146,197,192,189,193,67,90,,80826,102220,N2156.8170,E08523.0002,693,0
08-08-2026 15:52,657,70,0,0,0,0,0,0,0,63,0,4,25,37,50,68,47,-3.4,0.8,3,29,68,63,72,17,1,28,27,62,147,146,197,192,188,193,67,91,,80826,102221,N2156.8170,E08523.0002,693,0
08-08-2026 15:52,657,69,0,0,0,0,0,0,0,63,0,4,25,37,50,68,47,-3.4,0.8,3,29,68,63,72,17,1,28,27,62,147,146,197,191,188,193,67,90,,80826,102222,N2156.8170,E08523.0002,693,0
08-08-2026 15:52,658,69,0,0,0,0,0,0,0,63,0,4,25,37,50,68,47,-3.4,0.8,3,29,68,63,72,17,2,28,27,62,147,145,197,191,188,193,67,90,,80826,102223,N2156.8169,E08523.0002,693.2,0.02
08-08-2026 15:52,658,69,0,0,0,0,0,0,0,63,0,4,25,37,50,68,47,-3.4,0.8,3,29,68,63,72,17,2,28,27,62,147,145,197,191,188,192,67,90,,80826,102224,N2156.8169,E08523.0003,693.2,0
08-08-2026 15:52,658,69,0,0,0,0,0,0,0,63,0,4,25,37,50,68,47,-3.4,0.8,3,29,68,63,72,17,2,28,27,62,147,145,196,191,187,192,67,90,,80826,102225,N2156.8169,E08523.0003,693.2,0
08-08-2026 15:52,658,69,0,0,0,0,0,0,0,63,0,4,25,37,50,68,47,-3.4,0.8,3,29,68,63,72,17,2,28,27,62,147,145,196,191,187,192,67,90,,80826,102226,N2156.8168,E08523.0003,693.2,0
08-08-2026 15:52,658,69,0,0,0,0,0,0,0,63,0,4,25,37,50,68,47,-3.4,0.8,3,29,68,63,72,17,1,28,27,62,147,145,196,190,187,191,67,90,,80826,102227,N2156.8168,E08523.0003,693.2,0
08-08-2026 15:52,658,68,0,0,0,0,0,0,0,63,0,4,25,37,50,68,47,-3.4,0.8,3,29,68,63,72,17,2,28,27,62,147,145,196,190,187,191,67,90,,80826,102228,N2156.8168,E08523.0003,693.2,0
08-08-2026 15:52,657,69,0,0,0,0,0,0,0,63,0,4,25,37,50,68,47,-3.4,0.8,3,29,68,63,72,17,1,28,27,62,147,145,196,190,187,191,67,90,,80826,102229,N2156.8168,E08523.0003,693.2,0
08-08-2026 15:52,657,69,0,0,0,0,0,0,0,63,0,4,25,37,50,68,47,-3.4,0.8,3,29,68,63,72,17,2,28,27,62,147,145,195,190,187,191,67,90,,80826,102230,N2156.8168,E08523.0003,693.2,0
08-08-2026 15:52,658,69,0,0,0,0,0,0,0,63,0,4,25,37,50,68,47,-3.4,0.8,3,29,68,63,72,17,1,28,27,62,147,145,195,190,186,190,67,90,,80826,102231,N2156.8167,E08523.0004,693.3,0
08-08-2026 15:52,658,69,0,0,0,0,0,0,0,63,0,4,25,37,50,68,47,-3.4,0.8,3,29,68,63,72,17,2,29,27,62,147,145,195,190,186,190,67,90,,80826,102232,N2156.8167,E08523.0004,693.3,0
08-08-2026 15:52,658,70,0,0,0,0,0,0,0,63,0,4,25,37,50,68,47,-3.4,0.8,3,29,68,63,72,17,2,28,27,62,147,145,195,190,186,190,67,90,,80826,102233,N2156.8167,E08523.0004,693.3,0
08-08-2026 15:52,658,70,0,0,0,0,0,0,0,63,0,4,25,37,50,68,47,-3.4,0.8,3,29,68,63,72,17,2,28,27,62,147,145,194,190,186,190,67,90,,80826,102234,N2156.8167,E08523.0004,693.3,0
08-08-2026 15:52,657,69,0,0,0,0,0,0,0,63,0,4,25,37,50,68,47,-3.4,0.8,3,29,68,63,72,17,2,29,27,62,147,145,195,190,186,190,67,90,,80826,102235,N2156.8167,E08523.0004,693.3,0
08-08-2026 15:52,658,69,0,0,0,0,0,0,0,63,0,4,25,37,50,68,47,-3.4,0.8,3,29,68,63,72,17,1,29,27,62,147,145,194,190,185,190,67,91,,80826,102236,N2156.8167,E08523.0004,693.3,0
08-08-2026 15:52,660,66,0,0,0,0,0,0,0,63,0,4,25,37,50,69,48,-3.4,0.8,3,29,68,63,72,17,2,29,27,62,147,145,194,189,185,190,67,90,,80826,102237,N2156.8167,E08523.0004,693.3,0
08-08-2026 15:52,658,66,0,0,0,0,0,0,0,63,0,4,27,44,55,97,58,-5,2.8,3,29,67,63,72,17,1,29,27,62,147,145,194,189,185,189,67,91,,80826,102238,N2156.8167,E08523.0004,693.4,0
08-08-2026 15:52,657,67,0,0,0,0,0,0,0,63,0,4,32,45,56,89,52,-4.8,2.6,3,29,67,63,72,17,2,29,27,62,147,145,194,189,184,189,67,90,,80826,102239,N2156.8167,E08523.0004,693.4,0
08-08-2026 15:52,658,91,0,0,0,0,0,0,0,63,0,4,37,47,55,88,51,-4.5,2.9,3,37,68,63,72,17,2,29,27,62,147,145,193,189,184,189,67,90,,80826,102240,N2156.8167,E08523.0004,693.4,0
08-08-2026 15:52,658,88,0,0,0,0,0,0,0,62,0,3,40,46,55,90,50,-4.9,3.1,3,37,67,63,72,17,1,29,27,62,147,145,193,188,184,188,67,91,,80826,102241,N2156.8167,E08523.0004,693.4,0
08-08-2026 15:52,658,89,0,0,0,0,0,0,0,63,0,3,39,46,55,90,50,-4.9,3.1,3,29,67,63,72,17,1,29,27,62,147,145,193,188,184,188,67,90,,80826,102242,N2156.8167,E08523.0004,693.4,0
08-08-2026 15:52,658,67,0,0,0,0,0,0,0,62,0,3,39,46,55,90,49,-5,3.2,3,29,67,63,72,17,2,28,27,62,146,145,193,188,184,188,67,90,,80826,102243,N2156.8167,E08523.0004,693.4,0
08-08-2026 15:52,658,67,0,0,0,0,0,0,0,62,0,4,39,46,55,89,50,-4.8,3,3,29,68,63,72,17,2,28,27,62,146,145,192,187,183,188,67,90,,80826,102244,N2156.8167,E08523.0004,693.4,0
08-08-2026 15:52,658,67,0,0,0,0,0,0,0,62,0,4,39,46,55,89,50,-4.8,3,3,29,67,63,71,17,2,29,27,62,146,145,192,187,183,187,67,90,,80826,102245,N2156.8167,E08523.0004,693.4,0
08-08-2026 15:52,657,67,0,0,0,0,0,0,0,62,0,4,39,46,55,89,50,-4.8,3,3,29,67,63,72,17,2,29,27,61,146,145,192,187,183,187,67,90,,80826,102246,N2156.8167,E08523.0004,693.4,0
08-08-2026 15:52,658,67,0,0,0,0,0,0,0,62,0,4,39,46,55,89,50,-4.8,3,3,37,68,63,71,17,2,28,27,62,146,145,192,187,183,187,67,90,,80826,102247,N2156.8167,E08523.0004,693.4,0
08-08-2026 15:52,658,89,0,0,0,0,0,0,0,62,0,4,38,46,55,89,50,-4.8,3,3,37,67,63,71,17,2,29,27,61,146,145,191,187,182,186,67,90,,80826,102248,N2156.8167,E08523.0004,693.4,0
08-08-2026 15:52,658,67,0,0,0,0,0,0,0,62,0,4,38,45,55,88,50,-4.8,2.8,3,29,67,63,71,17,2,29,27,61,146,145,191,187,182,186,67,90,,80826,102249,N2156.8167,E08523.0004,693.4,0
08-08-2026 15:52,657,69,0,0,0,0,0,0,0,62,0,4,38,45,55,88,50,-4.8,2.8,3,29,67,63,71,17,2,29,27,62,146,145,191,186,182,186,66,91,,80826,102250,N2156.8167,E08523.0004,693.4,0
08-08-2026 15:52,656,70,0,0,0,0,0,0,0,62,0,4,38,45,55,88,50,-4.8,2.8,3,29,67,63,71,17,2,29,27,61,146,145,191,187,182,186,67,90,,80826,102251,N2156.8167,E08523.0004,693.4,0
08-08-2026 15:52,658,69,0,0,0,0,0,0,0,62,0,4,38,45,55,88,50,-4.8,2.8,3,29,67,63,72,17,2,29,27,62,146,145,191,187,182,186,66,90,,80826,102252,N2156.8167,E08523.0004,693.4,0
08-08-2026 15:52,658,69,0,0,0,0,0,0,0,62,0,4,38,45,55,88,50,-4.8,2.8,3,29,67,63,71,17,2,29,27,62,146,145,191,186,182,186,66,90,,80826,102253,N2156.8167,E08523.0004,693.4,0
08-08-2026 15:52,657,69,0,0,0,0,0,0,0,62,0,4,38,45,55,88,49,-4.9,2.9,3,29,67,63,71,17,2,29,27,61,146,145,191,187,181,186,66,90,,80826,102254,N2156.8167,E08523.0004,693.4,0
08-08-2026 15:52,657,69,0,0,0,0,0,0,0,62,0,4,38,45,55,88,50,-4.8,2.8,3,37,67,63,71,17,1,29,27,61,145,144,191,186,182,186,66,91,,80826,102255,N2156.8167,E08523.0005,693.4,0
08-08-2026 15:52,658,69,0,0,0,0,0,0,0,62,0,4,38,45,54,88,50,-4.7,2.9,3,29,67,63,71,17,2,29,27,62,145,144,191,186,181,186,66,90,,80826,102256,N2156.8167,E08523.0005,693.4,0
08-08-2026 15:52,658,92,0,0,0,0,0,0,0,62,0,4,38,45,54,88,50,-4.7,2.9,3,37,67,63,71,17,2,29,27,61,146,144,190,186,181,186,66,90,,80826,102257,N2156.8167,E08523.0005,693.4,0
08-08-2026 15:52,658,91,0,0,0,0,0,0,0,62,0,4,38,45,54,88,49,-4.8,3,3,37,67,63,71,17,2,29,27,61,145,144,190,186,181,186,66,90,,80826,102258,N2156.8167,E08523.0005,693.4,0
08-08-2026 15:52,658,69,0,0,0,0,0,0,0,62,0,4,37,45,54,88,49,-4.8,3,3,29,67,63,71,17,2,29,27,61,145,144,190,186,181,185,66,90,,80826,102259,N2156.8167,E08523.0005,693.4,0
08-08-2026 15:53,658,69,0,0,0,0,0,0,0,62,0,4,37,45,54,88,49,-4.8,3,3,29,67,63,71,17,2,29,27,61,145,144,190,186,181,186,66,90,,80826,102300,N2156.8167,E08523.0005,693.4,0
08-08-2026 15:53,658,69,0,0,0,0,0,0,0,62,0,4,37,45,54,88,49,-4.8,3,3,29,67,63,71,17,2,29,27,61,145,144,190,186,181,186,66,90,,80826,102301,N2156.8167,E08523.0005,693.5,0
08-08-2026 15:53,657,69,0,0,0,0,0,0,0,62,0,4,37,45,54,88,49,-4.8,3,3,29,67,63,71,17,1,29,27,62,145,144,190,186,181,185,66,90,,80826,102302,N2156.8167,E08523.0005,693.5,0
08-08-2026 15:53,657,92,0,0,0,0,0,0,0,62,0,4,37,45,54,87,49,-4.7,2.9,3,29,67,63,71,17,2,29,27,61,145,144,190,186,181,185,66,90,,80826,102303,N2156.8167,E08523.0005,693.5,0
08-08-2026 15:53,658,68,0,0,0,0,0,0,0,62,0,4,37,45,54,87,49,-4.7,2.9,3,29,67,63,71,17,2,29,27,61,145,144,190,186,181,185,66,90,,80826,102304,N2156.8167,E08523.0005,693.5,0
08-08-2026 15:53,658,69,0,0,0,0,0,0,0,62,0,4,37,45,54,87,49,-4.7,2.9,3,29,67,63,71,17,2,28,27,61,145,144,190,186,181,185,66,90,,80826,102305,N2156.8167,E08523.0005,693.5,0
08-08-2026 15:53,657,92,0,0,0,0,0,0,0,62,0,4,37,45,54,87,49,-4.7,2.9,3,38,67,63,71,17,2,29,27,61,145,144,190,185,181,185,66,90,,80826,102306,N2156.8167,E08523.0005,693.5,0
08-08-2026 15:53,659,89,0,0,0,0,0,0,0,62,0,4,37,45,54,87,49,-4.7,2.9,3,37,67,63,71,17,2,29,27,61,145,144,190,185,181,185,66,90,,80826,102307,N2156.8167,E08523.0005,693.5,0
08-08-2026 15:53,658,89,0,0,0,0,0,0,0,62,0,4,37,45,54,94,54,-4.9,3.1,3,37,67,63,71,17,2,30,27,61,145,144,189,185,181,185,66,90,,80826,102308,N2156.8167,E08523.0005,693.5,0
08-08-2026 15:53,658,90,0,0,0,0,0,0,0,62,0,5,42,50,64,100,60,-5.4,2.6,3,37,67,63,71,17,2,29,27,61,145,144,190,185,180,184,66,90,,80826,102310,N2156.8167,E08523.0005,693.5,0
08-08-2026 15:53,658,89,0,0,0,0,0,0,0,62,0,5,46,49,63,98,60,-5.2,2.4,3,37,67,63,71,17,1,29,27,61,145,144,189,185,180,184,66,90,,80826,102311,N2156.8167,E08523.0005,693.5,0
08-08-2026 15:53,657,89,0,0,0,0,0,0,0,62,0,4,50,49,63,97,59,-5.2,2.4,3,29,67,63,71,17,2,29,27,61,145,144,189,185,180,184,66,90,,80826,102311,N2156.8167,E08523.0005,693.5,0
08-08-2026 15:53,658,89,0,0,0,0,0,0,0,62,0,4,49,49,62,96,59,-5,2.4,3,37,67,63,71,17,2,28,27,61,145,144,189,184,180,184,66,90,,80826,102312,N2156.8167,E08523.0005,693.5,0
08-08-2026 15:53,658,89,0,0,0,0,0,0,0,62,0,4,49,49,62,96,59,-5,2.4,3,37,67,63,71,17,1,27,27,61,145,144,189,184,179,184,66,90,,80826,102313,N2156.8167,E08523.0005,693.5,0
08-08-2026 15:53,658,90,0,0,0,0,0,0,0,62,0,4,49,49,62,96,58,-5.1,2.5,3,37,67,63,71,17,2,28,27,61,145,144,188,184,179,183,66,90,,80826,102314,N2156.8167,E08523.0005,693.5,0
08-08-2026 15:53,658,67,0,0,0,0,0,0,0,62,0,3,49,49,62,95,58,-5,2.4,3,29,67,63,71,17,1,28,27,61,145,144,188,184,179,183,66,90,,80826,102315,N2156.8167,E08523.0005,693.5,0
08-08-2026 15:53,658,67,0,0,0,0,0,0,0,62,0,3,49,49,62,95,58,-5,2.4,3,29,67,63,71,17,2,28,27,61,145,144,188,183,179,183,66,90,,80826,102316,N2156.8167,E08523.0005,693.5,0
08-08-2026 15:53,658,67,0,0,0,0,0,0,0,62,0,3,48,49,62,95,58,-5,2.4,3,29,67,63,71,17,2,28,27,61,145,144,187,183,179,182,66,90,,80826,102318,N2156.8167,E08523.0005,693.5,0
08-08-2026 15:53,658,89,0,0,0,0,0,0,0,62,0,3,48,49,62,95,58,-5,2.4,3,37,67,63,71,17,1,29,27,61,145,144,187,183,178,182,66,91,,80826,102319,N2156.8167,E08523.0005,693.5,0
08-08-2026 15:53,658,67,0,0,0,0,0,0,0,62,0,4,48,49,62,95,58,-5,2.4,3,29,67,63,71,17,1,29,27,61,145,144,187,183,178,182,66,91,,80826,102320,N2156.8166,E08523.0006,693.7,0
08-08-2026 15:53,658,68,0,0,0,0,0,0,0,62,0,4,48,49,61,95,58,-4.9,2.5,3,29,67,63,71,17,2,29,27,61,145,144,187,183,178,182,66,90,,80826,102321,N2156.8166,E08523.0006,693.7,0.03
08-08-2026 15:53,658,67,0,0,0,0,0,0,0,62,0,4,48,48,61,95,58,-5,2.4,3,29,67,63,71,17,2,29,27,61,145,144,187,183,178,182,66,90,,80826,102321,N2156.8166,E08523.0006,693.7,0
08-08-2026 15:53,657,69,0,0,0,0,0,0,0,62,0,4,48,48,61,95,58,-5,2.4,3,38,67,63,71,17,1,30,27,61,145,143,187,183,178,182,66,90,,80826,102322,N2156.8166,E08523.0006,693.7,0
08-08-2026 15:53,658,69,0,0,0,0,0,0,0,62,0,4,48,48,61,95,58,-5,2.4,3,29,67,63,71,17,2,29,27,61,145,143,187,183,178,182,66,90,,80826,102323,N2156.8166,E08523.0006,693.7,0
08-08-2026 15:53,657,91,0,0,0,0,0,0,0,62,0,3,47,48,61,95,58,-5,2.4,3,38,67,63,71,17,2,29,27,61,145,143,187,183,178,182,66,90,,80826,102325,N2156.8166,E08523.0006,693.9,0
08-08-2026 15:53,657,69,0,0,0,0,0,0,0,62,0,3,47,48,61,95,57,-5.1,2.5,3,29,67,63,71,17,2,28,27,61,145,143,187,183,178,182,66,90,,80826,102326,N2156.8166,E08523.0006,693.9,0.01
08-08-2026 15:53,658,69,0,0,0,0,0,0,0,62,0,3,47,48,61,95,57,-5.1,2.5,3,29,67,63,71,17,2,29,27,61,145,143,187,183,178,182,66,90,,80826,102326,N2156.8166,E08523.0006,693.9,0
08-08-2026 15:53,657,69,0,0,0,0,0,0,0,62,0,3,47,48,61,95,57,-5.1,2.5,3,29,67,63,71,17,1,29,27,61,145,143,186,183,178,182,66,91,,80826,102328,N2156.8166,E08523.0006,693.9,0
08-08-2026 15:53,658,69,0,0,0,0,0,0,0,62,0,4,47,48,61,95,57,-5.1,2.5,3,29,67,62,71,17,1,30,27,61,144,143,186,183,178,182,66,90,,80826,102329,N2156.8166,E08523.0006,693.9,0
08-08-2026 15:53,658,69,0,0,0,0,0,0,0,62,0,4,47,48,61,95,57,-5.1,2.5,3,29,67,62,71,17,2,29,27,61,144,143,186,183,178,182,66,90,,80826,102330,N2156.8166,E08523.0006,693.9,0
08-08-2026 15:53,657,69,0,0,0,0,0,0,0,62,0,4,47,48,61,95,57,-5.1,2.5,3,29,67,62,71,17,1,30,27,61,144,143,187,183,178,182,66,90,,80826,102331,N2156.8166,E08523.0006,693.9,0
08-08-2026 15:53,658,69,0,0,0,0,0,0,0,62,0,3,47,48,61,95,57,-5.1,2.5,3,29,67,62,71,17,2,29,27,61,144,143,186,182,178,182,66,90,,80826,102331,N2156.8166,E08523.0006,693.9,0
08-08-2026 15:53,658,69,0,0,0,0,0,0,0,62,0,3,47,48,61,95,57,-5.1,2.5,3,29,67,62,71,17,2,29,27,61,144,143,186,183,178,182,66,90,,80826,102333,N2156.8166,E08523.0006,693.9,0
08-08-2026 15:53,658,68,0,0,0,0,0,0,0,62,0,3,47,48,61,95,57,-5.1,2.5,3,29,67,62,71,17,2,29,27,61,144,143,186,182,178,182,66,90,,80826,102334,N2156.8166,E08523.0006,693.9,0
08-08-2026 15:53,659,67,0,0,0,0,0,0,0,62,0,3,47,48,61,95,57,-5.1,2.5,3,29,67,62,71,17,2,30,27,61,144,143,186,183,178,182,66,90,,80826,102335,N2156.8166,E08523.0006,693.9,0
08-08-2026 15:53,659,67,0,0,0,0,0,0,0,62,0,3,47,48,61,95,57,-5.1,2.5,3,29,67,62,71,17,1,29,28,61,144,142,186,182,178,181,66,91,,80826,102336,N2156.8166,E08523.0006,693.9,0
08-08-2026 15:53,658,67,0,0,0,0,0,0,0,62,0,3,47,48,60,95,57,-5,2.6,3,29,67,62,71,17,2,28,28,61,144,142,186,182,178,181,66,90,,80826,102336,N2156.8166,E08523.0006,693.9,0
08-08-2026 15:53,658,67,0,0,0,0,0,0,0,62,0,3,47,48,60,96,59,-4.9,2.5,3,29,67,62,71,17,1,28,28,61,144,142,186,181,178,181,66,90,,80826,102338,N2156.8166,E08523.0006,693.9,0
08-08-2026 15:53,657,67,0,0,0,0,0,0,0,62,0,4,50,54,71,102,71,-4.8,1.4,3,29,67,62,71,17,2,28,28,61,144,142,186,181,178,181,66,90,,80826,102339,N2156.8165,E08523.0006,694.2,0
08-08-2026 15:53,658,89,0,0,0,0,0,0,0,62,0,3,53,49,69,98,70,-4.8,0.8,3,37,67,62,71,17,1,28,28,61,144,142,185,181,177,181,66,90,,80826,102340,N2156.8165,E08523.0006,694.2,0.01
08-08-2026 15:53,658,68,0,0,0,0,0,0,0,62,0,3,57,49,69,98,70,-4.8,0.8,3,29,67,62,71,17,1,27,28,61,144,142,185,181,177,181,66,90,,80826,102341,N2156.8165,E08523.0006,694.2,0
08-08-2026 15:53,658,67,0,0,0,0,0,0,0,62,0,4,57,49,69,98,70,-4.8,0.8,3,29,67,62,71,17,2,28,28,61,144,142,185,181,177,181,66,90,,80826,102341,N2156.8165,E08523.0006,694.2,0
08-08-2026 15:53,657,67,0,0,0,0,0,0,0,62,0,4,57,49,69,97,70,-4.7,0.7,3,29,67,62,71,17,0,28,28,61,144,142,185,181,177,180,66,90,,80826,102343,N2156.8165,E08523.0006,694.2,0
08-08-2026 15:53,658,89,0,0,0,0,0,0,0,62,0,4,56,49,68,97,70,-4.6,0.8,3,37,67,62,71,17,2,28,28,61,144,142,185,181,177,180,66,90,,80826,102343,N2156.8165,E08523.0006,694.2,0
08-08-2026 15:53,658,89,0,0,0,0,0,0,0,62,0,4,56,49,68,97,70,-4.6,0.8,3,37,67,62,71,17,2,28,28,61,144,142,185,181,176,180,66,90,,80826,102345,N2156.8164,E08523.0006,694.5,0.03
08-08-2026 15:53,658,67,0,0,0,0,0,0,0,62,0,4,56,49,68,97,69,-4.7,0.9,3,29,67,62,71,17,2,28,28,61,144,142,185,181,176,180,66,90,,80826,102346,N2156.8164,E08523.0006,694.5,0
08-08-2026 15:53,658,67,0,0,0,0,0,0,0,62,0,4,56,49,68,97,69,-4.7,0.9,3,29,67,62,71,17,2,28,28,61,144,142,184,180,176,180,66,90,,80826,102347,N2156.8164,E08523.0006,694.5,0
08-08-2026 15:53,658,67,0,0,0,0,0,0,0,62,0,4,56,49,68,97,69,-4.7,0.9,3,29,67,62,71,17,1,28,28,61,144,142,184,180,176,180,66,90,,80826,102348,N2156.8164,E08523.0006,694.5,0
08-08-2026 15:53,657,67,0,0,0,0,0,0,0,62,0,4,56,49,68,97,69,-4.7,0.9,3,29,67,62,71,17,2,28,28,61,144,142,184,180,176,179,66,90,,80826,102349,N2156.8164,E08523.0006,694.5,0
08-08-2026 15:53,658,89,0,0,0,0,0,0,0,62,0,3,55,49,68,97,69,-4.7,0.9,3,37,67,62,71,17,2,28,28,61,144,142,184,180,175,179,66,90,,80826,102350,N2156.8164,E08523.0006,694.5,0
08-08-2026 15:53,658,67,0,0,0,0,0,0,0,62,0,3,55,49,68,97,68,-4.8,1,3,29,67,62,71,17,1,28,28,61,144,142,184,180,175,179,66,91,,80826,102351,N2156.8164,E08523.0006,694.5,0
08-08-2026 15:53,658,67,0,0,0,0,0,0,0,62,0,3,55,49,67,97,68,-4.7,1.1,3,29,67,62,71,17,2,28,28,61,144,142,184,180,175,179,66,90,,80826,102352,N2156.8163,E08523.0006,694.6,0
08-08-2026 15:53,658,67,0,0,0,0,0,0,0,62,0,3,55,49,67,97,68,-4.7,1.1,3,29,67,62,71,17,2,28,28,61,144,142,184,179,175,179,66,90,,80826,102353,N2156.8163,E08523.0006,694.6,0.03
08-08-2026 15:53,658,67,0,0,0,0,0,0,0,62,0,3,55,49,67,97,68,-4.7,1.1,3,29,67,62,71,17,2,27,28,61,144,142,183,180,175,179,66,90,,80826,102354,N2156.8161,E08523.0005,694.7,0
08-08-2026 15:53,657,67,0,0,0,0,0,0,0,62,0,3,55,49,67,97,68,-4.7,1.1,3,29,67,62,71,17,2,27,28,61,143,142,183,179,175,179,66,90,,80826,102355,N2156.8161,E08523.0005,694.7,0.02
08-08-2026 15:53,658,67,0,0,0,0,0,0,0,62,0,3,55,49,67,97,68,-4.7,1.1,3,29,67,62,71,17,2,27,28,61,144,142,183,179,175,179,66,90,,80826,102356,N2156.8161,E08523.0005,694.8,0
08-08-2026 15:53,658,67,0,0,0,0,0,0,0,62,0,3,55,49,67,97,68,-4.7,1.1,3,29,67,62,71,17,0,27,28,61,143,142,183,179,175,179,66,91,,80826,102357,N2156.8161,E08523.0005,694.8,0
08-08-2026 15:53,658,67,0,0,0,0,0,0,0,62,0,4,55,49,67,97,68,-4.7,1.1,3,37,67,62,71,17,1,27,28,61,143,142,183,179,175,179,66,90,,80826,102358,N2156.8161,E08523.0005,694.8,0
08-08-2026 15:53,658,89,0,0,0,0,0,0,0,62,0,3,54,49,67,97,68,-4.7,1.1,3,29,67,62,71,17,1,28,28,61,143,142,183,179,174,178,66,90,,80826,102400,N2156.8160,E08523.0005,694.9,0
08-08-2026 15:54,657,69,0,0,0,0,0,0,0,62,0,3,54,49,67,97,68,-4.7,1.1,3,29,67,62,71,17,1,29,28,61,143,142,183,178,174,178,66,90,,80826,102401,N2156.8160,E08523.0005,694.9,0.02
08-08-2026 15:54,657,93,0,0,0,0,0,0,0,62,0,4,54,49,67,97,68,-4.7,1.1,3,38,67,62,71,17,2,28,28,61,143,142,182,178,174,178,66,91,,80826,102402,N2156.8160,E08523.0005,694.9,0
08-08-2026 15:54,657,70,0,0,0,0,0,0,0,62,0,3,54,49,67,97,68,-4.7,1.1,3,29,67,62,71,17,2,28,28,61,143,141,182,179,174,178,66,90,,80826,102404,N2156.8160,E08523.0005,694.9,0
08-08-2026 15:54,658,69,0,0,0,0,0,0,0,62,0,3,54,49,67,97,68,-4.7,1.1,3,37,67,62,71,17,2,30,28,61,143,142,182,179,174,178,66,90,,80826,102405,N2156.8160,E08523.0005,694.9,0.03
08-08-2026 15:54,658,69,0,0,0,0,0,0,0,62,0,3,54,48,67,97,68,-4.8,1,3,29,67,62,71,17,2,29,28,61,143,141,182,178,175,179,66,90,,80826,102406,N2156.8160,E08523.0005,694.9,0
08-08-2026 15:54,658,69,0,0,0,0,0,0,0,62,0,3,54,48,67,97,68,-4.8,1,3,29,67,62,71,17,2,29,28,61,143,141,182,178,175,179,66,90,,80826,102406,N2156.8160,E08523.0005,694.9,0
08-08-2026 15:54,658,69,0,0,0,0,0,0,0,62,0,3,54,48,66,97,68,-4.7,1.1,3,29,67,62,71,17,2,29,28,61,143,141,182,179,175,179,66,90,,80826,102408,N2156.8160,E08523.0005,695,0
08-08-2026 15:54,658,68,0,0,0,0,0,0,0,62,0,3,55,50,71,102,77,-4.6,0.4,3,29,67,62,71,17,2,28,28,61,142,141,182,179,175,178,66,90,,80826,102409,N2156.8160,E08523.0005,695,0
08-08-2026 15:54,658,68,0,0,0,0,0,0,0,62,0,4,58,50,71,108,80,-4.9,0.7,3,29,67,62,71,17,1,28,28,61,142,141,182,178,175,179,66,91,,80826,102410,N2156.8160,E08523.0005,695,0
08-08-2026 15:54,658,69,0,0,0,0,0,0,0,62,0,4,62,50,71,107,79,-4.9,0.7,3,29,67,62,71,17,2,28,28,61,143,141,182,178,175,179,66,90,,80826,102411,N2156.8160,E08523.0005,695,0
08-08-2026 15:54,657,92,0,0,0,0,0,0,0,62,0,4,65,50,71,107,79,-4.9,0.7,3,38,67,62,71,17,2,28,28,61,142,141,182,178,175,179,66,91,,80826,102412,N2156.8160,E08523.0005,695,0
08-08-2026 15:54,657,69,0,0,0,0,0,0,0,62,0,4,65,50,71,106,81,-4.6,0.4,3,29,67,62,71,17,2,28,28,61,142,141,182,178,175,179,66,90,,80826,102413,N2156.8160,E08523.0005,695,0
08-08-2026 15:54,657,69,0,0,0,0,0,0,0,62,0,4,65,50,71,106,81,-4.6,0.4,3,29,67,62,71,17,2,28,28,61,142,141,182,178,175,179,66,90,,80826,102414,N2156.8160,E08523.0005,695,0
08-08-2026 15:54,658,70,0,0,0,0,0,0,0,62,0,4,65,50,71,106,81,-4.6,0.4,3,29,67,62,71,17,2,29,28,61,142,141,182,178,175,179,66,90,,80826,102415,N2156.8160,E08523.0005,695,0
08-08-2026 15:54,658,69,0,0,0,0,0,0,0,62,0,4,65,50,71,106,80,-4.7,0.5,3,29,67,62,71,17,1,28,28,61,142,141,182,179,175,179,66,90,,80826,102416,N2156.8160,E08523.0005,695,0
08-08-2026 15:54,658,68,0,0,0,0,0,0,0,62,0,4,65,50,70,106,80,-4.6,0.6,3,29,67,62,71,17,1,28,28,61,142,141,182,178,175,179,66,90,,80826,102416,N2156.8160,E08523.0005,695,0
08-08-2026 15:54,657,69,0,0,0,0,0,0,0,62,0,4,65,50,71,106,80,-4.7,0.5,3,29,66,62,71,17,1,28,28,61,142,141,182,178,175,179,66,90,,80826,102418,N2156.8160,E08523.0005,695.2,0.02
08-08-2026 15:54,658,69,0,0,0,0,0,0,0,62,0,4,65,50,70,105,80,-4.5,0.5,3,29,67,62,71,17,2,28,28,61,142,141,182,178,175,179,66,90,,80826,102419,N2156.8160,E08523.0005,695.2,0
08-08-2026 15:54,658,69,0,0,0,0,0,0,0,62,0,3,64,50,70,105,80,-4.5,0.5,3,29,66,62,71,17,1,28,28,61,142,140,182,178,175,179,66,90,,80826,102420,N2156.8160,E08523.0005,695.2,0
08-08-2026 15:54,657,69,0,0,0,0,0,0,0,62,0,4,64,50,70,105,80,-4.5,0.5,3,29,66,62,71,17,1,28,28,61,142,140,182,178,174,179,66,90,,80826,102421,N2156.8159,E08523.0005,695.4,0
08-08-2026 15:54,658,69,0,0,0,0,0,0,0,62,0,3,64,50,70,105,80,-4.5,0.5,3,29,67,62,70,17,2,29,28,61,142,140,182,179,175,179,66,90,,80826,102422,N2156.8159,E08523.0005,695.4,0.02
08-08-2026 15:54,658,69,0,0,0,0,0,0,0,62,0,3,64,50,70,105,79,-4.6,0.6,3,29,67,62,71,17,2,28,28,61,142,140,182,178,175,179,66,90,,80826,102423,N2156.8159,E08523.0005,695.4,0
08-08-2026 15:54,658,69,0,0,0,0,0,0,0,62,0,3,64,50,70,105,79,-4.6,0.6,3,29,66,62,70,17,1,28,28,61,142,140,182,178,175,179,66,90,,80826,102424,N2156.8159,E08523.0005,695.4,0
08-08-2026 15:54,658,70,0,0,0,0,0,0,0,62,0,3,64,50,70,105,79,-4.6,0.6,3,29,67,62,70,17,2,28,28,61,142,140,182,178,175,179,66,90,,80826,102425,N2156.8159,E08523.0005,695.4,0
08-08-2026 15:54,657,69,0,0,0,0,0,0,0,62,0,3,64,50,70,105,79,-4.6,0.6,3,29,66,62,70,17,1,28,28,61,142,140,182,178,174,179,66,90,,80826,102426,N2156.8159,E08523.0005,695.5,0
08-08-2026 15:54,657,69,0,0,0,0,0,0,0,62,0,3,64,50,70,105,79,-4.6,0.6,3,29,66,62,70,17,2,28,28,61,142,140,182,178,175,179,66,90,,80826,102427,N2156.8159,E08523.0005,695.5,0.02
08-08-2026 15:54,658,92,0,0,0,0,0,0,0,62,0,3,64,50,70,105,79,-4.6,0.6,3,37,66,62,70,17,2,29,28,61,142,140,181,178,174,179,66,90,,80826,102428,N2156.8159,E08523.0005,695.5,0
08-08-2026 15:54,658,93,0,0,0,0,0,0,0,62,0,3,64,50,70,105,79,-4.6,0.6,3,38,66,62,70,17,2,28,28,61,142,140,182,178,174,179,66,90,,80826,102429,N2156.8159,E08523.0005,695.5,0
08-08-2026 15:54,658,92,0,0,0,0,0,0,0,62,0,4,64,50,70,105,79,-4.6,0.6,3,37,66,62,70,17,1,29,28,61,142,140,182,178,174,179,66,90,,80826,102430,N2156.8159,E08523.0005,695.6,0
08-08-2026 15:54,657,92,0,0,0,0,0,0,0,62,0,3,64,50,70,105,79,-4.6,0.6,3,37,66,62,70,17,2,29,28,61,142,140,181,178,174,179,66,90,,80826,102431,N2156.8159,E08523.0005,695.6,0.03
08-08-2026 15:54,657,92,0,0,0,0,0,0,0,62,0,4,64,50,70,105,79,-4.6,0.6,3,38,66,62,70,17,2,28,28,61,142,140,181,178,174,179,66,90,,80826,102432,N2156.8158,E08523.0004,695.7,0
08-08-2026 15:54,658,92,0,0,0,0,0,0,0,62,0,4,64,50,70,105,79,-4.6,0.6,3,38,66,62,70,17,0,28,28,61,142,140,181,178,174,179,66,91,,80826,102433,N2156.8158,E08523.0004,695.7,0.01
08-08-2026 15:54,657,69,0,0,0,0,0,0,0,62,0,4,64,50,70,105,79,-4.6,0.6,3,29,66,62,70,17,2,29,28,61,142,140,181,178,174,179,66,90,,80826,102434,N2156.8158,E08523.0004,695.7,0
08-08-2026 15:54,658,69,0,0,0,0,0,0,0,62,0,4,64,50,70,105,79,-4.6,0.6,3,29,66,62,70,17,2,29,28,61,142,140,181,178,174,179,66,90,,80826,102435,N2156.8158,E08523.0004,695.8,0
08-08-2026 15:54,658,69,0,0,0,0,0,0,0,62,0,4,63,50,70,105,79,-4.6,0.6,3,37,66,62,70,17,1,28,28,61,142,140,181,178,174,179,65,90,,80826,102436,N2156.8158,E08523.0004,695.8,0.02
08-08-2026 15:54,657,93,0,0,0,0,0,0,0,62,0,4,63,50,70,105,79,-4.6,0.6,3,38,66,62,70,17,2,29,28,61,142,140,181,178,174,179,65,90,,80826,102437,N2156.8158,E08523.0004,695.8,0
08-08-2026 15:54,657,93,0,0,0,0,0,0,0,62,0,4,63,50,70,105,79,-4.6,0.6,3,38,66,62,70,17,1,30,28,61,142,140,181,178,174,179,65,90,,80826,102438,N2156.8158,E08523.0004,695.9,0
08-08-2026 15:54,658,93,0,0,0,0,0,0,0,62,0,4,63,49,70,105,79,-4.7,0.5,3,37,66,62,70,17,1,30,28,61,142,140,181,178,174,179,65,90,,80826,102439,N2156.8158,E08523.0004,695.9,0.04
08-08-2026 15:54,658,93,0,0,0,0,0,0,0,62,0,4,63,50,70,105,79,-4.6,0.6,3,37,66,62,70,17,2,30,28,61,142,140,181,178,174,179,65,90,,80826,102440,N2156.8158,E08523.0004,695.9,0
08-08-2026 15:54,657,70,0,0,0,0,0,0,0,62,0,4,63,49,69,105,79,-4.6,0.6,3,29,66,62,70,17,2,29,28,61,141,140,181,178,174,179,65,90,,80826,102441,N2156.8158,E08523.0004,695.9,0
08-08-2026 15:54,658,93,0,0,0,0,0,0,0,62,0,4,63,49,69,105,79,-4.6,0.6,3,37,66,62,70,17,2,29,28,61,142,140,181,178,174,179,65,90,,80826,102442,N2156.8158,E08523.0004,695.9,0
08-08-2026 15:54,658,93,0,0,0,0,0,0,0,62,0,4,63,49,69,105,79,-4.6,0.6,3,37,66,62,70,17,1,28,28,61,141,140,181,178,174,179,65,90,,80826,102443,N2156.8158,E08523.0004,695.9,0
08-08-2026 15:54,658,93,0,0,0,0,0,0,0,62,0,4,63,49,69,105,79,-4.6,0.6,3,37,66,62,70,17,2,28,28,61,141,140,181,178,174,178,65,90,,80826,102444,N2156.8158,E08523.0004,695.9,0
08-08-2026 15:54,657,92,0,0,0,0,0,0,0,62,0,4,63,49,69,105,79,-4.6,0.6,3,38,66,62,70,17,2,27,28,61,141,139,181,178,174,178,65,90,,80826,102445,N2156.8158,E08523.0004,695.9,0
08-08-2026 15:54,658,69,0,0,0,0,0,0,0,62,0,4,63,49,69,105,79,-4.6,0.6,3,29,66,62,70,17,2,29,28,61,141,140,181,178,174,178,65,90,,80826,102446,N2156.8158,E08523.0004,695.9,0
08-08-2026 15:54,659,89,0,0,0,0,0,0,0,62,0,4,63,49,69,105,79,-4.6,0.6,3,37,66,62,70,17,2,30,28,61,141,139,181,177,174,178,65,90,,80826,102447,N2156.8158,E08523.0004,695.9,0
08-08-2026 15:54,658,67,0,0,0,0,0,0,0,62,0,4,63,49,69,105,79,-4.6,0.6,3,29,66,62,70,17,1,28,28,61,141,139,180,177,174,178,65,90,,80826,102448,N2156.8158,E08523.0004,695.9,0
08-08-2026 15:54,658,68,0,0,0,0,0,0,0,62,0,4,63,49,69,105,79,-4.6,0.6,3,29,66,62,70,17,2,28,28,61,141,139,180,177,173,178,65,90,,80826,102449,N2156.8158,E08523.0004,695.9,0
08-08-2026 15:54,658,68,0,0,0,0,0,0,0,62,0,4,63,49,69,105,79,-4.6,0.6,3,29,66,62,70,17,1,28,28,61,141,139,180,176,173,178,65,90,,80826,102450,N2156.8157,E08523.0004,695.9,0
08-08-2026 15:54,658,67,0,0,0,0,0,0,0,62,0,3,63,49,69,105,79,-4.6,0.6,3,29,66,62,70,17,2,27,28,61,141,139,180,177,173,178,65,90,,80826,102451,N2156.8157,E08523.0004,695.9,0
08-08-2026 15:54,658,67,0,0,0,0,0,0,0,62,0,4,63,49,69,105,79,-4.6,0.6,3,29,66,62,70,17,2,28,28,61,141,139,180,177,172,177,65,90,,80826,102452,N2156.8157,E08523.0005,695.9,0
08-08-2026 15:54,658,68,0,0,0,0,0,0,0,62,0,4,63,49,69,105,79,-4.6,0.6,3,29,66,62,70,17,0,28,28,61,140,139,180,176,172,177,65,90,,80826,102453,N2156.8157,E08523.0005,695.9,0
08-08-2026 15:54,658,68,0,0,0,0,0,0,0,62,0,4,64,49,72,107,84,-4.6,0,3,29,66,62,70,17,1,27,28,61,141,139,179,176,172,177,65,90,,80826,102454,N2156.8157,E08523.0005,695.9,0
08-08-2026 15:54,658,90,0,0,0,0,0,0,0,62,0,4,65,53,75,107,79,-5,0.6,3,37,66,62,70,17,2,28,28,61,140,139,179,176,172,177,65,90,,80826,102455,N2156.8157,E08523.0005,695.9,0
08-08-2026 15:54,658,89,0,0,0,0,0,0,0,62,0,4,66,53,75,110,84,-4.8,0.4,3,29,66,62,70,17,1,28,28,61,140,139,179,176,172,177,65,90,,80826,102456,N2156.8157,E08523.0005,695.9,0
08-08-2026 15:54,657,91,0,0,0,0,0,0,0,62,0,4,69,53,74,117,89,-4.9,0.7,3,38,66,62,70,17,2,27,28,61,140,139,179,176,172,177,65,90,,80826,102457,N2156.8157,E08523.0005,695.9,0
08-08-2026 15:54,658,68,0,0,0,0,0,0,0,62,0,4,73,52,74,125,99,-4.8,0.4,3,29,66,62,70,17,1,28,28,61,140,139,179,175,172,176,65,90,,80826,102458,N2156.8157,E08523.0005,695.9,0
08-08-2026 15:54,656,69,0,0,0,0,0,0,0,62,0,4,78,51,74,126,98,-5.1,0.5,3,29,66,62,70,17,1,28,28,61,140,139,178,175,172,176,65,91,,80826,102459,N2156.8157,E08523.0005,695.9,0
08-08-2026 15:54,657,70,0,0,0,0,0,0,0,62,0,4,81,51,74,125,97,-5.1,0.5,3,29,66,62,70,17,1,28,28,61,140,139,179,175,172,177,65,90,,80826,102500,N2156.8157,E08523.0005,695.9,0
08-08-2026 15:55,656,72,0,0,0,0,0,0,0,62,0,4,82,51,74,135,97,-6.1,1.5,3,29,66,62,70,17,2,29,28,61,140,139,178,176,172,177,65,90,,80826,102501,N2156.8157,E08523.0005,695.9,0
08-08-2026 15:55,651,78,0,0,0,0,0,0,0,62,0,4,84,52,74,137,92,-6.7,2.3,3,46,66,62,70,17,2,28,28,61,146,145,179,176,172,177,65,90,,80826,102502,N2156.8157,E08523.0005,695.9,0
08-08-2026 15:55,652,108,0,0,0,0,0,0,0,62,0,4,84,52,74,129,95,-5.6,1.2,3,34,66,62,70,17,1,29,28,61,159,158,179,177,173,178,65,90,,80826,102503,N2156.8157,E08523.0005,696,0
08-08-2026 15:55,655,81,0,0,0,0,0,0,0,62,0,4,84,52,74,128,96,-5.4,1,3,33,66,62,70,17,2,29,28,61,181,180,180,178,174,178,65,90,,80826,102504,N2156.8157,E08523.0005,696,0
08-08-2026 15:55,655,82,0,0,0,0,0,0,0,62,0,4,82,52,74,130,94,-5.8,1.4,3,33,66,62,70,17,2,29,28,61,192,191,180,178,174,179,65,90,,80826,102505,N2156.8157,E08523.0005,696,0
08-08-2026 15:55,655,82,0,0,0,0,0,0,0,62,0,4,82,52,74,130,94,-5.8,1.4,3,33,66,62,70,17,2,29,28,61,206,205,181,180,175,179,65,90,,80826,102506,N2156.8157,E08523.0005,696,0
08-08-2026 15:55,664,71,0,0,0,0,0,0,0,62,0,4,82,52,74,129,95,-5.6,1.2,3,29,66,62,70,18,2,29,28,61,204,203,181,179,175,180,65,90,,80826,102507,N2156.8157,E08523.0005,696,0
08-08-2026 15:55,664,87,0,0,0,0,0,0,0,62,0,4,82,52,74,128,95,-5.5,1.1,3,29,66,62,70,18,2,29,28,61,202,201,181,179,175,180,65,90,,80826,102508,N2156.8157,E08523.0005,696,0
08-08-2026 15:55,658,90,0,0,0,0,0,0,0,62,0,4,82,52,74,128,95,-5.5,1.1,3,38,66,62,70,17,2,29,28,61,201,200,181,179,175,179,65,90,,80826,102509,N2156.8157,E08523.0005,696,0
08-08-2026 15:55,657,92,0,0,0,0,0,0,0,62,0,4,82,52,74,129,94,-5.7,1.3,3,38,66,62,70,17,2,29,28,61,199,198,181,179,175,179,65,90,,80826,102510,N2156.8157,E08523.0005,696,0
08-08-2026 15:55,657,93,0,0,0,0,0,0,0,62,0,4,81,52,74,128,94,-5.6,1.2,3,38,66,62,70,17,2,29,28,61,198,197,181,178,175,179,65,90,,80826,102511,N2156.8157,E08523.0005,696,0
08-08-2026 15:55,658,92,0,0,0,0,0,0,0,62,0,4,81,52,74,128,94,-5.6,1.2,3,29,66,62,70,18,1,29,28,61,197,196,181,178,174,179,65,90,,80826,102512,N2156.8157,E08523.0005,696,0
08-08-2026 15:55,657,92,0,0,0,0,0,0,0,62,0,4,81,52,74,128,94,-5.6,1.2,3,38,66,61,70,17,2,28,28,61,196,195,181,178,174,179,65,90,,80826,102513,N2156.8157,E08523.0005,696,0
08-08-2026 15:55,657,92,0,0,0,0,0,0,0,62,0,4,81,52,74,128,94,-5.6,1.2,3,38,66,61,70,17,2,28,28,61,195,194,181,178,174,178,65,90,,80826,102514,N2156.8157,E08523.0005,696,0
08-08-2026 15:55,658,93,0,0,0,0,0,0,0,62,0,4,81,51,73,128,94,-5.6,1.2,3,37,66,62,70,17,0,28,28,61,194,194,180,178,174,178,65,91,,80826,102515,N2156.8157,E08523.0005,696,0
08-08-2026 15:55,658,69,0,0,0,0,0,0,0,62,0,4,81,52,73,128,94,-5.5,1.3,3,29,66,62,70,18,2,28,28,61,194,192,180,177,174,178,65,90,,80826,102516,N2156.8157,E08523.0005,696,0
08-08-2026 15:55,658,69,0,0,0,0,0,0,0,62,0,4,81,51,73,128,94,-5.6,1.2,3,29,66,62,70,17,1,28,28,61,193,192,180,178,173,178,65,91,,80826,102517,N2156.8157,E08523.0005,696,0
08-08-2026 15:55,658,69,0,0,0,0,0,0,0,61,0,4,81,51,73,128,94,-5.6,1.2,3,29,66,62,70,17,1,28,28,61,192,191,180,177,173,178,65,90,,80826,102518,N2156.8157,E08523.0005,696,0
08-08-2026 15:55,658,68,0,0,0,0,0,0,0,61,0,4,81,51,73,128,94,-5.6,1.2,3,29,66,61,70,18,1,28,28,61,192,190,180,177,173,178,65,90,,80826,102519,N2156.8157,E08523.0005,696,0
08-08-2026 15:55,659,67,0,0,0,0,0,0,0,61,0,4,81,51,73,128,93,-5.7,1.3,3,29,66,61,70,18,2,28,28,61,191,190,179,176,173,178,65,90,,80826,102520,N2156.8157,E08523.0005,696,0
08-08-2026 15:55,658,67,0,0,0,0,0,0,0,61,0,4,81,51,73,127,93,-5.6,1.2,3,29,66,61,70,17,0,28,28,61,191,189,179,176,172,178,65,91,,80826,102521,N2156.8157,E08523.0005,696,0
08-08-2026 15:55,658,67,0,0,0,0,0,0,0,61,0,4,80,51,73,127,93,-5.6,1.2,3,29,66,61,70,17,2,28,28,61,190,189,179,176,172,177,65,90,,80826,102522,N2156.8157,E08523.0005,696,0
08-08-2026 15:55,658,68,0,0,0,0,0,0,0,61,0,4,80,51,73,127,93,-5.6,1.2,3,29,66,61,70,18,1,28,28,61,190,187,179,175,172,177,65,90,,80826,102523,N2156.8157,E08523.0005,696,0
08-08-2026 15:55,657,68,0,0,0,0,0,0,0,61,0,4,80,51,73,127,93,-5.6,1.2,3,29,66,61,70,17,0,28,28,61,190,187,179,175,172,177,65,91,,80826,102524,N2156.8157,E08523.0005,696,0
08-08-2026 15:55,658,67,0,0,0,0,0,0,0,61,0,4,80,51,73,127,93,-5.6,1.2,3,29,66,61,70,18,1,28,28,60,189,186,178,175,172,177,65,90,,80826,102525,N2156.8157,E08523.0005,696,0
08-08-2026 15:55,658,67,0,0,0,0,0,0,0,61,0,4,80,51,73,127,93,-5.6,1.2,3,29,66,61,70,17,1,29,28,60,189,186,178,175,171,176,65,91,,80826,102526,N2156.8157,E08523.0005,696,0
08-08-2026 15:55,657,90,0,0,0,0,0,0,0,61,0,4,80,51,73,127,93,-5.6,1.2,3,38,66,61,69,17,2,28,28,60,189,186,178,175,171,176,65,90,,80826,102527,N2156.8157,E08523.0005,696,0
08-08-2026 15:55,658,89,0,0,0,0,0,0,0,61,0,4,80,51,73,127,93,-5.6,1.2,3,37,66,61,70,18,1,28,28,60,188,185,178,174,171,176,65,90,,80826,102528,N2156.8157,E08523.0005,696,0
08-08-2026 15:55,658,68,0,0,0,0,0,0,0,61,0,4,80,51,73,127,93,-5.6,1.2,3,29,66,61,70,18,1,27,28,61,188,184,178,174,171,176,65,90,,80826,102529,N2156.8157,E08523.0005,696,0
08-08-2026 15:55,658,68,0,0,0,0,0,0,0,61,0,4,80,51,73,127,93,-5.6,1.2,3,29,66,61,70,18,0,27,28,60,187,184,178,174,171,176,65,91,,80826,102530,N2156.8157,E08523.0005,696,0
08-08-2026 15:55,658,68,0,0,0,0,0,0,0,61,0,4,80,51,73,127,93,-5.6,1.2,3,29,66,61,69,18,2,27,28,61,187,184,177,174,171,176,65,90,,80826,102531,N2156.8157,E08523.0005,696,0
08-08-2026 15:55,658,68,0,0,0,0,0,0,0,61,0,3,82,51,73,135,101,-5.6,1.2,3,29,66,61,69,18,2,27,28,60,187,184,178,174,170,175,65,90,,80826,102532,N2156.8157,E08523.0005,696,0
08-08-2026 15:55,657,92,0,0,0,0,0,0,0,61,0,3,84,51,73,140,95,-6.7,2.3,3,38,66,61,69,18,2,26,28,60,187,183,177,173,171,175,65,91,,80826,102533,N2156.8157,E08523.0005,696,0
08-08-2026 15:55,656,94,0,0,0,0,0,0,0,61,0,3,87,52,75,131,109,-4.5,-0.1,3,38,66,61,69,18,1,27,28,61,187,183,177,174,171,175,65,90,,80826,102534,N2156.8157,E08523.0005,696,0
08-08-2026 15:55,657,93,0,0,0,0,0,0,0,61,0,4,89,52,75,135,106,-5.2,0.6,3,37,66,61,69,18,2,27,28,60,186,183,177,174,171,175,65,90,,80826,102535,N2156.8157,E08523.0005,696,0
08-08-2026 15:55,658,92,0,0,0,0,0,0,0,61,0,4,89,52,75,136,103,-5.6,1,3,37,66,61,69,18,2,27,28,60,186,183,177,173,171,175,65,90,,80826,102536,N2156.8157,E08523.0005,696,0
08-08-2026 15:55,658,92,0,0,0,0,0,0,0,61,0,4,89,52,75,135,105,-5.3,0.7,3,37,66,61,69,17,2,27,28,60,186,182,177,173,171,175,65,90,,80826,102537,N2156.8157,E08523.0005,696,0
08-08-2026 15:55,657,93,0,0,0,0,0,0,0,61,0,4,89,52,75,134,106,-5.1,0.5,3,38,66,61,69,17,2,28,28,60,186,182,177,173,171,175,65,90,,80826,102538,N2156.8157,E08523.0005,696,0
08-08-2026 15:55,658,93,0,0,0,0,0,0,0,61,0,4,89,52,75,135,105,-5.3,0.7,3,37,66,61,69,18,2,28,28,60,186,182,177,174,170,175,65,90,,80826,102539,N2156.8157,E08523.0005,696.1,0
08-08-2026 15:55,658,69,0,0,0,0,0,0,0,61,0,4,89,52,75,135,104,-5.4,0.8,3,29,66,61,69,17,1,28,28,60,186,181,177,174,170,175,65,90,,80826,102540,N2156.8157,E08523.0005,696.1,0
08-08-2026 15:55,657,69,0,0,0,0,0,0,0,61,0,4,89,52,75,134,105,-5.2,0.6,3,29,66,61,69,18,2,28,28,60,185,181,177,173,171,175,65,90,,80826,102541,N2156.8157,E08523.0005,696.1,0
08-08-2026 15:55,657,70,0,0,0,0,0,0,0,61,0,4,89,52,75,134,105,-5.2,0.6,3,29,66,61,69,18,2,28,28,60,185,181,177,173,170,175,65,90,,80826,102542,N2156.8157,E08523.0005,696.1,0
08-08-2026 15:55,657,70,0,0,0,0,0,0,0,61,0,4,89,52,75,135,105,-5.3,0.7,3,38,66,61,69,18,1,28,28,60,185,181,177,173,171,175,65,90,,80826,102543,N2156.8157,E08523.0005,696.1,0
08-08-2026 15:55,658,92,0,0,0,0,0,0,0,61,0,4,89,52,75,135,104,-5.4,0.8,3,37,66,61,69,18,1,28,28,60,185,181,177,173,171,175,65,90,,80826,102544,N2156.8157,E08523.0005,696.1,0
08-08-2026 15:55,657,70,0,0,0,0,0,0,0,61,0,4,89,52,75,135,104,-5.4,0.8,3,29,66,61,69,18,1,28,28,60,184,181,177,173,170,175,65,90,,80826,102545,N2156.8157,E08523.0005,696.1,0
08-08-2026 15:55,657,70,0,0,0,0,0,0,0,61,0,4,89,52,75,134,105,-5.2,0.6,3,29,66,61,69,18,2,28,28,60,184,180,177,173,171,175,65,90,,80826,102546,N2156.8157,E08523.0005,696.1,0
08-08-2026 15:55,657,93,0,0,0,0,0,0,0,61,0,4,88,52,75,134,104,-5.3,0.7,3,37,66,61,69,18,1,28,28,60,184,180,177,173,171,176,65,90,,80826,102547,N2156.8157,E08523.0005,696.1,0
08-08-2026 15:55,657,70,0,0,0,0,0,0,0,61,0,4,88,52,75,134,104,-5.3,0.7,3,29,66,61,69,18,2,28,28,60,184,180,177,173,171,175,65,90,,80826,102548,N2156.8157,E08523.0005,696.1,0
08-08-2026 15:55,658,69,0,0,0,0,0,0,0,61,0,4,88,52,74,134,104,-5.2,0.8,3,29,66,61,69,18,2,28,28,60,184,180,177,173,171,176,65,90,,80826,102549,N2156.8157,E08523.0005,696.1,0
08-08-2026 15:55,658,69,0,0,0,0,0,0,0,61,0,4,88,52,74,134,104,-5.2,0.8,3,29,66,61,69,18,2,28,28,60,184,180,177,173,171,175,65,90,,80826,102550,N2156.8157,E08523.0005,696.1,0
08-08-2026 15:55,659,68,0,0,0,0,0,0,0,61,0,4,88,52,74,134,104,-5.2,0.8,3,29,66,61,69,18,2,28,28,60,184,180,177,173,170,175,65,90,,80826,102551,N2156.8157,E08523.0005,696.1,0
08-08-2026 15:55,658,68,0,0,0,0,0,0,0,61,0,4,88,52,74,134,104,-5.2,0.8,3,29,66,61,69,18,1,28,28,60,183,180,177,173,170,175,65,90,,80826,102552,N2156.8157,E08523.0005,696.1,0
08-08-2026 15:55,658,90,0,0,0,0,0,0,0,61,0,4,88,52,74,134,104,-5.2,0.8,3,37,66,61,69,18,2,28,28,60,183,180,177,173,170,175,65,90,,80826,102553,N2156.8157,E08523.0005,696.1,0
08-08-2026 15:55,657,68,0,0,0,0,0,0,0,61,0,4,88,52,74,134,104,-5.2,0.8,3,29,66,61,69,18,1,28,28,60,183,179,177,172,170,175,65,90,,80826,102554,N2156.8157,E08523.0005,696.1,0
08-08-2026 15:55,657,90,0,0,0,0,0,0,0,61,0,4,88,52,74,134,104,-5.2,0.8,3,37,66,61,69,18,1,28,28,60,183,179,176,173,170,175,65,90,,80826,102555,N2156.8157,E08523.0006,696.1,0
08-08-2026 15:55,658,90,0,0,0,0,0,0,0,61,0,4,88,52,74,134,104,-5.2,0.8,3,29,66,61,69,18,2,28,28,60,183,179,176,172,170,175,65,90,,80826,102556,N2156.8157,E08523.0006,696.1,0
08-08-2026 15:55,657,68,0,0,0,0,0,0,0,61,0,4,88,52,74,134,104,-5.2,0.8,3,29,66,61,69,18,2,28,28,60,183,179,176,172,169,175,65,90,,80826,102557,N2156.8157,E08523.0006,696.1,0
08-08-2026 15:55,658,67,0,0,0,0,0,0,0,61,0,4,88,52,74,135,104,-5.3,0.9,3,29,66,61,69,18,1,28,28,60,183,179,176,172,169,174,65,90,,80826,102558,N2156.8157,E08523.0006,696.1,0
08-08-2026 15:55,657,67,0,0,0,0,0,0,0,61,0,4,88,52,74,141,107,-5.6,1.2,3,29,66,61,69,18,0,28,28,60,183,178,176,172,169,174,65,91,,80826,102559,N2156.8157,E08523.0006,696.1,0
08-08-2026 15:56,658,68,0,0,0,0,0,0,0,61,0,4,91,52,74,146,112,-5.6,1.2,3,29,66,61,69,18,0,28,28,60,183,178,175,171,169,175,65,90,,80826,102600,N2156.8157,E08523.0006,696.1,0
08-08-2026 15:56,658,68,0,0,0,0,0,0,0,61,0,4,94,54,74,158,103,-7.5,3.5,3,29,66,61,69,18,1,27,28,60,183,178,175,171,169,174,65,90,,80826,102601,N2156.8157,E08523.0006,696.1,0
08-08-2026 15:56,658,91,0,0,0,0,0,0,0,61,0,4,97,54,74,156,107,-6.9,2.9,3,37,66,61,69,18,2,28,28,60,182,178,175,171,169,174,65,90,,80826,102602,N2156.8157,E08523.0006,696.1,0
08-08-2026 15:56,658,90,0,0,0,0,0,0,0,61,0,4,99,54,74,152,109,-6.3,2.3,3,37,66,61,69,18,2,28,28,60,153,153,175,171,169,174,65,90,,80826,102603,N2156.8157,E08523.0006,696.1,0
08-08-2026 15:56,656,69,0,0,0,0,0,1,0,61,0,4,99,54,74,151,110,-6.1,2.1,3,29,66,61,69,17,1,28,28,60,154,153,175,171,169,174,65,91,,80826,102604,N2156.8157,E08523.0006,696.1,0
08-08-2026 15:56,643,74,0,0,0,0,2,1,0,61,0,5,99,54,74,152,110,-6.2,2.2,3,52,66,61,69,16,1,31,28,60,154,153,175,173,170,175,65,91,,80826,102605,N2156.8157,E08523.0006,696.1,0
08-08-2026 15:56,616,141,0,0,0,0,2,1,0,61,0,3,99,54,74,151,110,-6.1,2.1,3,63,66,61,69,17,2,34,28,60,154,153,177,178,174,178,65,90,,80826,102606,N2156.8157,E08523.0006,696.1,0
08-08-2026 15:56,647,142,0,0,0,0,0,1,0,61,0,4,99,54,74,152,111,-6.1,2.1,3,63,66,61,69,18,2,35,28,60,154,153,179,182,178,182,65,90,,80826,102607,N2156.8157,E08523.0006,696.1,0
08-08-2026 15:56,688,79,0,0,0,0,0,0,0,61,0,5,99,54,74,153,110,-6.3,2.3,3,32,66,61,69,19,1,34,28,60,154,153,182,184,181,185,65,91,,80826,102608,N2156.8157,E08523.0006,696.1,0
08-08-2026 15:56,676,92,0,0,0,0,0,0,0,61,0,4,100,54,74,153,110,-6.3,2.3,3,41,66,61,69,18,2,32,28,60,159,159,184,184,182,186,65,90,,80826,102609,N2156.8157,E08523.0006,696.2,0
08-08-2026 15:56,658,104,0,0,0,0,0,0,0,61,0,4,99,54,74,152,110,-6.2,2.2,3,42,66,61,69,17,2,31,28,60,141,147,185,184,182,186,65,90,,80826,102610,N2156.8157,E08523.0006,696.2,0
08-08-2026 15:56,653,82,0,0,0,0,2,1,0,61,0,2,99,54,76,147,109,-6,1.6,3,33,66,61,69,18,2,31,28,60,141,147,186,185,182,186,65,90,,80826,102611,N2156.8157,E08523.0006,696.2,0
08-08-2026 15:56,726,465,74,0,0,0,1,0,0,61,0,5,99,54,76,149,111,-6,1.6,3,159,66,61,69,30,6,41,28,60,142,147,189,201,192,194,65,90,,80826,102612,N2156.8157,E08523.0006,696.2,0
08-08-2026 15:56,1066,702,85,0,0,0,1,0,0,61,0,9,100,37,60,157,125,-5.5,0.9,3,176,66,61,69,36,12,60,28,60,142,148,201,230,217,216,65,90,,80826,102613,N2156.8157,E08523.0006,696.2,0
08-08-2026 15:56,1196,929,96,0,129,266,1,0,0,61,0,6,99,47,68,152,114,-5.9,1.7,3,210,66,61,69,39,33,86,28,60,142,148,224,272,253,248,65,91,,80826,102614,N2156.8157,E08523.0008,696.3,0.88
08-08-2026 15:56,1349,1341,96,0,164,370,1,0,0,61,0,6,99,52,68,142,128,-3,-0.2,3,271,66,61,69,39,51,118,28,60,160,159,260,322,300,291,65,91,,80826,102615,N2156.8157,E08523.0013,696.6,1.75
08-08-2026 15:56,1506,1712,98,0,270,611,1,0,0,61,0,8,97,55,59,124,144,1.6,-2.4,3,305,66,61,69,42,99,157,28,60,175,174,306,376,351,339,65,90,,80826,102616,N2156.8157,E08523.0020,696.9,1.75
08-08-2026 15:56,1738,1995,90,0,318,733,1,0,0,61,0,6,98,55,60,138,138,-0.5,-0.5,3,311,66,61,69,45,115,202,28,60,206,205,354,425,403,388,65,90,,80826,102617,N2156.8156,E08523.0031,697.2,3.46
08-08-2026 15:56,1953,1790,90,0,419,985,2,0,0,61,0,7,98,43,63,177,82,-11.5,7.5,3,253,66,61,69,47,127,241,28,60,206,205,399,458,439,424,65,90,,80826,102618,N2156.8156,E08523.0044,697.6,4.3
08-08-2026 15:56,1941,1791,51,0,490,962,2,0,0,61,0,10,97,51,46,147,124,-1.8,2.8,3,257,66,61,69,46,112,262,28,60,204,203,436,477,464,448,65,90,,80826,102619,N2156.8157,E08523.0059,697.9,4.97
08-08-2026 15:56,1770,1832,97,1,540,1248,2,0,0,61,0,6,99,79,40,114,179,10.4,-2.6,3,287,66,61,69,43,129,269,28,60,203,203,463,496,486,471,65,90,,80826,102621,N2156.8162,E08523.0094,698.6,5.52
08-08-2026 15:56,1829,1962,100,1,551,1286,2,0,0,61,0,5,98,75,43,81,151,10.2,-3.8,3,294,66,61,69,44,132,282,28,60,202,201,486,513,507,491,65,90,,80826,102621,N2156.8162,E08523.0094,698.6,6.62
08-08-2026 15:56,1985,1698,99,0,616,1434,3,0,0,61,0,3,97,67,71,98,177,7.5,-8.3,3,239,66,61,69,45,111,291,28,60,201,201,505,521,520,505,65,90,,80826,102623,N2156.8173,E08523.0136,698.9,7.15
08-08-2026 15:56,1829,1786,99,1,675,1620,3,0,0,61,0,5,99,53,69,108,130,0.6,-3.8,3,254,66,61,69,42,123,289,28,60,200,200,518,530,531,517,65,90,,80826,102624,N2156.8181,E08523.0160,699,7.74
08-08-2026 15:56,1793,1794,100,1,710,1679,3,0,0,61,0,4,99,50,75,128,128,-2.5,-2.5,3,275,66,61,69,43,135,295,28,60,200,199,531,539,544,530,65,90,,80826,102625,N2156.8189,E08523.0186,698.8,8.45
08-08-2026 15:56,1853,1797,100,1,752,1762,3,0,0,61,0,2,99,60,75,115,135,0.5,-3.5,3,288,66,61,69,44,137,299,28,60,199,198,542,545,554,541,65,90,,80826,102625,N2156.8189,E08523.0186,698.8,9.26
08-08-2026 15:56,1909,431,30,0,791,1817,4,0,0,61,0,1,97,75,63,81,180,11.1,-8.7,3,0,66,61,69,41,42,272,28,60,199,197,547,528,546,536,65,91,,80826,102626,N2156.8196,E08523.0213,698.6,9.26
08-08-2026 15:56,1483,0,15,0,760,1765,4,0,0,61,0,0,98,73,76,82,160,7.5,-8.1,3,0,66,61,69,39,20,209,28,60,198,197,534,493,516,512,65,90,,80826,102628,N2156.8207,E08523.0270,698.5,9.74
08-08-2026 15:56,1354,0,22,1,727,1720,4,0,0,61,0,0,98,66,83,105,141,1.9,-5.3,3,0,65,61,69,39,9,152,28,60,198,196,510,457,482,482,65,90,,80826,102629,N2156.8211,E08523.0296,698.5,9.22
08-08-2026 15:56,1307,0,0,1,711,1685,4,0,0,61,0,0,99,64,86,128,123,-2.7,-1.7,3,0,65,61,69,39,7,111,28,60,197,195,481,423,448,452,65,91,,80826,102630,N2156.8214,E08523.0321,698.4,8.76
08-08-2026 15:56,1251,0,0,1,642,1538,3,0,0,61,0,0,99,71,80,104,160,4.7,-6.5,3,0,65,61,69,38,5,86,28,60,197,194,451,392,417,423,65,90,,80826,102631,N2156.8216,E08523.0346,698.4,8.34
08-08-2026 15:56,1216,733,0,1,592,1460,3,0,0,61,0,0,99,78,74,84,164,8.4,-7.6,3,165,65,61,69,37,8,74,28,60,196,194,423,375,396,402,65,90,,80826,102631,N2156.8216,E08523.0346,698.4,7.98
08-08-2026 15:56,1344,0,0,1,558,1338,3,0,0,61,0,0,99,73,81,110,144,2.6,-4.2,3,0,65,61,69,39,6,68,28,60,196,194,404,355,378,384,65,90,,80826,102633,N2156.8220,E08523.0391,698.2,7.26
08-08-2026 15:56,1374,0,24,1,545,1295,3,0,0,61,0,3,99,63,78,58,195,12.2,-15.2,3,81,65,61,69,39,8,63,28,60,196,193,383,342,361,368,65,90,,80826,102634,N2156.8219,E08523.0410,698,6.66
08-08-2026 15:56,1329,563,43,1,539,1267,3,0,0,61,0,1,99,62,78,69,189,10.4,-13.6,3,117,65,61,69,39,15,66,28,60,195,192,370,350,363,366,65,90,,80826,102635,N2156.8215,E08523.0430,697.9,6.66
08-08-2026 15:56,1364,1040,97,1,558,1290,3,0,0,61,0,2,99,50,81,80,181,7,-13.2,4,234,65,61,69,40,38,83,28,60,195,192,371,377,384,383,65,90,,80826,102636,N2156.8207,E08523.0450,697.4,6.99
08-08-2026 15:56,1447,1631,100,1,585,1467,3,0,0,61,0,2,98,48,79,107,149,1.1,-7.3,4,310,65,61,69,39,91,118,28,60,195,192,392,419,420,414,65,90,,80826,102636,N2156.8207,E08523.0450,697.4,6.99
08-08-2026 15:56,1587,1668,100,1,684,1583,3,0,0,61,0,4,98,45,84,111,157,0.7,-8.5,4,267,65,61,69,41,110,157,28,60,195,192,423,458,457,448,65,90,,80826,102638,N2156.8182,E08523.0491,696.9,7.93
08-08-2026 15:56,1788,1643,65,1,729,1699,3,0,0,61,0,2,98,61,63,83,164,7.9,-8.3,4,251,65,61,69,45,108,193,28,60,194,191,454,482,483,473,65,90,,80826,102639,N2156.8166,E08523.0513,696.5,8.72
08-08-2026 15:56,1918,1177,66,1,814,1890,4,0,0,61,0,3,98,57,73,100,156,4,-7.2,4,150,65,61,69,47,105,213,28,60,194,191,476,494,497,487,65,90,,80826,102640,N2156.8147,E08523.0535,696.4,9.39
08-08-2026 15:56,1935,1064,50,0,839,1925,4,0,0,61,0,4,99,53,71,86,170,6.6,-10.2,4,263,65,61,69,44,77,206,28,60,194,190,489,499,503,494,65,90,,80826,102641,N2156.8127,E08523.0558,696.3,10.01
08-08-2026 15:56,1741,1845,83,1,929,2201,4,0,0,61,0,2,99,53,79,106,156,2.4,-7.6,4,297,65,61,69,41,119,211,28,60,194,190,502,515,519,508,65,90,,80826,102641,N2156.8127,E08523.0558,696.3,10.43
08-08-2026 15:56,1751,1070,71,1,947,2258,4,0,0,61,0,2,99,63,76,116,137,0.8,-3.4,4,169,65,61,69,42,102,218,28,60,193,190,516,522,530,519,65,90,,80826,102643,N2156.8077,E08523.0606,695.8,11.2
08-08-2026 15:56,1803,803,52,0,1027,2343,5,0,0,61,0,2,98,61,79,113,143,1.2,-4.8,4,125,65,61,69,41,47,203,28,60,193,190,521,510,523,515,65,90,,80826,102644,N2156.8049,E08523.0631,695.1,11.8
08-08-2026 15:56,1559,597,50,0,1037,2426,5,0,0,61,0,0,97,76,68,107,136,3.7,-2.1,4,110,65,61,69,38,43,171,28,60,193,189,515,495,509,504,65,90,,80826,102645,N2156.8022,E08523.0656,694.6,12.39
08-08-2026 15:56,1467,0,21,1,1051,2487,5,0,0,61,0,0,97,81,69,98,142,5.6,-3.2,4,0,65,61,69,39,14,137,28,60,192,189,502,465,484,482,65,90,,80826,102646,N2156.7996,E08523.0684,693.9,12.65
08-08-2026 15:56,1437,0,0,1,1053,2503,5,0,34,61,0,0,98,85,64,122,141,4,0.2,4,0,65,61,69,39,10,107,28,60,192,189,481,435,455,457,65,90,,80826,102647,N2156.7974,E08523.0715,693.3,12.72
08-08-2026 15:56,1643,0,0,1,1004,2404,4,0,34,61,0,-4,98,85,78,158,81,-7,8.4,4,0,65,61,69,44,9,90,28,60,192,189,458,408,428,432,65,90,,80826,102648,N2156.7955,E08523.0747,693.2,12.79
08-08-2026 15:56,1730,0,0,1,923,2124,4,0,0,61,0,-1,98,89,66,145,96,-2.6,7.2,4,0,65,61,69,42,8,78,28,60,192,189,430,377,399,406,65,90,,80826,102649,N2156.7944,E08523.0780,693.2,11.87
08-08-2026 15:56,1676,0,0,1,880,2095,4,0,0,61,0,-5,97,106,62,160,73,-4.3,13.1,4,0,65,61,69,41,7,69,28,60,199,198,403,348,370,380,65,90,,80826,102650,N2156.7944,E08523.0812,693.1,10.75
08-08-2026 15:56,1632,0,23,1,891,2034,4,0,0,61,0,-4,96,113,48,132,89,2.2,10.8,4,0,65,61,69,40,8,63,28,60,206,204,376,323,345,355,65,90,,80826,102651,N2156.7953,E08523.0843,693.1,10.67
08-08-2026 15:56,1615,201,36,1,824,1977,4,0,0,61,0,-4,96,91,58,172,90,-4.9,11.5,4,163,65,61,69,38,18,66,28,60,205,203,354,324,336,345,65,90,,80826,102651,N2156.7953,E08523.0843,693.1,10.45
08-08-2026 15:56,1570,1325,90,1,821,2060,4,0,0,61,0,3,96,92,43,183,65,-6.9,16.7,4,234,65,61,69,39,66,87,28,60,205,203,353,359,359,362,65,90,,80826,102653,N2156.7998,E08523.0882,692.8,10.01
08-08-2026 15:56,1657,1593,100,1,926,2166,4,0,0,61,0,5,99,82,53,159,117,-1.3,7.1,4,297,65,61,69,41,96,126,28,60,205,201,374,406,401,397,65,90,,80826,102654,N2156.8026,E08523.0893,692.6,10.19
08-08-2026 15:56,1809,1616,50,0,1025,2473,5,0,0,61,0,6,99,68,57,127,115,-0.1,2.3,4,257,65,61,69,39,107,162,28,60,204,201,407,442,436,430,65,90,,80826,102655,N2156.8059,E08523.0903,692.1,11.26
08-08-2026 15:56,1554,1728,98,1,1096,2610,5,0,0,62,0,3,101,71,60,126,146,3.1,-0.9,4,310,65,61,69,39,117,187,28,60,203,200,437,472,466,458,65,90,,80826,102656,N2156.8095,E08523.0914,691.8,12.36
08-08-2026 15:56,1573,1677,99,1,1189,2796,5,0,0,62,0,3,100,72,58,112,129,3.1,-0.3,4,292,65,61,69,38,128,211,28,60,203,200,466,497,493,484,65,90,,80826,102657,N2156.8133,E08523.0925,691.6,13.34
08-08-2026 15:56,1625,72,36,1,1228,2850,5,0,0,62,0,1,99,75,78,150,123,-3,2.4,4,11,65,61,69,39,69,213,28,60,203,200,489,497,501,496,65,91,,80826,102658,N2156.8173,E08523.0938,691.4,14.18
08-08-2026 15:56,1633,263,37,1,1179,2810,5,0,0,62,0,-1,100,82,98,161,79,-9.8,6.6,4,36,65,61,69,39,22,180,28,60,203,200,492,473,485,484,65,90,,80826,102659,N2156.8214,E08523.0949,691.1,14.46
08-08-2026 15:56,1576,167,31,1,1214,2537,5,0,0,62,0,-3,99,94,61,124,93,0.2,6.4,4,29,65,60,69,39,16,140,28,60,202,199,482,448,462,465,65,91,,80826,102700,N2156.8255,E08523.0959,691,14.18
08-08-2026 15:57,1582,0,31,1,1060,2565,5,0,0,62,0,0,99,81,81,138,167,2.9,-2.9,4,0,65,61,69,39,8,109,28,60,202,198,464,419,435,441,65,90,,80826,102701,N2156.8295,E08523.0965,690.9,13.79
08-08-2026 15:57,1437,0,27,1,1056,2511,5,0,0,62,0,0,99,72,77,106,112,0.1,-1.1,4,0,65,61,69,39,11,87,28,60,201,198,442,395,409,417,65,90,,80826,102701,N2156.8295,E08523.0965,690.9,13.34
08-08-2026 15:57,1448,943,54,1,1049,2489,5,0,0,62,0,3,100,56,74,119,138,0.1,-3.7,4,197,65,61,69,39,26,87,28,60,201,198,424,405,410,415,65,90,,80826,102703,N2156.8370,E08523.0974,690.7,12.81
08-08-2026 15:57,1435,1498,94,1,1078,2485,5,0,0,62,0,0,99,44,113,161,45,-18.5,4.7,4,291,64,61,69,39,48,108,28,60,201,198,428,436,435,435,65,90,,80826,102704,N2156.8408,E08523.0981,690.9,12.88
08-08-2026 15:57,1524,1493,100,1,1093,2624,5,0,0,62,0,5,98,102,55,191,106,-3.8,13.2,4,271,64,61,69,39,109,143,28,60,201,197,451,474,469,466,65,91,,80826,102705,N2156.8445,E08523.0995,691.1,13.22
08-08-2026 15:57,1515,1525,100,1,1175,2688,5,0,0,62,0,2,96,56,50,49,96,5.3,-4.1,4,316,64,61,69,38,126,178,28,60,200,197,480,504,500,494,65,90,,80826,102706,N2156.8482,E08523.1011,691.4,13.81
08-08-2026 15:57,1545,1722,100,1,1104,2664,5,0,0,62,0,5,92,71,66,195,180,-1,2,4,309,64,61,69,38,134,208,28,60,200,197,506,525,524,517,65,90,,80826,102707,N2156.8518,E08523.1028,691.3,13.79
08-08-2026 15:57,1592,1481,100,1,1175,2655,5,0,0,62,0,3,95,61,55,110,81,-2.3,3.5,4,289,65,61,69,38,135,232,28,60,200,197,528,539,541,535,65,90,,80826,102708,N2156.8555,E08523.1046,691.4,13.91
08-08-2026 15:57,1617,1670,100,1,1192,2817,5,0,0,62,0,3,94,74,64,178,152,-1.6,3.6,4,286,64,61,69,38,137,250,28,60,200,196,545,550,554,549,65,90,,80826,102709,N2156.8592,E08523.1063,691.5,14.18
08-08-2026 15:57,1659,1658,100,1,1223,2791,5,0,0,62,0,4,101,60,63,123,109,-1.7,1.1,4,275,64,61,69,39,140,261,28,60,200,196,558,557,565,560,65,90,,80826,102710,N2156.8630,E08523.1081,691.5,14.76
08-08-2026 15:57,1698,1835,100,1,1208,2839,5,0,0,62,0,2,96,69,65,146,121,-2.1,2.9,4,300,64,61,69,39,138,269,28,60,200,195,568,562,573,569,65,91,,80826,102711,N2156.8668,E08523.1100,691.5,14.76
08-08-2026 15:57,1688,1838,100,1,1213,2848,5,0,0,62,0,2,101,79,77,131,122,-0.7,1.1,4,268,64,61,69,39,140,273,28,60,199,195,576,567,580,577,65,90,,80826,102712,N2156.8706,E08523.1119,691.5,14.81
08-08-2026 15:57,1724,1819,100,1,1259,2881,5,0,0,62,0,1,96,82,53,93,140,7.6,-1.8,4,291,64,61,69,40,141,278,28,60,199,195,582,570,586,583,65,90,,80826,102713,N2156.8745,E08523.1139,691.1,15.18
08-08-2026 15:57,1763,1807,100,1,1234,2867,5,0,0,62,0,4,100,61,83,176,151,-4.7,0.3,4,253,64,61,69,40,141,281,28,60,199,195,587,573,590,588,65,90,,80826,102714,N2156.8784,E08523.1158,690.6,15.18
08-08-2026 15:57,1783,1784,85,1,1260,2940,5,0,0,62,0,3,98,69,51,107,91,0.2,3.4,4,276,64,61,69,41,143,281,28,60,198,195,591,575,594,592,65,90,,80826,102715,N2156.8823,E08523.1179,690.3,15.4
08-08-2026 15:57,1790,1812,85,1,1296,3093,5,0,0,62,0,3,100,69,78,151,166,0.6,-2.4,4,280,64,61,69,41,145,287,28,60,198,195,593,578,597,595,65,90,,80826,102716,N2156.8863,E08523.1200,690.2,15.65
08-08-2026 15:57,1801,1723,90,1,1306,3077,5,0,0,62,0,1,100,69,65,105,100,-0.1,0.9,4,264,64,61,69,42,146,292,28,60,198,194,596,579,599,597,65,90,,80826,102717,N2156.8902,E08523.1223,690.4,15.87
08-08-2026 15:57,1827,1623,83,1,1295,3056,5,0,0,62,0,3,98,75,65,140,163,3.3,-1.3,4,246,64,61,69,41,138,292,28,60,198,194,598,579,601,598,65,90,,80826,102718,N2156.8941,E08523.1246,690.7,15.81
08-08-2026 15:57,1809,1281,82,1,1293,3091,5,0,0,62,0,3,100,68,60,99,137,4.6,-3,4,268,64,61,69,41,140,282,28,60,198,194,599,579,601,599,65,90,,80826,102719,N2156.8981,E08523.1269,690.8,15.84
08-08-2026 15:57,1780,1758,87,1,1305,3056,5,0,0,62,0,4,99,65,68,136,158,1.9,-2.5,4,274,64,61,69,41,145,278,28,60,198,194,599,581,603,600,65,90,,80826,102720,N2156.9020,E08523.1292,691.1,15.77
08-08-2026 15:57,1787,1788,88,1,1297,3032,5,0,0,62,0,4,99,63,60,108,135,3,-2.4,4,281,64,61,69,41,146,275,28,60,197,193,600,582,605,601,64,90,,80826,102721,N2156.9058,E08523.1316,691.4,15.77
08-08-2026 15:57,1775,1613,100,1,1299,3056,5,0,0,62,0,3,99,63,71,135,137,-0.6,-1,4,251,64,61,69,41,146,277,28,60,198,193,602,583,606,602,64,90,,80826,102722,N2156.9096,E08523.1340,691.6,15.74
08-08-2026 15:57,1768,1811,100,1,1282,3039,5,0,0,62,0,3,100,63,67,117,129,0.8,-1.6,4,285,64,61,69,41,147,276,28,60,197,193,603,584,607,604,64,90,,80826,102723,N2156.9133,E08523.1365,692,15.72
08-08-2026 15:57,1731,1833,100,1,1268,2971,5,0,0,62,0,4,100,66,64,101,175,7.6,-7.2,4,294,64,61,69,40,147,275,28,60,197,193,604,584,608,605,64,90,,80826,102724,N2156.9168,E08523.1392,692.5,15.64
08-08-2026 15:57,1712,1622,100,1,1244,2907,5,0,0,62,0,4,100,62,68,113,157,3.8,-5,4,264,64,61,69,39,146,274,28,60,197,192,605,585,609,606,64,90,,80826,102725,N2156.9203,E08523.1419,692.8,15.46
08-08-2026 15:57,1694,1846,100,1,1222,2881,5,0,0,62,0,4,99,62,69,113,152,3.2,-4.6,4,304,64,61,69,38,146,271,28,60,197,192,606,585,610,608,64,90,,80826,102726,N2156.9235,E08523.1448,693.3,15.21
08-08-2026 15:57,1651,1872,100,1,1194,2815,5,0,0,62,0,3,100,58,72,131,139,-0.6,-2.2,4,317,64,61,69,37,144,268,28,60,197,192,608,586,610,609,64,90,,80826,102727,N2156.9265,E08523.1477,693.9,14.91
08-08-2026 15:57,1586,1700,100,1,1159,2744,5,0,0,62,0,4,99,55,71,124,119,-2.1,-1.1,4,265,64,61,69,38,142,264,28,60,196,192,609,587,611,610,64,90,,80826,102728,N2156.9293,E08523.1506,694.6,13.91
08-08-2026 15:57,1522,1757,100,1,1095,2555,5,0,0,62,0,3,99,64,66,138,139,-0.1,-0.3,4,322,64,61,69,39,140,260,28,60,197,192,610,589,613,613,64,90,,80826,102729,N2156.9319,E08523.1535,695.3,13.4
08-08-2026 15:57,1483,1556,99,1,1065,2518,5,0,0,62,0,3,98,69,54,114,143,4.4,-1.4,4,298,64,61,69,39,137,256,28,60,196,191,614,593,617,616,64,90,,80826,102730,N2156.9344,E08523.1564,695.9,12.97
08-08-2026 15:57,1436,1586,83,1,1044,2435,5,0,0,62,0,3,98,73,56,119,133,3.1,0.3,4,309,64,61,69,39,134,253,28,60,196,192,617,597,621,621,64,90,,80826,102731,N2156.9370,E08523.1591,696.3,12.97
08-08-2026 15:57,1401,1599,74,1,1004,2388,5,0,0,62,0,2,96,63,61,146,88,-5.6,6,4,240,64,61,69,38,115,246,28,60,196,191,621,599,624,624,64,90,,80826,102732,N2156.9396,E08523.1617,696.6,12.61
08-08-2026 15:57,1419,953,59,1,1036,2643,5,0,0,62,0,3,96,77,64,187,117,-5.7,8.3,4,185,64,61,69,39,95,229,28,60,195,191,621,592,618,621,64,90,,80826,102733,N2156.9424,E08523.1641,696.9,13.16
08-08-2026 15:57,1478,830,51,1,1140,2655,5,0,0,62,0,0,95,85,53,109,68,-0.9,7.3,4,83,64,62,69,38,51,198,28,60,195,191,614,575,603,608,64,90,,80826,102734,N2156.9455,E08523.1664,696.8,13.65
08-08-2026 15:57,1544,126,34,1,1142,2692,5,0,0,62,0,0,96,96,58,172,137,0.3,7.3,4,23,64,62,69,39,29,160,28,60,195,190,597,546,576,585,64,90,,80826,102735,N2156.9488,E08523.1684,696.6,13.85
08-08-2026 15:57,1597,130,34,1,1151,2671,5,0,0,62,0,1,98,72,61,102,118,2.7,-0.5,4,24,64,62,69,38,12,126,28,60,195,190,573,515,544,555,64,90,,80826,102736,N2156.9524,E08523.1700,696.4,13.85
08-08-2026 15:57,1585,29,32,1,1148,2721,5,0,0,62,0,0,98,58,105,163,166,-4.4,-5,4,5,64,62,69,38,10,98,28,60,195,190,545,479,507,521,64,90,,80826,102737,N2156.9561,E08523.1716,696.2,14.14
08-08-2026 15:57,1576,38,32,1,1219,2876,5,0,0,62,0,-1,101,66,88,70,117,2.5,-6.9,4,7,64,62,69,40,9,82,28,60,195,190,515,447,474,489,64,90,,80826,102738,N2156.9596,E08523.1735,695.7,14.54
08-08-2026 15:57,1595,80,33,1,1233,2879,5,0,0,62,0,-2,98,57,98,139,102,-7.8,-0.4,4,3,64,62,69,40,9,69,28,60,195,190,481,417,443,459,64,90,,80826,102739,N2156.9631,E08523.1758,695.5,14.67
08-08-2026 15:57,1611,59,34,1,1214,2860,5,0,0,62,0,4,99,59,55,195,122,-6.9,7.7,4,10,64,62,69,40,8,62,28,60,195,190,452,391,415,431,64,90,,80826,102740,N2156.9665,E08523.1784,695.5,14.53
08-08-2026 15:57,1648,0,20,1,1147,2544,5,0,0,62,0,4,99,86,53,129,167,7.1,-0.5,4,0,64,62,69,40,7,57,28,60,195,189,424,365,388,405,64,90,,80826,102741,N2156.9698,E08523.1811,695.3,14.53
08-08-2026 15:57,1608,0,18,1,1187,2997,6,0,0,62,0,0,95,67,78,153,92,-7.2,5,4,0,64,62,69,39,9,55,28,60,195,189,399,340,363,380,64,90,,80826,102742,N2156.9731,E08523.1838,695.2,14.58
08-08-2026 15:57,1517,0,0,0,1216,2919,6,0,0,62,0,-1,96,123,70,102,136,8.7,1.9,4,0,64,62,69,37,8,46,28,60,194,189,374,320,341,358,64,90,,80826,102743,N2156.9764,E08523.1866,695,14.84
08-08-2026 15:57,1340,0,12,1,1275,3112,6,0,0,62,0,-1,95,60,65,71,110,3.4,-4.4,4,0,64,62,69,38,5,45,28,60,194,189,352,303,322,339,64,90,,80826,102744,N2156.9797,E08523.1896,694.9,15.71
08-08-2026 15:57,1347,0,17,1,1325,3108,6,0,0,62,0,5,100,74,68,164,195,3.7,-2.5,4,0,64,62,69,39,5,47,28,60,194,189,333,286,305,321,64,90,,80826,102745,N2156.9831,E08523.1930,694.8,16.34
08-08-2026 15:57,1339,0,0,1,1227,3282,5,0,0,62,0,-6,95,74,91,28,29,-1.6,-1.8,4,0,64,62,69,39,8,46,28,60,194,189,315,276,291,306,64,90,,80826,102746,N2156.9864,E08523.1967,694.3,16.34
08-08-2026 15:57,1476,513,38,1,1310,3518,5,0,48,62,0,-6,92,104,101,140,195,5.8,-5.2,4,0,64,62,69,40,9,57,28,60,194,189,305,276,289,302,64,90,,80826,102747,N2156.9897,E08523.2004,693.8,16.66
08-08-2026 15:57,1823,963,14,0,1373,2931,4,0,21,62,0,-1,94,69,71,106,103,-0.5,0.1,4,141,64,62,69,50,12,75,28,60,194,188,299,279,289,299,64,90,,80826,102748,N2156.9927,E08523.2041,693.5,15.37
08-08-2026 15:57,2088,0,8,1,1197,2843,4,0,21,62,0,-1,95,76,73,138,83,-5.2,5.8,4,0,64,62,69,49,12,85,28,60,194,188,295,269,281,292,64,90,,80826,102749,N2156.9954,E08523.2074,693.4,14.57
08-08-2026 15:57,2084,0,8,1,1128,2676,4,0,21,62,0,3,102,85,76,119,144,3.4,-1.6,4,0,64,62,69,45,13,89,28,60,207,206,287,255,268,279,64,90,,80826,102750,N2156.9980,E08523.2107,693.4,13.78
08-08-2026 15:57,1923,0,6,1,1064,2555,4,0,0,62,0,-3,97,81,67,100,91,0.5,2.3,4,0,64,62,69,45,10,88,28,60,207,205,276,243,254,266,64,90,,80826,102751,N2157.0005,E08523.2136,693.3,13.78
08-08-2026 15:57,1918,0,8,1,1063,2449,4,0,0,62,0,1,101,112,56,146,151,6.1,5.1,4,0,64,62,69,43,11,84,28,60,206,204,263,230,241,253,64,90,,80826,102752,N2157.0031,E08523.2163,693.2,12.31
08-08-2026 15:57,1822,0,10,1,974,2322,4,0,0,63,0,-5,96,94,64,161,37,-9.4,15.4,4,0,64,62,69,42,10,75,28,60,206,203,252,220,230,241,65,90,,80826,102753,N2157.0058,E08523.2183,693.1,11.85
08-08-2026 15:57,1742,0,23,1,964,2164,4,0,0,63,0,0,98,111,58,194,78,-6.3,16.9,4,0,64,62,69,40,9,67,28,60,205,203,241,215,221,231,65,90,,80826,102754,N2157.0088,E08523.2194,693.1,11.16
08-08-2026 15:57,1725,928,69,1,909,2173,4,0,0,64,0,-2,93,99,53,192,34,-11.2,20.4,4,218,64,62,69,38,41,76,28,60,205,201,240,250,243,245,65,90,,80826,102755,N2157.0118,E08523.2194,693,11.21
08-08-2026 15:57,1657,1855,100,1,952,2246,4,0,0,64,0,2,95,96,37,195,74,-6.2,18,4,310,64,62,69,38,77,107,28,60,205,201,265,311,295,289,65,90,,80826,102756,N2157.0148,E08523.2182,692.6,11.21
08-08-2026 15:57,1671,1644,100,1,944,2201,4,0,0,64,0,-1,93,102,40,195,45,-8.8,21.2,4,265,64,62,69,40,124,150,28,60,205,201,309,369,352,340,65,90,,80826,102757,N2157.0174,E08523.2165,692.8,11.19
08-08-2026 15:57,1732,1827,100,1,954,2171,4,0,0,64,0,0,94,102,37,194,48,-8.1,21.1,4,292,64,62,70,39,135,194,28,60,204,201,357,416,402,386,65,90,,80826,102758,N2157.0191,E08523.2137,692.9,10.88
08-08-2026 15:57,1726,1824,100,1,953,2260,4,0,0,64,0,8,96,85,37,138,132,4.2,5.4,4,296,64,62,70,39,140,228,28,60,204,201,401,451,441,425,65,90,,80826,102759,N2157.0200,E08523.2104,692.8,10.98
08-08-2026 15:58,1710,1616,100,1,911,2225,4,0,0,64,0,4,97,73,55,114,152,5.6,-2,4,263,64,62,70,39,141,254,28,60,203,200,438,479,472,455,65,90,,80826,102800,N2157.0204,E08523.2069,692.6,10.99
08-08-2026 15:58,1742,1614,100,1,946,2232,4,0,0,64,0,6,101,68,63,106,166,6.5,-5.5,4,290,64,62,70,40,141,274,28,61,203,200,470,500,497,482,65,90,,80826,102801,N2157.0204,E08523.2034,692.7,10.99
08-08-2026 15:58,1749,1816,100,1,959,2263,4,0,0,64,0,4,100,57,68,76,171,8.4,-10.6,4,287,64,62,70,40,143,289,28,61,203,200,495,518,518,504,65,90,,80826,102802,N2157.0203,E08523.1999,692.9,11.14
08-08-2026 15:58,1755,1814,100,1,945,2270,4,0,0,64,0,4,101,47,81,121,153,-0.2,-6.6,4,293,64,62,70,39,144,294,28,61,203,199,516,533,537,523,65,90,,80826,102803,N2157.0203,E08523.1965,693.1,11.12
08-08-2026 15:58,1705,1633,100,1,928,2197,4,0,0,64,0,3,99,40,85,122,124,-4.3,-4.7,4,266,64,62,70,38,143,296,28,61,203,199,533,543,550,538,65,90,,80826,102804,N2157.0202,E08523.1930,693.4,10.84
08-08-2026 15:58,1651,1670,100,1,881,2072,4,0,0,64,0,5,99,49,76,124,140,-1.1,-4.3,4,283,64,62,70,38,142,295,28,61,203,199,547,551,560,550,65,90,,80826,102805,N2157.0204,E08523.1898,693.6,10.66
08-08-2026 15:58,1607,1675,100,1,862,2041,4,0,0,64,0,4,97,51,71,116,147,1.1,-5.1,4,293,64,62,70,39,140,293,28,61,203,198,558,558,570,560,65,90,,80826,102806,N2157.0206,E08523.1866,693.8,10.66
08-08-2026 15:58,1587,1687,100,1,866,2069,4,0,0,64,0,4,97,53,71,114,147,1.5,-5.1,4,296,64,62,70,39,139,291,28,61,202,198,568,564,578,569,65,90,,80826,102807,N2157.0207,E08523.1836,693.6,10.35
08-08-2026 15:58,1594,1677,100,1,889,2095,4,0,0,64,0,4,97,56,71,111,155,2.9,-5.9,4,281,64,62,70,38,141,292,28,61,202,198,577,570,585,577,65,90,,80826,102808,N2157.0210,E08523.1804,693.8,10.48
08-08-2026 15:58,1653,1650,100,1,904,2131,4,0,0,64,0,4,98,60,71,98,162,5.3,-7.5,4,276,64,62,70,37,143,292,28,61,202,198,585,575,591,585,65,90,,80826,102809,N2157.0214,E08523.1772,694.1,10.76
08-08-2026 15:58,1689,1837,100,1,941,2204,4,0,0,64,0,4,98,46,79,108,134,-0.7,-5.9,4,300,64,62,70,39,145,294,28,61,201,198,591,579,596,591,64,90,,80826,102810,N2157.0219,E08523.1740,694.3,11.11
08-08-2026 15:58,1727,1816,100,1,951,2244,4,0,0,64,0,5,99,54,72,112,159,2.9,-6.5,4,291,64,62,70,40,146,294,28,61,201,197,595,581,601,596,64,90,,80826,102811,N2157.0225,E08523.1706,694.6,11.11
08-08-2026 15:58,1759,1814,100,1,960,2260,4,0,0,64,0,4,99,58,71,74,175,8.8,-11.4,4,285,64,62,70,40,148,297,28,61,201,197,600,583,604,599,64,90,,80826,102812,N2157.0234,E08523.1672,694.9,11.54
08-08-2026 15:58,1766,1818,100,1,968,2277,4,0,0,64,0,3,99,47,84,106,157,1.4,-8.8,4,286,64,62,70,40,148,296,28,61,201,197,603,585,607,602,64,90,,80826,102813,N2157.0244,E08523.1639,695.1,11.51
08-08-2026 15:58,1773,1791,100,1,970,2293,4,0,0,64,0,4,98,53,68,96,160,4.9,-7.9,4,283,64,62,70,40,147,295,28,61,201,197,605,586,609,605,64,91,,80826,102814,N2157.0258,E08523.1606,695.7,11.65
08-08-2026 15:58,1774,1813,100,1,967,2286,4,0,0,63,0,3,99,51,78,117,153,0.9,-6.3,4,283,65,62,70,40,149,299,28,61,201,197,607,587,610,607,64,90,,80826,102815,N2157.0273,E08523.1574,696.1,11.48
08-08-2026 15:58,1765,1813,100,1,948,2267,4,0,0,63,0,5,99,52,66,113,138,1.1,-3.9,4,286,65,62,70,39,149,295,28,61,201,196,610,588,611,608,64,90,,80826,102816,N2157.0290,E08523.1544,696.5,11.48
08-08-2026 15:58,1695,1637,100,1,917,2199,4,0,0,63,0,5,99,55,68,86,195,9.6,-12.2,4,270,65,62,70,38,148,292,28,61,200,196,611,588,612,609,64,90,,80826,102817,N2157.0309,E08523.1514,697.1,11.17
08-08-2026 15:58,1664,1653,100,1,868,2034,4,0,0,63,0,5,99,69,51,93,178,10.3,-6.7,4,309,65,62,70,38,145,288,28,61,200,196,611,588,612,610,64,90,,80826,102818,N2157.0330,E08523.1489,697.5,10.92
08-08-2026 15:58,1633,1658,100,1,864,2041,4,0,0,63,0,4,97,61,54,74,185,11.8,-10.4,4,283,65,62,70,39,145,285,27,61,200,195,612,589,613,612,64,90,,80826,102819,N2157.0352,E08523.1466,697.8,10.5
08-08-2026 15:58,1582,1708,100,1,859,2003,4,0,0,63,0,5,98,59,70,126,145,0.8,-3,4,266,65,62,70,39,143,280,27,61,200,195,614,590,614,614,64,90,,80826,102820,N2157.0374,E08523.1445,698.1,10.22
08-08-2026 15:58,1532,1764,100,1,837,1991,4,0,0,63,0,6,99,49,70,117,150,1.2,-5.4,4,321,65,62,70,39,143,278,27,61,200,195,616,592,617,616,64,90,,80826,102821,N2157.0396,E08523.1425,698.4,10.22
08-08-2026 15:58,1457,1570,100,1,778,1845,4,0,0,63,0,4,99,56,63,106,164,5.1,-6.5,4,303,65,62,70,38,138,273,27,61,200,195,618,596,620,620,64,90,,80826,102822,N2157.0417,E08523.1406,698.7,9.53
08-08-2026 15:58,1383,1392,100,1,734,1765,4,0,0,63,0,6,99,52,61,103,156,4.4,-6.2,4,282,65,62,70,38,133,268,27,61,200,195,622,601,625,625,64,90,,80826,102823,N2157.0437,E08523.1388,699,9.02
08-08-2026 15:58,1303,1365,98,1,664,1604,3,0,0,63,0,1,98,70,76,90,147,5.1,-6.3,4,328,65,63,70,37,124,263,27,61,199,195,627,607,630,630,64,90,,80826,102824,N2157.0456,E08523.1370,699.3,8.43
08-08-2026 15:58,1548,1634,100,1,594,1425,3,0,0,63,0,9,99,30,68,122,157,-0.3,-7.3,4,284,65,63,70,38,130,255,27,61,199,194,631,611,634,634,64,90,,80826,102825,N2157.0472,E08523.1354,699.6,7.29
08-08-2026 15:58,1416,1384,100,1,583,1349,3,0,0,63,0,9,98,41,61,162,95,-8.7,4.7,4,320,65,63,70,38,133,249,27,61,199,194,635,616,638,638,64,90,,80826,102826,N2157.0488,E08523.1339,699.8,7.29
08-08-2026 15:58,1364,1619,100,1,537,1295,3,0,0,63,0,7,99,38,75,149,129,-5.7,-1.7,4,331,65,63,71,37,129,249,27,61,199,194,640,622,643,643,64,90,,80826,102827,N2157.0503,E08523.1326,700.1,6.61
08-08-2026 15:58,1310,1607,98,1,522,1236,2,0,0,63,0,3,98,61,68,133,126,-1.4,0,4,293,65,63,71,36,122,249,27,61,198,194,644,626,647,647,64,90,,80826,102828,N2157.0517,E08523.1313,700.3,6.34
08-08-2026 15:58,1481,1664,100,1,453,1106,2,0,0,63,0,10,98,48,49,127,129,0.1,-0.3,4,300,65,63,71,39,138,252,27,61,198,194,648,629,651,652,64,90,,80826,102829,N2157.0531,E08523.1302,700.5,5.7
08-08-2026 15:58,1519,1545,100,1,481,1118,2,0,0,63,0,9,98,49,54,127,147,1.5,-2.5,4,298,65,63,71,39,142,255,27,61,198,193,651,630,652,653,64,90,,80826,102830,N2157.0543,E08523.1291,700.9,5.61
08-08-2026 15:58,1588,1675,100,1,462,1161,2,0,0,63,0,8,98,53,56,128,133,0.2,-0.8,4,291,65,63,71,38,146,262,27,61,198,193,652,628,651,653,64,90,,80826,102831,N2157.0556,E08523.1280,701.3,5.61
08-08-2026 15:58,1630,1676,100,1,500,1163,2,0,0,63,0,8,98,50,58,131,138,-0.1,-1.5,4,312,65,63,71,38,147,268,27,61,198,193,652,625,649,652,64,90,,80826,102832,N2157.0569,E08523.1268,701.7,5.83
08-08-2026 15:58,1676,1630,100,1,510,1205,2,0,0,63,0,8,98,51,57,129,139,0.4,-1.6,4,269,65,63,71,37,149,271,27,61,198,193,649,622,647,650,64,90,,80826,102833,N2157.0582,E08523.1258,702.1,5.96
08-08-2026 15:58,1698,1639,100,1,518,1213,2,0,0,63,0,7,98,55,57,129,141,1,-1.4,4,294,65,63,71,38,150,277,27,61,198,192,647,618,645,647,64,90,,80826,102834,N2157.0596,E08523.1247,702.5,6.13
08-08-2026 15:58,1739,1819,100,1,524,1257,2,0,0,63,0,7,98,55,58,129,140,0.8,-1.4,4,290,65,63,71,40,150,279,27,61,198,192,644,616,642,645,64,90,,80826,102835,N2157.0609,E08523.1235,703,6.24
08-08-2026 15:58,1772,1813,100,1,538,1260,2,0,0,63,0,7,98,54,58,132,139,0.3,-1.1,4,281,65,63,71,40,153,285,27,61,197,192,642,613,640,642,64,90,,80826,102836,N2157.0623,E08523.1223,703.4,6.24
08-08-2026 15:58,1799,1787,100,1,540,1281,2,0,0,63,0,7,99,55,56,124,142,1.7,-1.9,4,276,65,63,71,40,153,288,27,61,197,192,640,611,638,640,64,90,,80826,102837,N2157.0637,E08523.1212,704,6.45
08-08-2026 15:58,1798,1798,100,1,542,1269,2,0,0,63,0,7,99,63,53,112,163,6.1,-4.1,4,276,65,63,71,40,155,284,27,61,197,192,637,609,636,636,64,90,,80826,102838,N2157.0653,E08523.1201,704.2,6.59
08-08-2026 15:58,1832,1998,100,1,544,1286,2,0,0,63,0,8,99,60,52,118,156,4.6,-3,4,272,65,63,71,41,154,285,27,61,197,192,636,608,634,635,64,90,,80826,102839,N2157.0669,E08523.1191,704.7,6.61
08-08-2026 15:58,1833,1796,100,1,546,1309,2,0,0,63,0,8,99,58,49,96,157,7,-5.2,4,272,65,63,71,40,155,285,27,61,197,192,634,607,633,632,64,90,,80826,102840,N2157.0686,E08523.1182,704.9,6.54
08-08-2026 15:58,1803,1809,100,1,557,1309,2,0,0,63,0,8,99,54,57,100,161,5.8,-6.4,4,276,65,63,71,41,156,284,27,61,197,191,632,605,632,630,64,90,,80826,102841,N2157.0703,E08523.1174,705,6.54
08-08-2026 15:58,1838,1798,100,1,540,1267,2,0,0,63,0,7,99,52,57,118,141,1.8,-2.8,4,271,65,63,71,40,154,288,27,61,197,191,632,605,631,629,64,90,,80826,102843,N2157.0739,E08523.1160,705.2,6.65
08-08-2026 15:58,1813,1797,100,1,543,1288,2,0,0,63,0,8,99,61,50,112,158,5.7,-3.5,4,275,65,63,71,40,155,289,27,61,197,191,630,604,630,628,64,90,,80826,102844,N2157.0757,E08523.1155,705.4,6.41
08-08-2026 15:58,1813,1796,100,1,541,1272,2,0,0,63,0,7,98,51,65,127,145,0.4,-3.2,4,275,65,64,71,40,156,289,27,61,197,191,630,604,629,626,64,90,,80826,102845,N2157.0776,E08523.1150,705.5,6.43
08-08-2026 15:58,1809,1798,100,1,552,1298,2,0,0,63,0,8,99,47,62,147,114,-4.8,1.8,4,274,65,64,71,41,156,285,27,61,197,190,630,604,629,626,64,90,,80826,102846,N2157.0794,E08523.1147,705.6,6.52
08-08-2026 15:58,1838,1794,100,1,547,1290,2,0,0,63,0,8,99,53,58,141,134,-1.2,0.2,4,299,65,64,71,41,156,284,27,61,196,190,630,604,629,626,64,90,,80826,102846,N2157.0794,E08523.1147,705.6,6.52
08-08-2026 15:58,1847,2000,100,1,554,1302,2,0,0,63,0,8,100,56,48,111,152,4.9,-3.3,4,301,65,64,71,40,157,286,27,61,196,190,629,604,629,624,64,90,,80826,102847,N2157.0813,E08523.1144,706,6.55
08-08-2026 15:58,1827,1791,100,1,544,1274,2,0,0,63,0,9,99,57,44,139,140,1.4,1.2,4,271,65,64,71,40,156,282,27,61,196,190,629,604,629,625,64,90,,80826,102849,N2157.0852,E08523.1142,706.9,6.54
08-08-2026 15:58,1790,1807,100,1,537,1272,2,0,0,63,0,8,99,60,49,103,162,7,-4.8,4,281,65,64,71,39,157,279,27,61,196,190,629,604,628,624,64,90,,80826,102850,N2157.0871,E08523.1143,707.4,6.39
08-08-2026 15:58,1758,1615,100,1,535,1253,2,0,0,63,0,8,99,69,41,108,162,8.2,-2.6,4,286,65,64,71,39,154,281,27,61,195,190,629,603,628,624,64,90,,80826,102851,N2157.0889,E08523.1145,707.8,6.38
08-08-2026 15:58,1773,1813,100,1,529,1267,2,0,0,63,0,7,100,67,48,106,156,6.9,-3.1,4,283,65,64,71,39,154,274,27,61,195,190,629,604,628,625,64,90,,80826,102851,N2157.0889,E08523.1145,707.8,6.28
08-08-2026 15:58,1795,1805,100,1,537,1272,2,0,0,63,0,8,100,55,55,121,154,3.3,-3.3,4,278,65,64,71,39,154,273,27,61,195,190,629,604,628,624,64,90,,80826,102853,N2157.0922,E08523.1155,707.8,6.31
08-08-2026 15:58,1804,1799,100,1,541,1298,2,0,0,63,0,7,99,54,57,145,121,-2.7,2.1,4,276,65,64,72,39,156,273,27,61,195,189,629,605,628,625,64,90,,80826,102854,N2157.0939,E08523.1161,708.2,6.62
08-08-2026 15:58,1826,1993,100,1,561,1316,2,0,0,63,0,7,99,50,61,144,124,-3.1,0.9,4,268,65,64,72,41,158,277,27,61,195,189,629,605,629,626,64,90,,80826,102854,N2157.0939,E08523.1161,708.2,6.59
08-08-2026 15:58,1861,1786,100,1,558,1326,2,0,0,63,0,8,99,60,52,124,146,3,-1.4,4,267,65,64,72,41,158,280,27,61,195,189,630,605,629,625,64,90,,80826,102856,N2157.0975,E08523.1174,708.6,6.61
08-08-2026 15:58,1852,1795,100,1,561,1312,2,0,0,63,0,7,100,64,51,122,155,4.6,-2,4,289,65,64,72,41,158,282,27,61,195,189,630,605,630,625,64,90,,80826,102856,N2157.0975,E08523.1174,708.6,6.82
08-08-2026 15:58,1893,1973,100,1,561,1333,2,0,0,63,0,7,100,66,47,122,143,4,-0.2,4,289,65,64,72,41,159,282,27,61,195,189,630,605,630,625,64,90,,80826,102858,N2157.1013,E08523.1188,708.9,6.83
08-08-2026 15:58,1897,1753,100,1,571,1345,2,0,0,63,0,7,99,63,52,108,159,6.2,-4,4,258,65,64,72,41,160,283,27,61,195,189,631,607,630,624,64,90,,80826,102859,N2157.1030,E08523.1196,709.1,6.75
08-08-2026 15:58,1902,1760,100,1,572,1354,2,0,0,63,0,7,99,63,50,101,163,7.5,-4.9,4,257,65,64,72,41,161,284,27,61,195,189,631,607,631,624,64,90,,80826,102900,N2157.1048,E08523.1204,709.2,6.7
08-08-2026 15:59,1904,1761,100,1,570,1345,2,0,0,63,0,6,99,63,50,118,148,4.3,-1.7,4,261,65,64,72,41,162,282,27,61,194,189,632,607,631,624,64,90,,80826,102901,N2157.1066,E08523.1213,709.4,6.66
08-08-2026 15:59,1902,1750,100,1,569,1340,2,0,0,63,0,7,99,63,51,103,167,7.6,-5.2,4,255,65,64,72,41,161,282,27,61,194,188,632,607,631,623,64,90,,80826,102901,N2157.1066,E08523.1213,709.4,6.66
08-08-2026 15:59,1921,1942,100,1,591,1380,2,0,0,63,0,6,98,60,54,110,147,4.3,-3.1,4,277,65,64,72,42,155,279,27,61,194,188,631,607,630,623,64,90,,80826,102903,N2157.1101,E08523.1233,709.5,6.94
08-08-2026 15:59,1991,1775,50,1,596,1399,2,0,0,63,0,4,97,59,69,112,146,2.4,-4.4,4,247,65,64,72,42,153,272,27,61,194,187,630,603,626,620,64,90,,80826,102904,N2157.1119,E08523.1245,709.6,7.18
08-08-2026 15:59,1717,1679,100,0,603,1411,3,0,0,63,0,4,97,63,64,97,157,5.9,-6.1,4,277,65,64,72,38,130,252,27,61,194,187,626,601,621,617,64,90,,80826,102905,N2157.1136,E08523.1257,709.7,7.39
08-08-2026 15:59,1653,1649,100,1,666,1571,3,0,0,63,0,5,98,58,67,131,143,0.3,-2.1,4,275,65,64,72,39,149,247,27,61,194,187,625,604,623,618,64,90,,80826,102906,N2157.1155,E08523.1270,710,7.71
08-08-2026 15:59,1676,1642,100,1,686,1614,3,0,0,63,0,5,100,48,68,119,139,0,-4,4,304,65,64,72,38,152,249,27,62,194,187,627,607,626,622,65,90,,80826,102906,N2157.1155,E08523.1270,710,7.91
08-08-2026 15:59,1671,1642,100,1,672,1569,3,0,0,63,0,5,99,58,66,132,137,-0.3,-1.3,4,272,65,65,72,38,152,252,27,62,194,187,629,608,629,626,65,90,,80826,102908,N2157.1190,E08523.1296,710.7,7.92
08-08-2026 15:59,1677,1844,100,1,671,1595,3,0,0,63,0,7,99,52,62,131,135,-0.6,-1.4,4,279,65,65,72,38,153,255,27,62,194,187,630,608,630,627,65,90,,80826,102909,N2157.1207,E08523.1309,711.1,7.52
08-08-2026 15:59,1600,1703,100,1,638,1479,3,0,0,63,0,6,98,52,65,149,121,-4.1,1.5,4,297,65,65,72,39,149,256,27,62,194,187,632,609,631,629,65,90,,80826,102910,N2157.1222,E08523.1321,711.4,7.29
08-08-2026 15:59,1517,1751,100,1,600,1430,3,0,0,63,0,7,99,56,56,117,146,2.9,-2.9,4,334,65,65,72,38,147,254,27,62,194,187,633,610,633,632,65,90,,80826,102911,N2157.1237,E08523.1333,711.6,6.97
08-08-2026 15:59,1423,1606,100,1,570,1321,3,0,0,63,0,7,98,60,53,127,141,2.1,-0.7,4,316,65,65,72,37,140,253,27,62,194,187,635,614,637,636,65,90,,80826,102912,N2157.1252,E08523.1344,711.8,6.7
08-08-2026 15:59,1378,1389,100,1,550,1288,3,0,0,63,0,7,98,57,57,121,150,2.9,-2.9,4,326,65,65,72,37,139,252,27,62,193,186,639,620,642,642,65,90,,80826,102913,N2157.1267,E08523.1355,712.2,6.5
08-08-2026 15:59,1354,1623,100,1,550,1302,3,0,0,63,0,5,98,57,59,116,129,1.1,-1.5,4,333,65,65,72,37,134,251,27,62,193,186,644,626,649,648,65,90,,80826,102914,N2157.1282,E08523.1366,712.4,6.4
08-08-2026 15:59,1354,1632,100,1,563,1321,3,0,0,63,0,6,98,59,58,120,150,3.1,-2.9,4,326,65,65,72,37,136,251,27,62,193,186,650,632,655,653,65,90,,80826,102915,N2157.1297,E08523.1376,712.8,6.57
08-08-2026 15:59,1395,1602,100,1,582,1354,3,0,0,63,0,6,98,58,62,141,138,-0.7,-0.1,4,316,65,65,73,38,141,252,27,62,193,186,655,637,660,659,65,90,,80826,102916,N2157.1313,E08523.1387,713,6.49
08-08-2026 15:59,1451,1545,100,1,594,1375,3,0,0,63,0,4,98,57,64,103,134,2.4,-3.8,4,291,65,65,73,39,144,254,27,62,192,186,660,640,664,663,65,90,,80826,102916,N2157.1313,E08523.1387,713,6.72
08-08-2026 15:59,1528,1500,100,1,637,1482,3,0,0,63,0,4,98,69,52,107,171,8.1,-4.7,4,271,65,65,73,39,146,258,27,62,192,186,663,641,664,664,65,90,,80826,102918,N2157.1346,E08523.1408,713.5,6.99
08-08-2026 15:59,1614,1657,100,1,657,1545,3,0,0,63,0,6,98,63,55,103,155,6,-4.4,4,281,65,65,73,39,151,262,27,62,192,186,666,639,663,664,65,90,,80826,102919,N2157.1364,E08523.1418,713.8,7.32
08-08-2026 15:59,1679,1620,100,1,679,1661,3,0,0,63,0,5,98,62,62,104,159,5.5,-5.5,4,266,65,65,73,38,153,267,27,62,192,186,663,636,661,663,65,90,,80826,102920,N2157.1384,E08523.1428,713.9,7.65
08-08-2026 15:59,1762,1806,93,1,727,1699,3,0,0,63,0,5,99,62,62,101,159,5.8,-5.8,4,278,65,65,73,39,156,271,27,62,192,186,661,632,659,660,65,90,,80826,102921,N2157.1406,E08523.1438,714.1,8.22
08-08-2026 15:59,1875,1771,79,1,785,1845,3,0,0,63,0,4,98,51,73,131,130,-2.3,-2.1,4,260,65,65,73,41,154,277,27,62,192,186,658,628,656,657,65,90,,80826,102922,N2157.1429,E08523.1448,714.2,8.74
08-08-2026 15:59,1961,1407,75,1,803,1885,3,0,0,63,0,3,98,52,79,134,121,-4,-1.4,4,217,65,65,73,42,144,277,27,62,192,186,653,621,648,650,65,90,,80826,102923,N2157.1454,E08523.1458,714.2,9.22
08-08-2026 15:59,1916,275,41,0,830,1935,4,0,0,63,0,4,98,55,76,133,140,-1.4,-2.8,4,39,65,65,73,38,107,251,27,62,192,185,644,604,631,636,65,90,,80826,102924,N2157.1480,E08523.1467,714.3,9.57
08-08-2026 15:59,1734,1428,73,1,840,1987,4,0,0,63,0,2,98,74,68,109,147,4.4,-3.2,4,210,65,65,73,39,110,222,27,62,192,185,634,600,623,627,65,90,,80826,102925,N2157.1507,E08523.1477,714.3,10.32
08-08-2026 15:59,1626,1184,68,1,919,2147,4,0,0,63,0,3,99,59,75,124,134,-0.6,-2.6,4,200,65,65,73,38,105,208,27,62,192,185,629,597,620,623,65,90,,80826,102926,N2157.1535,E08523.1486,714.2,10.32
08-08-2026 15:59,1680,1227,65,1,925,2171,4,0,0,63,0,2,99,63,78,119,136,0.2,-3.2,4,120,65,65,73,37,86,192,27,62,192,184,622,586,611,613,65,90,,80826,102927,N2157.1564,E08523.1495,714.3,10.8
08-08-2026 15:59,1669,318,41,1,877,2098,4,0,0,63,0,0,100,53,90,136,108,-6.5,-0.9,4,53,65,66,73,37,32,162,27,62,191,184,607,561,588,594,65,90,,80826,102928,N2157.1593,E08523.1505,714.5,10.94
08-08-2026 15:59,1597,215,35,1,852,2034,4,0,0,63,0,0,99,69,78,124,130,-0.3,-1.5,4,3,65,66,73,38,20,130,27,62,191,184,585,530,557,566,65,90,,80826,102929,N2157.1622,E08523.1518,714.7,10.76
08-08-2026 15:59,1568,726,54,1,833,1991,4,0,0,63,0,2,98,65,66,144,112,-3.3,3.1,4,129,65,66,73,39,42,110,27,62,191,184,561,519,539,546,65,90,,80826,102930,N2157.1650,E08523.1530,715.1,10.59
08-08-2026 15:59,1569,1343,81,1,861,2020,4,0,0,63,0,1,98,77,65,160,106,-4.2,6.6,4,184,65,66,73,39,73,117,27,62,191,184,553,536,550,553,65,90,,80826,102931,N2157.1679,E08523.1539,715.3,10.13
08-08-2026 15:59,1613,751,52,1,863,2029,4,0,0,63,0,-5,98,95,93,181,64,-11.5,11.9,4,129,65,66,73,38,61,126,27,62,191,184,559,546,558,560,65,90,,80826,102932,N2157.1707,E08523.1543,715.5,10.54
08-08-2026 15:59,1607,844,55,1,900,2147,4,0,0,63,0,-1,94,80,49,180,30,-11.9,18.1,4,299,65,66,73,38,79,129,27,62,191,184,562,552,561,563,65,90,,80826,102933,N2157.1736,E08523.1539,715.6,10.33
08-08-2026 15:59,1604,1663,100,1,909,2053,4,0,0,63,0,0,90,101,41,136,47,-2.9,14.9,4,285,65,66,73,38,114,150,27,62,191,184,571,571,577,576,65,90,,80826,102934,N2157.1764,E08523.1530,715.6,10.01
08-08-2026 15:59,1684,1830,100,1,905,2124,4,0,0,63,0,10,91,88,35,195,125,-1.7,12.3,4,303,65,66,73,38,146,178,27,62,190,184,586,587,595,591,65,90,,80826,102935,N2157.1789,E08523.1516,715.7,9.21
08-08-2026 15:59,1633,1719,100,1,856,2036,4,0,0,63,0,6,97,72,43,126,81,-1.6,7.4,4,297,65,66,73,38,150,202,27,62,190,184,599,597,607,604,65,90,,80826,102936,N2157.1810,E08523.1500,716,9.21
08-08-2026 15:59,1476,1582,100,1,694,1685,4,0,0,63,0,6,100,77,56,128,181,7.4,-3.2,4,310,65,66,74,35,134,220,27,62,190,184,610,604,616,613,65,90,,80826,102937,N2157.1827,E08523.1482,716.2,8.65
08-08-2026 15:59,1278,1579,98,1,651,1567,2,0,0,63,0,1,99,61,74,116,82,-4.7,2.1,4,349,65,66,74,33,120,236,27,62,190,183,618,610,624,621,65,90,,80826,102938,N2157.1844,E08523.1462,716.5,8.39
08-08-2026 15:59,1451,913,100,1,533,1205,2,0,0,63,0,10,97,46,48,181,145,-3.8,3.4,4,165,65,66,74,38,113,235,27,62,190,183,624,612,626,623,65,90,,80826,102939,N2157.1856,E08523.1444,716.8,9.32
08-08-2026 15:59,1685,1816,100,1,487,1163,2,0,0,63,0,8,98,50,50,129,111,-1.8,1.8,4,278,65,66,74,38,135,231,27,62,190,183,629,619,633,630,65,90,,80826,102940,N2157.1867,E08523.1428,717.2,6.07
08-08-2026 15:59,1638,1678,100,1,482,1130,2,0,0,63,0,8,96,58,51,147,140,0,1.4,4,285,65,66,74,39,148,236,27,62,190,183,636,623,638,636,65,90,,80826,102941,N2157.1878,E08523.1414,717.7,5.27
08-08-2026 15:59,1627,1671,100,1,486,1137,2,0,0,63,0,9,98,52,52,128,124,-0.4,0.4,4,282,65,66,74,39,149,246,27,62,190,183,640,623,641,639,65,90,,80826,102942,N2157.1885,E08523.1398,718.3,5.24
08-08-2026 15:59,1630,1671,100,1,490,1146,2,0,0,63,0,7,98,54,57,132,146,1.1,-1.7,4,283,65,66,74,39,150,255,27,62,190,183,642,623,641,640,65,90,,80826,102943,N2157.1892,E08523.1382,718.6,5.38
08-08-2026 15:59,1664,1634,100,1,498,1168,2,0,0,63,0,7,99,58,53,122,140,2.3,-1.3,4,270,65,66,74,38,151,262,27,62,190,183,643,622,642,642,65,90,,80826,102944,N2157.1899,E08523.1367,718.7,5.55
08-08-2026 15:59,1713,1634,100,1,507,1210,2,0,0,63,0,10,99,55,51,131,147,2,-1.2,4,263,65,66,74,38,153,267,27,62,190,183,643,621,642,643,65,90,,80826,102945,N2157.1907,E08523.1351,718.8,5.45
08-08-2026 15:59,1676,1855,100,1,495,1170,2,0,0,63,0,9,99,52,51,114,148,3.5,-3.3,4,308,66,66,74,38,153,269,27,62,190,183,643,619,641,642,65,90,,80826,102946,N2157.1914,E08523.1337,719.1,5.45
08-08-2026 15:59,1635,1671,100,1,492,1137,2,0,0,63,0,8,99,53,51,130,150,2.2,-1.8,4,284,65,66,74,39,153,268,27,62,190,183,642,618,640,642,65,90,,80826,102947,N2157.1922,E08523.1323,719.3,5.43
08-08-2026 15:59,1589,1694,100,1,463,1097,2,0,0,63,0,7,98,51,57,130,133,-0.3,-0.9,4,305,65,66,74,38,150,266,27,62,190,182,642,617,640,642,65,90,,80826,102948,N2157.1929,E08523.1310,719.5,5.17
08-08-2026 15:59,1539,1736,100,1,461,1066,2,0,0,63,0,8,97,48,61,147,123,-3.7,1.1,4,314,65,66,74,38,148,265,27,62,189,182,642,618,640,643,65,90,,80826,102949,N2157.1937,E08523.1296,719.9,5
08-08-2026 15:59,1522,1749,100,1,454,1076,2,0,0,63,0,7,98,44,66,168,97,-9.3,4.9,4,282,66,66,74,38,147,265,27,62,189,182,642,619,642,645,65,90,,80826,102950,N2157.1944,E08523.1282,720.4,5
08-08-2026 15:59,1522,1725,100,1,454,1080,2,0,0,63,0,8,98,45,64,167,104,-8.2,4.4,4,314,65,66,74,38,147,263,27,62,189,182,644,621,644,647,65,90,,80826,102951,N2157.1950,E08523.1268,720.7,4.84
08-08-2026 15:59,1532,1512,100,1,469,1092,2,0,0,63,0,9,99,45,60,159,109,-6.5,3.5,4,310,65,66,74,39,147,265,27,62,189,181,646,622,646,649,65,90,,80826,102952,N2157.1957,E08523.1254,721.2,5.21
08-08-2026 15:59,1531,1739,100,1,458,1076,2,0,0,63,0,8,99,49,58,171,103,-7.7,5.9,4,316,66,66,74,38,147,264,27,62,189,181,647,623,647,651,65,90,,80826,102953,N2157.1963,E08523.1238,722.1,5.07
08-08-2026 15:59,1505,1755,100,1,442,1047,2,0,0,63,0,9,99,56,52,138,143,0.9,-0.1,4,288,66,66,74,38,147,263,27,62,189,181,649,624,649,653,65,90,,80826,102954,N2157.1968,E08523.1222,722.8,5.06
08-08-2026 15:59,1470,1573,100,1,443,1047,2,0,0,63,0,9,99,65,41,126,138,3.6,1.2,4,298,66,66,75,37,145,262,27,62,189,181,651,627,651,655,65,90,,80826,102955,N2157.1972,E08523.1208,723.4,4.93
08-08-2026 15:59,1437,1582,100,1,418,993,2,0,0,63,0,8,99,61,48,104,164,7.3,-4.7,4,312,66,66,75,37,142,261,27,62,189,181,653,629,654,658,65,90,,80826,102956,N2157.1975,E08523.1195,724.2,4.93
08-08-2026 15:59,1403,1597,100,1,423,995,2,0,0,63,0,8,99,64,42,111,154,6.5,-2.1,4,317,66,66,75,36,141,260,27,62,189,181,656,634,658,661,65,90,,80826,102957,N2157.1979,E08523.1182,724.6,4.79
08-08-2026 15:59,1380,1608,100,1,411,974,2,0,0,63,0,8,98,59,49,107,161,6.4,-4.4,4,281,66,67,75,36,138,258,27,62,189,181,660,638,662,664,65,90,,80826,102958,N2157.1982,E08523.1170,725.3,4.59
08-08-2026 15:59,1357,1620,100,1,406,943,2,0,0,63,0,9,99,57,49,116,164,5.6,-4,4,332,66,67,75,35,132,257,27,62,189,181,663,642,666,668,65,90,,80826,102959,N2157.1986,E08523.1158,725.9,4.54
08-08-2026 15:59,1322,1603,98,1,390,914,1,0,0,63,0,6,99,63,54,112,145,4.2,-2.4,4,340,66,67,75,35,129,255,27,62,188,181,666,646,669,672,65,90,,80826,103000,N2157.1990,E08523.1146,726.5,4.51
08-08-2026 16:00,1578,1615,100,1,371,872,1,0,0,63,0,10,99,48,49,122,152,2.9,-3.1,4,277,66,67,75,37,149,260,27,62,188,181,670,649,672,674,65,90,,80826,103001,N2157.1994,E08523.1135,727,4.51
08-08-2026 16:00,1727,1608,100,1,369,870,1,0,0,63,0,9,98,51,51,128,149,2.1,-2.1,4,257,66,67,75,38,154,262,27,62,188,181,672,648,672,675,65,90,,80826,103002,N2157.1997,E08523.1125,727.3,3.91
08-08-2026 16:00,1779,1810,100,1,384,901,1,0,0,63,0,8,97,46,54,138,132,-1.4,-0.2,4,280,66,67,75,38,157,266,27,62,188,180,671,645,669,673,65,90,,80826,103003,N2157.2001,E08523.1114,727.7,4.13
08-08-2026 16:00,1844,1967,100,1,393,925,1,0,0,63,0,10,98,44,54,147,130,-2.7,0.7,4,294,66,67,75,39,159,272,27,62,188,180,668,639,665,668,65,90,,80826,103004,N2157.2005,E08523.1102,728.1,4.23
08-08-2026 16:00,1880,1967,100,1,401,947,1,0,0,63,0,8,97,44,62,143,124,-3.7,0.1,4,290,66,67,75,39,159,279,27,62,188,180,665,635,661,663,65,90,,80826,103005,N2157.2008,E08523.1090,728.4,4.49
08-08-2026 16:00,1932,1897,100,1,416,979,1,0,0,63,0,9,98,39,62,159,113,-6.9,2.3,4,271,66,67,75,40,159,282,27,62,187,180,661,632,656,658,65,90,,80826,103006,N2157.2011,E08523.1077,728.6,4.49
08-08-2026 16:00,1956,1900,100,1,418,984,1,0,0,63,0,7,97,42,62,168,95,-9.3,5.3,4,266,66,67,75,40,158,281,27,62,187,180,657,628,651,653,65,90,,80826,103007,N2157.2015,E08523.1063,728.8,4.58
08-08-2026 16:00,1980,1827,100,1,423,997,1,0,0,63,0,8,98,42,64,166,101,-8.7,4.3,4,256,66,67,75,41,155,279,27,62,187,180,652,623,646,647,65,90,,80826,103008,N2157.2017,E08523.1048,729,4.91
08-08-2026 16:00,2006,1764,100,1,429,1005,1,0,0,63,0,6,97,53,58,137,127,-1.5,0.5,4,242,66,67,75,42,153,276,27,62,187,180,647,620,640,642,65,90,,80826,103009,N2157.2019,E08523.1033,729.3,4.93
08-08-2026 16:00,2043,1860,100,0,449,991,2,0,0,63,0,6,98,65,57,139,123,-0.8,2.4,4,248,66,67,75,43,144,271,27,62,187,180,642,615,635,636,65,90,,80826,103010,N2157.2021,E08523.1018,729.5,4.91
08-08-2026 16:00,1858,1681,100,0,486,1168,2,0,0,63,0,5,98,60,64,142,132,-1.4,0.6,4,265,66,67,75,38,151,255,27,63,187,180,637,612,630,631,65,90,,80826,103011,N2157.2021,E08523.1003,729.7,4.91
08-08-2026 16:00,1667,1638,100,1,493,1170,2,0,0,63,0,6,98,58,55,141,113,-2.5,3.1,4,279,66,67,75,38,153,250,27,62,187,179,635,612,631,630,65,90,,80826,103012,N2157.2021,E08523.0986,730,5.74
08-08-2026 16:00,1677,1828,100,1,511,1224,2,0,0,63,0,6,98,60,56,125,135,1.4,-0.6,4,298,66,67,75,38,156,252,27,63,187,179,635,613,632,631,65,90,,80826,103013,N2157.2020,E08523.0968,730.1,6.03
08-08-2026 16:00,1766,1803,100,1,552,1283,2,0,0,63,0,4,98,64,62,135,125,-0.8,1.2,4,274,66,67,75,38,158,253,27,63,187,179,635,612,634,632,65,90,,80826,103014,N2157.2018,E08523.0949,730.3,6.32
08-08-2026 16:00,1656,1492,100,1,579,1385,3,0,0,63,0,4,98,75,58,106,148,5.9,-2.5,4,261,66,67,75,37,134,237,27,63,187,179,634,610,632,631,65,90,,80826,103015,N2157.2014,E08523.0930,730.3,6.6
08-08-2026 16:00,1519,1698,100,1,618,1394,3,0,0,63,0,6,98,71,46,98,165,9.2,-4.2,4,306,66,67,76,38,142,234,27,63,186,179,636,616,636,634,65,90,,80826,103016,N2157.2008,E08523.0910,730.2,6.6
08-08-2026 16:00,1605,1670,100,1,665,1576,3,0,0,63,0,6,99,60,57,103,153,5.3,-4.7,4,287,66,67,76,39,151,238,27,63,187,179,639,620,641,639,65,90,,80826,103017,N2157.1999,E08523.0891,730.3,7.42
08-08-2026 16:00,1654,1634,100,1,683,1588,3,0,0,63,0,6,99,50,68,111,154,2.5,-6.1,4,272,66,67,76,38,153,244,27,63,186,178,642,622,644,642,65,90,,80826,103018,N2157.1990,E08523.0871,730.4,7.93
08-08-2026 16:00,1703,1811,100,1,704,1652,3,0,0,63,0,3,98,63,63,80,170,9,-9,4,291,66,67,76,38,156,251,27,63,186,178,644,623,645,645,65,90,,80826,103019,N2157.1980,E08523.0848,730.6,8.43
08-08-2026 16:00,1811,1811,100,1,758,1774,4,0,0,63,0,3,98,57,79,122,143,-0.1,-4.3,4,71,66,67,76,39,122,255,27,63,186,178,645,616,642,642,66,90,,80826,103020,N2157.1970,E08523.0825,731,8.78
08-08-2026 16:00,1705,1681,100,0,743,1814,4,0,0,63,0,4,98,54,75,108,150,2.1,-6.3,4,285,66,67,76,38,115,231,27,63,186,178,640,612,636,637,66,90,,80826,103021,N2157.1958,E08523.0801,731.4,8.78
08-08-2026 16:00,1470,1783,100,1,782,1831,4,0,0,63,0,2,98,56,72,98,140,2.6,-5.8,4,337,66,67,76,38,135,225,27,63,186,178,640,618,640,640,66,90,,80826,103022,N2157.1946,E08523.0776,731.8,9.36
08-08-2026 16:00,1518,1514,100,1,835,1975,4,0,0,63,0,5,99,48,78,162,112,-8,2,4,307,66,67,76,38,147,229,27,63,186,178,644,624,646,645,66,90,,80826,103023,N2157.1931,E08523.0753,732.6,9.6
08-08-2026 16:00,1583,1658,100,1,847,1987,4,0,0,63,0,4,99,56,76,137,149,-0.8,-3.2,4,289,66,67,76,39,151,235,27,63,186,178,648,627,649,649,66,90,,80826,103024,N2157.1915,E08523.0729,732.7,9.86
08-08-2026 16:00,1598,1681,100,1,867,2021,4,0,0,63,0,3,100,57,69,122,117,-1.7,-0.7,4,263,66,67,76,39,151,242,27,63,186,178,651,628,650,651,66,90,,80826,103025,N2157.1897,E08523.0705,732.9,10.05
08-08-2026 16:00,1579,1698,100,1,860,2012,4,0,0,63,0,5,100,60,71,141,140,-1.2,-1,4,298,66,67,76,39,153,248,27,63,186,178,652,627,650,652,66,90,,80826,103026,N2157.1878,E08523.0682,733.1,10.05
08-08-2026 16:00,1582,1689,100,1,842,2001,4,0,0,63,0,5,100,65,61,113,145,3.6,-2.8,4,268,66,67,76,38,152,250,27,63,186,178,652,627,651,653,66,90,,80826,103027,N2157.1858,E08523.0663,732.9,10.01
08-08-2026 16:00,1538,1521,100,1,811,1918,4,0,0,63,0,5,100,59,66,114,176,5.5,-6.9,4,275,66,67,76,38,150,251,27,63,186,178,653,627,651,654,66,90,,80826,103028,N2157.1837,E08523.0643,732.8,9.83
08-08-2026 16:00,1490,1559,100,1,791,1852,4,0,0,63,0,6,100,47,65,112,136,0.6,-4.2,4,292,66,67,76,37,148,251,27,63,186,178,654,628,653,656,66,90,,80826,103029,N2157.1818,E08523.0623,733,9.52
08-08-2026 16:00,1439,1581,100,1,759,1787,4,0,0,63,0,5,99,58,70,104,168,5.2,-7.6,4,306,66,68,76,36,144,251,27,63,185,178,655,631,656,659,66,90,,80826,103030,N2157.1799,E08523.0603,733.4,9.31
08-08-2026 16:00,1385,1602,100,1,738,1762,4,0,0,63,0,5,99,46,80,136,131,-3.9,-2.9,4,327,66,68,76,35,141,253,27,63,186,177,658,635,661,662,66,90,,80826,103031,N2157.1782,E08523.0583,733.9,9.31
08-08-2026 16:00,1326,1599,98,1,734,1694,4,0,0,63,0,4,100,53,67,126,127,-1.3,-1.5,4,337,66,68,76,34,135,251,27,63,185,177,661,639,665,666,66,90,,80826,103032,N2157.1765,E08523.0564,734.3,8.66
08-08-2026 16:00,1312,1611,98,1,641,1456,3,0,0,63,0,7,100,49,50,103,161,5.7,-5.9,4,311,66,68,76,38,124,251,27,63,185,177,664,641,667,669,66,90,,80826,103033,N2157.1749,E08523.0545,734.9,7.98
08-08-2026 16:00,1570,1532,100,1,630,1543,3,0,0,63,0,7,100,56,60,108,171,5.9,-6.7,4,275,66,68,76,38,140,244,27,63,185,177,667,643,668,671,66,90,,80826,103034,N2157.1734,E08523.0528,735.4,7.22
08-08-2026 16:00,1517,1535,100,1,600,1434,3,0,0,63,0,6,99,55,54,104,147,4.4,-4.2,4,292,66,68,76,37,147,243,27,63,185,177,669,644,669,672,66,90,,80826,103035,N2157.1720,E08523.0512,735.5,7.11
08-08-2026 16:00,1439,1583,100,1,588,1368,3,0,0,63,0,6,100,63,59,144,138,-0.2,1,4,306,66,68,76,37,146,244,27,63,185,176,670,645,670,673,66,90,,80826,103036,N2157.1707,E08523.0496,735.7,7.11
08-08-2026 16:00,1433,1815,100,1,585,1366,3,0,0,63,0,6,98,48,54,90,164,6.8,-8,4,302,66,68,76,37,146,248,27,63,185,176,671,646,671,675,66,90,,80826,103037,N2157.1695,E08523.0479,736.3,7.01
08-08-2026 16:00,1447,1796,100,1,590,1463,3,0,0,63,0,6,98,65,52,114,162,6.1,-3.5,4,345,66,68,77,37,147,252,27,63,185,176,672,646,673,676,66,90,,80826,103038,N2157.1683,E08523.0462,736.7,7.06
08-08-2026 16:00,1475,1761,100,1,662,1510,3,0,0,63,0,6,97,53,52,97,121,2.5,-2.3,4,319,66,68,77,39,152,256,27,63,185,176,673,646,673,676,66,90,,80826,103039,N2157.1668,E08523.0445,737,7.35
08-08-2026 16:00,1656,1832,95,1,679,1571,3,0,0,63,0,6,98,57,65,139,149,0.2,-1.8,4,303,66,68,77,39,153,259,27,63,184,176,672,643,671,675,66,90,,80826,103040,N2157.1653,E08523.0427,737.2,7.74
08-08-2026 16:00,1742,1813,85,1,730,1734,3,0,0,63,0,3,98,60,67,120,122,-0.5,-0.9,4,286,66,68,77,37,158,261,27,63,184,176,670,640,668,672,66,90,,80826,103041,N2157.1638,E08523.0410,737.5,7.74
08-08-2026 16:00,1810,1768,89,1,756,1777,3,0,0,63,0,2,96,80,51,160,132,0.1,5.7,4,268,66,68,77,38,160,270,27,63,184,176,667,638,665,669,66,90,,80826,103042,N2157.1620,E08523.0393,737.8,8.71
08-08-2026 16:00,1921,1924,91,1,834,1929,4,0,0,63,0,1,97,80,65,158,96,-4.7,7.7,4,273,66,68,77,41,149,276,27,63,184,176,664,632,660,663,66,90,,80826,103043,N2157.1598,E08523.0378,737.9,9.18
08-08-2026 16:00,2011,1517,41,0,851,2003,4,0,0,63,0,6,98,49,56,195,64,-13.8,12.4,4,212,66,68,77,40,111,252,26,63,184,176,655,615,643,649,66,90,,80826,103044,N2157.1572,E08523.0370,738,10.01
08-08-2026 16:00,1656,552,48,1,849,2020,4,0,0,63,0,-2,98,87,60,145,102,-1.6,7,4,96,66,68,77,38,56,209,26,63,184,176,640,594,621,629,66,90,,80826,103045,N2157.1545,E08523.0365,737.7,9.92
08-08-2026 16:00,1559,549,48,1,863,1995,4,0,0,63,0,0,98,87,51,164,63,-6.5,13.7,4,104,66,68,77,39,47,171,26,63,184,176,622,574,599,609,66,90,,80826,103046,N2157.1516,E08523.0368,737.8,9.92
08-08-2026 16:00,1575,235,36,1,871,1982,4,0,0,63,0,-1,96,90,46,74,170,14,-5.2,4,40,66,68,77,39,21,138,26,63,184,176,602,550,576,586,66,90,,80826,103047,N2157.1487,E08523.0380,737.3,9.66
08-08-2026 16:00,1531,0,21,1,771,1866,4,0,0,63,0,-2,99,71,80,144,77,-7.6,5.8,4,0,66,68,77,38,16,107,26,63,184,175,579,521,546,559,66,90,,80826,103048,N2157.1463,E08523.0398,736.5,9.43
08-08-2026 16:00,1314,0,22,1,701,1493,4,0,0,64,0,-2,97,75,82,195,49,-15.3,13.9,4,0,66,68,77,30,12,82,26,63,184,175,552,493,516,530,66,90,,80826,103049,N2157.1446,E08523.0422,736.2,8.72
08-08-2026 16:00,1146,41,26,0,573,1335,3,0,0,64,0,-2,97,78,77,149,81,-6.7,6.9,4,9,66,68,77,30,9,68,26,63,184,175,526,474,492,507,66,90,,80826,103050,N2157.1433,E08523.0445,736,7.88
08-08-2026 16:00,1271,1010,95,0,567,1298,3,0,0,64,0,1,95,90,55,103,142,7.4,-0.4,4,214,66,68,77,36,23,69,26,63,184,175,509,481,493,502,66,90,,80826,103051,N2157.1425,E08523.0468,736.2,7.88
08-08-2026 16:00,1375,1160,88,1,509,1229,2,0,0,63,0,0,96,88,72,109,137,4.4,-1.2,4,218,66,68,77,38,72,92,26,63,184,175,512,511,517,520,66,90,,80826,103052,N2157.1421,E08523.0489,736.2,6.59
08-08-2026 16:00,1823,1745,76,1,584,1394,2,0,0,63,0,0,96,88,69,62,161,11.8,-8,4,152,66,68,77,40,100,125,26,63,183,175,530,540,545,544,66,90,,80826,103053,N2157.1421,E08523.0510,736.2,6.77
08-08-2026 16:00,2013,938,47,1,631,1458,2,0,0,64,0,-2,97,39,96,133,134,-5.6,-5.8,4,128,66,68,77,44,77,148,26,63,184,175,549,545,552,554,66,90,,80826,103054,N2157.1424,E08523.0533,736.1,7.34
08-08-2026 16:00,2068,851,60,0,602,1460,3,0,0,64,0,2,99,34,103,158,155,-7.2,-6.6,4,138,66,68,77,40,61,148,26,63,183,175,555,543,550,553,66,90,,80826,103055,N2157.1425,E08523.0555,736.1,7.09
08-08-2026 16:00,1680,1690,75,0,638,1413,3,0,0,64,0,0,100,53,62,80,174,8.5,-10.3,4,286,66,68,77,37,94,153,26,63,183,175,561,555,559,560,66,90,,80826,103056,N2157.1423,E08523.0578,736.4,7.15
08-08-2026 16:00,1473,794,54,1,564,1312,3,0,0,64,0,1,95,61,64,28,195,16.4,-17,4,149,66,68,77,37,104,159,26,63,183,175,570,567,570,569,66,90,,80826,103057,N2157.1416,E08523.0602,736.7,7.5
08-08-2026 16:00,1483,1754,100,1,583,1371,3,0,0,64,0,-3,89,70,100,25,195,14,-20,4,326,66,68,77,37,125,174,26,63,183,175,583,582,587,584,66,90,,80826,103058,N2157.1404,E08523.0622,736.9,7.3
08-08-2026 16:00,1359,0,28,0,492,1194,2,0,0,64,0,-4,89,66,90,127,79,-7.2,2.4,4,0,66,68,77,34,41,163,26,63,183,175,592,574,585,585,66,90,,80826,103059,N2157.1389,E08523.0638,737.2,7.12
08-08-2026 16:01,1405,1744,100,0,463,1031,2,0,0,64,0,1,87,28,91,195,27,-23.1,10.5,4,333,66,68,77,38,69,154,26,63,183,174,593,581,588,588,66,90,,80826,103100,N2157.1375,E08523.0651,737.4,5.28
08-08-2026 16:01,1455,1574,77,1,447,1038,2,0,0,64,0,3,88,43,92,174,92,-13.1,3.3,4,5,66,68,78,37,84,160,26,63,183,174,603,596,603,602,66,90,,80826,103101,N2157.1366,E08523.0665,737.6,5.28
08-08-2026 16:01,1160,0,0,0,295,710,1,0,0,64,0,-5,87,75,80,137,99,-4.3,3.3,4,0,66,68,78,25,41,140,26,63,183,174,610,586,597,601,66,90,,80826,103103,N2157.1357,E08523.0691,737.9,4.46
08-08-2026 16:01,1012,733,24,0,190,488,1,0,0,64,0,0,93,67,74,106,140,2.7,-4.1,4,0,66,68,78,27,20,110,26,63,164,159,603,567,580,587,66,90,,80826,103104,N2157.1355,E08523.0699,738,2.92
08-08-2026 16:01,729,57,0,0,92,243,1,1,0,64,0,-1,95,73,83,119,122,-0.7,-1.3,4,24,66,68,78,12,14,86,26,63,120,119,589,546,560,568,66,90,,80826,103105,N2157.1354,E08523.0703,738.2,1.78
08-08-2026 16:01,600,105,0,0,0,0,1,1,0,64,0,2,96,65,73,133,123,-1.8,0.2,5,46,66,68,78,12,7,64,26,63,133,132,572,531,542,552,66,90,,80826,103106,N2157.1354,E08523.0704,738.1,0.84
08-08-2026 16:01,616,136,0,0,0,0,1,1,0,64,0,0,96,63,76,124,124,-1.3,-1.3,5,62,66,68,78,13,7,54,26,63,142,140,557,517,528,538,66,90,,80826,103106,N2157.1354,E08523.0704,738.1,0.06
08-08-2026 16:01,639,138,0,0,0,0,1,1,0,64,0,1,97,63,75,127,124,-1.5,-0.9,5,60,66,68,78,14,6,45,26,63,162,161,544,508,518,528,66,90,,80826,103108,N2157.1354,E08523.0704,738.1,0
08-08-2026 16:01,645,140,0,0,0,0,1,0,0,64,0,1,97,63,75,128,123,-1.7,-0.7,5,81,66,69,78,14,6,39,26,63,173,171,533,500,510,519,66,90,,80826,103109,N2157.1354,E08523.0704,738.1,0
08-08-2026 16:01,646,143,0,0,0,0,1,0,0,64,0,1,96,63,75,127,124,-1.5,-0.9,5,60,67,69,78,14,5,35,26,63,198,196,522,493,502,511,66,90,,80826,103110,N2157.1354,E08523.0704,738.1,0
08-08-2026 16:01,649,144,0,0,0,0,1,0,0,64,0,1,96,63,75,127,124,-1.5,-0.9,5,76,67,69,78,14,5,33,26,63,206,205,514,486,495,503,66,90,,80826,103111,N2157.1354,E08523.0704,738.1,0
08-08-2026 16:01,658,175,0,0,0,0,1,0,0,64,0,1,96,63,75,126,124,-1.4,-1,5,71,67,69,78,14,5,31,26,63,205,205,507,480,489,497,66,90,,80826,103111,N2157.1354,E08523.0704,738.1,0
08-08-2026 16:01,678,129,0,0,0,0,0,0,0,64,0,1,96,66,78,127,126,-1.3,-1.1,5,181,67,69,78,16,6,34,26,63,205,203,500,478,484,492,66,90,,80826,103113,N2157.1354,E08523.0704,738.1,0
08-08-2026 16:01,940,577,92,0,0,0,12,0,0,64,0,-1,97,77,87,104,131,1.7,-3.7,5,156,67,69,78,31,19,42,26,63,204,203,499,488,491,496,66,90,,80826,103114,N2157.1354,E08523.0704,738.2,0
08-08-2026 16:01,1164,896,92,0,93,238,12,0,0,64,0,1,99,73,81,91,158,5.9,-7.5,4,241,67,69,78,33,32,57,26,63,203,201,507,509,509,511,66,90,,80826,103115,N2157.1354,E08523.0702,738.3,0.56
08-08-2026 16:01,1219,553,40,0,150,342,12,0,0,64,0,2,101,59,88,138,117,-5,-0.8,4,125,68,69,78,32,46,79,26,63,203,201,521,526,526,527,66,90,,80826,103116,N2157.1353,E08523.0698,738.2,1.48
08-08-2026 16:01,1229,1276,89,0,155,375,12,0,0,64,0,0,103,49,110,177,73,-16.5,4.3,4,284,68,69,78,34,62,102,26,63,201,201,538,549,548,546,66,90,,80826,103116,N2157.1353,E08523.0698,738.2,1.76
08-08-2026 16:01,1356,1071,68,0,194,442,12,0,0,64,0,0,103,46,115,187,68,-18.8,5,4,216,68,69,78,37,87,133,26,63,201,200,560,573,572,568,66,90,,80826,103118,N2157.1351,E08523.0687,738.2,1.85
08-08-2026 16:01,1374,1146,65,0,210,488,12,0,0,64,0,2,103,30,118,195,38,-24.5,6.9,4,235,68,69,78,36,86,154,26,63,201,199,581,587,587,583,66,90,,80826,103119,N2157.1351,E08523.0678,738,2.45
08-08-2026 16:01,1383,1826,96,0,222,509,12,0,0,64,0,2,101,37,115,195,54,-21.9,6.3,4,359,69,69,78,38,124,177,26,64,200,198,597,605,604,600,66,90,,80826,103120,N2157.1353,E08523.0668,737.4,2.78
08-08-2026 16:01,1508,1521,72,0,275,632,12,0,0,64,0,1,101,57,98,166,91,-11.6,3.4,4,177,69,69,78,38,102,198,26,64,200,198,613,611,614,610,66,90,,80826,103121,N2157.1356,E08523.0658,737.1,3.19
08-08-2026 16:01,1546,851,57,0,285,731,12,0,0,64,0,3,103,56,75,142,102,-5.9,2.1,4,153,69,69,78,38,89,196,26,63,200,198,618,605,610,609,66,90,,80826,103121,N2157.1356,E08523.0658,737.1,3.61
08-08-2026 16:01,1597,1714,95,0,349,807,12,0,0,64,0,1,103,80,74,105,162,6.3,-5.1,4,304,70,69,78,39,120,205,26,64,199,197,620,611,616,614,67,90,,80826,103123,N2157.1367,E08523.0639,736.8,3.84
08-08-2026 16:01,1831,1773,96,0,431,1018,12,0,0,64,0,3,103,99,44,59,195,19.1,-8.1,4,265,70,68,78,39,151,228,26,64,199,197,627,619,626,623,67,90,,80826,103124,N2157.1376,E08523.0632,736.5,3.31
08-08-2026 16:01,1848,1962,90,1,463,1111,12,0,0,64,0,0,101,87,54,73,156,11.6,-5,4,249,70,68,78,37,155,247,26,64,198,195,634,621,632,627,67,90,,80826,103125,N2157.1386,E08523.0627,736.7,4.09
08-08-2026 16:01,1711,1627,100,1,438,1028,12,0,0,64,0,-3,103,107,92,127,153,4.1,-1.1,4,268,70,68,78,38,154,261,26,64,198,195,637,620,633,629,67,90,,80826,103126,N2157.1400,E08523.0626,736.6,4.18
08-08-2026 16:01,1632,1678,100,1,403,960,12,0,0,64,0,-2,105,79,93,77,141,5,-7.8,4,305,70,68,78,38,151,267,26,64,198,195,638,618,633,630,67,90,,80826,103127,N2157.1413,E08523.0627,736.5,3.93
08-08-2026 16:01,1494,1578,100,1,376,849,12,0,0,64,0,-1,103,72,93,147,95,-7.3,3.1,4,300,69,68,79,36,144,272,26,64,198,195,638,619,634,632,67,90,,80826,103128,N2157.1425,E08523.0629,736.3,4.06
08-08-2026 16:01,1417,1591,100,1,365,860,12,0,0,64,0,0,103,86,86,122,126,0.4,-0.4,4,311,69,68,78,36,143,273,26,64,197,194,640,622,638,636,67,90,,80826,103129,N2157.1438,E08523.0631,736.4,4.07
08-08-2026 16:01,1458,1549,100,1,384,901,12,0,0,64,0,2,103,66,85,93,162,5,-8.8,4,292,69,68,78,38,144,274,26,64,197,194,644,626,643,641,67,90,,80826,103130,N2157.1451,E08523.0634,736.3,4.53
08-08-2026 16:01,1514,1753,100,1,398,939,12,0,0,64,0,0,105,96,68,142,119,0.5,5.1,4,315,69,68,79,38,145,275,26,64,197,194,648,628,647,645,68,90,,80826,103131,N2157.1463,E08523.0636,736.4,4.44
08-08-2026 16:01,1545,1510,100,1,384,906,12,0,0,64,0,0,104,82,78,42,195,15.7,-14.9,4,271,69,68,79,38,146,276,26,64,197,194,650,629,649,649,68,90,,80826,103132,N2157.1476,E08523.0638,736.4,4.26
08-08-2026 16:01,1533,1726,99,1,401,955,12,0,0,64,0,-3,104,85,75,160,81,-6.9,8.9,4,281,69,68,79,38,147,276,26,64,196,193,652,629,650,651,68,90,,80826,103133,N2157.1489,E08523.0641,736.7,4.6
08-08-2026 16:01,1466,1569,100,1,392,910,12,0,0,64,0,-2,103,70,92,120,124,-1.8,-2.6,4,299,68,68,79,38,145,275,26,64,196,193,653,630,651,653,68,90,,80826,103134,N2157.1503,E08523.0644,736.9,4.4
08-08-2026 16:01,1545,1687,99,1,404,958,12,0,0,64,0,-3,103,90,84,95,133,4.4,-3.2,4,304,68,68,79,38,147,276,26,64,196,192,655,631,652,654,68,90,,80826,103135,N2157.1515,E08523.0648,736.7,4.46
08-08-2026 16:01,1499,574,39,1,337,821,12,0,0,64,0,10,102,28,90,195,72,-18.5,6.1,4,106,68,68,79,35,48,250,26,64,195,192,652,615,640,646,68,90,,80826,103136,N2157.1528,E08523.0651,737,4.59
08-08-2026 16:01,1296,226,39,1,321,759,12,0,0,64,0,1,102,58,94,177,78,-13.5,6.3,4,243,68,68,79,32,57,203,26,64,195,192,639,601,624,631,68,90,,80826,103137,N2157.1537,E08523.0653,737.1,4.61
08-08-2026 16:01,1163,1072,100,1,287,538,12,0,0,64,0,0,104,55,97,152,103,-9.1,0.7,4,258,68,68,79,37,92,188,26,64,195,192,632,608,626,632,68,90,,80826,103138,N2157.1545,E08523.0655,737.3,2.96
08-08-2026 16:01,1463,1482,100,0,260,597,12,0,0,64,0,-1,104,85,88,102,145,4,-4.6,4,282,68,69,79,38,120,196,26,64,195,192,637,625,639,641,68,90,,80826,103139,N2157.1552,E08523.0655,737.3,2.45
08-08-2026 16:01,1714,1805,100,0,278,660,12,0,0,64,0,-1,104,83,91,117,131,0.6,-2.2,4,288,68,69,79,38,141,215,26,64,195,192,647,635,651,652,68,90,,80826,103140,N2157.1558,E08523.0655,737.4,2.38
08-08-2026 16:01,1760,1818,100,0,261,599,12,0,0,64,0,-1,104,76,100,130,112,-4.2,-0.6,4,284,69,68,79,38,155,231,26,64,195,191,655,638,655,656,68,90,,80826,103141,N2157.1561,E08523.0656,737.6,2.2
08-08-2026 16:01,1647,1701,68,0,247,623,12,0,0,64,0,2,105,52,100,144,99,-9.3,-0.3,4,295,69,69,79,38,119,230,26,64,195,191,656,628,649,652,68,90,,80826,103142,N2157.1564,E08523.0657,737.8,1.1
08-08-2026 16:01,1269,153,12,0,73,217,12,0,0,64,0,1,106,28,119,172,96,-16.7,-1.5,4,36,69,68,79,19,34,188,26,64,194,191,648,604,628,635,68,90,,80826,103143,N2157.1568,E08523.0659,738,2.04
08-08-2026 16:01,724,86,0,0,0,0,12,1,0,64,0,-5,106,53,123,176,52,-19.4,5.4,5,44,70,69,79,13,22,145,26,64,134,134,629,579,603,613,68,90,,80826,103144,N2157.1570,E08523.0660,738.3,1.3
08-08-2026 16:01,647,117,0,0,0,0,0,1,0,64,0,1,105,33,115,155,103,-13.4,-3,5,51,71,69,79,14,15,107,26,64,136,134,609,558,580,591,68,90,,80826,103145,N2157.1570,E08523.0660,738.3,0.11
08-08-2026 16:01,729,289,95,0,0,0,0,0,0,64,4,-1,101,49,107,164,96,-12.6,1,5,286,71,69,79,22,16,91,26,64,136,135,592,552,570,579,68,90,,80826,103146,N2157.1570,E08523.0660,738.3,0.01
08-08-2026 16:01,1159,881,100,0,0,0,0,0,0,64,4,-2,100,46,122,131,105,-10.2,-5,5,201,71,69,79,38,26,90,26,64,137,136,584,562,576,582,68,90,,80826,103147,N2157.1570,E08523.0660,738.5,0
08-08-2026 16:01,1568,1517,75,0,0,0,0,0,0,64,4,-2,99,47,114,133,107,-9.3,-4.1,5,240,71,69,79,41,89,114,26,64,138,137,591,584,595,597,68,90,,80826,103148,N2157.1569,E08523.0660,738.7,0.27
08-08-2026 16:01,2103,895,56,0,0,0,0,0,0,64,4,-1,100,43,112,150,99,-12,-1.8,5,116,71,69,79,45,82,138,26,64,139,138,602,585,598,602,68,90,,80826,103149,N2157.1568,E08523.0659,738.8,0.36
08-08-2026 16:01,2142,680,54,0,0,0,0,0,0,64,4,-1,100,38,112,131,126,-7.9,-6.9,5,88,71,69,79,44,58,141,26,64,140,138,599,567,581,589,68,90,,80826,103150,N2157.1568,E08523.0659,738.8,0.01
08-08-2026 16:01,2055,682,54,0,0,0,0,0,0,64,4,-1,101,39,109,142,118,-9.4,-4.6,5,53,71,69,79,43,48,136,26,64,140,139,586,544,559,569,68,90,,80826,103151,N2157.1568,E08523.0659,738.9,0.01
08-08-2026 16:01,1884,401,47,0,0,0,0,0,0,64,4,-1,102,37,108,139,126,-8.4,-5.8,5,59,71,69,79,39,47,128,26,64,140,139,567,527,539,549,68,90,,80826,103152,N2157.1568,E08523.0659,738.9,0
08-08-2026 16:01,1919,959,56,0,0,0,0,0,0,64,4,-1,102,34,103,138,136,-7.1,-6.7,5,57,70,69,79,41,46,126,26,64,142,140,553,518,528,536,69,90,,80826,103153,N2157.1568,E08523.0659,738.9,0
08-08-2026 16:01,1881,442,44,0,0,0,0,0,0,64,4,-2,103,32,96,141,136,-6.9,-5.9,5,67,70,69,79,38,27,117,26,64,142,140,540,501,512,521,69,90,,80826,103154,N2157.1568,E08523.0659,738.9,0
08-08-2026 16:01,1688,197,40,0,0,0,0,0,0,64,4,-1,103,30,95,137,148,-5.4,-7.6,5,221,70,69,79,38,46,112,26,64,142,141,526,501,506,513,69,90,,80826,103155,N2157.1568,E08523.0659,738.9,0
08-08-2026 16:01,1930,252,47,0,0,0,0,0,0,64,4,0,102,24,82,133,159,-3.2,-8.4,5,35,70,68,79,39,35,116,26,64,142,141,523,504,509,514,69,90,,80826,103156,N2157.1568,E08523.0659,738.9,0
08-08-2026 16:01,1727,113,34,0,0,0,0,0,0,65,4,0,101,21,75,124,169,-0.9,-9.9,5,31,70,69,79,37,22,101,26,64,142,142,517,488,495,502,69,90,,80826,103157,N2157.1568,E08523.0659,738.9,0
08-08-2026 16:01,1617,846,49,0,0,0,0,0,0,65,4,-1,94,21,75,106,138,-2.2,-8.6,5,143,70,69,79,37,34,98,26,64,143,142,509,484,489,495,69,90,,80826,103158,N2157.1568,E08523.0659,738.9,0
08-08-2026 16:01,1586,0,0,0,0,0,0,0,0,65,4,0,84,16,60,89,146,1.3,-10.1,6,0,70,69,79,35,17,85,26,64,143,142,501,470,475,483,69,90,,80826,103158,N2157.1568,E08523.0659,738.9,0
08-08-2026 16:01,1188,0,0,0,0,0,0,0,0,65,4,-1,71,15,55,82,123,0.1,-8.1,6,0,69,69,79,29,12,69,26,64,144,142,487,449,455,464,69,90,,80826,103200,N2157.1568,E08523.0659,738.9,0
08-08-2026 16:02,945,0,0,0,0,0,0,0,0,65,4,0,58,15,52,74,122,1.1,-8.5,6,0,69,69,79,18,7,53,26,64,144,142,470,428,434,444,69,90,,80826,103201,N2157.1568,E08523.0659,738.9,0
08-08-2026 16:02,696,3,0,0,0,0,0,0,0,65,4,4,50,14,45,65,115,1.9,-8.1,6,80,69,69,79,12,6,51,26,65,109,125,452,418,421,431,69,90,,80826,103202,N2157.1568,E08523.0659,738.9,0
08-08-2026 16:02,618,172,0,0,84,162,1,1,0,65,4,2,43,13,36,34,149,9.2,-13.8,6,76,69,69,79,13,6,47,26,65,109,125,441,416,416,424,69,90,,80826,103203,N2157.1567,E08523.0658,739.1,0
08-08-2026 16:02,618,179,0,0,132,250,1,0,0,65,4,2,38,16,24,54,126,6.4,-8,6,100,69,69,79,12,7,43,26,65,104,121,435,416,415,422,69,90,,80826,103204,N2157.1564,E08523.0656,739.5,1.66
08-08-2026 16:02,633,192,0,0,136,335,1,0,0,65,4,-2,31,19,35,31,103,5.6,-8.8,6,82,69,69,79,15,7,42,26,65,102,120,432,418,417,422,69,90,,80826,103205,N2157.1559,E08523.0653,739.7,2.02
08-08-2026 16:02,670,223,0,0,142,320,1,0,0,65,4,-2,24,27,32,30,73,3.8,-4.8,6,90,69,69,79,14,7,40,26,65,107,120,432,420,418,423,69,90,,80826,103206,N2157.1554,E08523.0651,739.8,2.02
08-08-2026 16:02,663,175,3,0,120,292,1,0,0,64,4,-2,15,29,36,21,64,3.6,-5,6,85,69,69,79,14,7,41,26,65,115,121,432,422,420,424,69,90,,80826,103207,N2157.1550,E08523.0649,739.9,1.75
08-08-2026 16:02,640,196,3,0,84,207,1,0,0,64,4,-1,8,29,37,21,58,2.9,-4.5,6,149,69,69,79,13,8,40,26,65,133,131,433,425,422,425,69,90,,80826,103208,N2157.1548,E08523.0648,740.1,0.96
08-08-2026 16:02,634,250,3,0,65,125,1,0,0,64,4,-1,3,29,37,29,50,1.3,-2.9,6,109,69,69,79,14,9,43,26,65,141,140,436,431,426,428,69,90,,80826,103209,N2157.1546,E08523.0647,740.3,0.66
08-08-2026 16:02,641,254,3,0,0,0,1,0,0,64,4,0,2,29,37,36,43,-0.1,-1.5,6,108,69,69,80,14,9,46,26,65,150,148,439,436,432,432,69,90,,80826,103210,N2157.1545,E08523.0646,740.4,0.43
08-08-2026 16:02,698,479,38,0,0,0,1,0,0,64,0,2,1,25,36,41,40,-1.2,-1,6,183,69,69,79,16,10,49,26,65,174,173,444,446,439,438,69,90,,80826,103211,N2157.1544,E08523.0645,740.5,0.43
08-08-2026 16:02,947,875,54,0,118,254,1,0,0,64,0,4,1,23,38,45,34,-2.6,-0.4,6,247,69,69,80,31,26,59,26,65,190,189,453,465,456,452,69,90,,80826,103212,N2157.1543,E08523.0645,740.6,0.32
08-08-2026 16:02,1290,855,54,0,193,421,1,0,0,64,0,5,0,23,36,47,35,-2.5,-0.1,6,178,70,69,80,36,39,79,26,65,205,203,471,490,480,473,68,90,,80826,103213,N2157.1539,E08523.0644,740.6,2.16
08-08-2026 16:02,1447,571,44,0,278,649,1,0,0,64,0,0,0,33,42,63,14,-5.8,4,6,108,70,69,80,38,34,91,26,65,203,203,490,501,494,487,68,90,,80826,103214,N2157.1532,E08523.0641,740.6,3.27
08-08-2026 16:02,1434,572,43,1,299,712,1,0,0,64,0,0,0,31,41,32,36,-0.6,-1.4,6,111,70,69,80,37,31,96,26,65,201,201,500,501,495,490,68,90,,80826,103215,N2157.1523,E08523.0638,740.5,3.6
08-08-2026 16:02,1402,517,41,1,301,708,1,0,0,64,0,-1,0,37,41,33,30,-0.7,-0.1,2,102,70,69,80,37,25,97,26,65,200,200,503,497,493,489,69,90,,80826,103216,N2157.1513,E08523.0635,740.4,3.6
08-08-2026 16:02,1415,121,34,1,304,717,1,0,0,64,0,-1,1,45,33,37,32,0.7,1.7,2,23,70,69,80,38,18,93,26,65,198,198,502,486,483,482,69,90,,80826,103217,N2157.1503,E08523.0632,740.2,3.66
08-08-2026 16:02,1384,422,41,1,288,684,1,0,0,64,0,0,1,34,43,31,36,-0.4,-1.4,2,84,70,69,80,37,16,86,26,65,197,197,495,478,473,473,69,90,,80826,103218,N2157.1493,E08523.0630,740.2,3.53
08-08-2026 16:02,1410,518,45,1,314,729,1,0,0,64,0,0,2,51,35,21,50,4.5,-1.3,2,100,70,69,80,38,25,85,26,65,196,197,489,476,470,470,69,90,,80826,103219,N2157.1483,E08523.0627,740,3.75
08-08-2026 16:02,1509,793,45,1,320,755,1,0,0,64,0,3,2,34,41,26,41,0.8,-2.2,2,144,69,69,80,39,30,90,26,65,195,195,488,482,473,471,69,90,,80826,103220,N2157.1473,E08523.0624,739.9,3.72
08-08-2026 16:02,1602,552,41,1,341,826,1,0,0,64,0,0,2,42,41,27,39,1.3,-1.1,2,95,69,69,80,38,25,94,26,65,194,195,490,484,477,474,69,90,,80826,103221,N2157.1463,E08523.0620,739.8,3.72
08-08-2026 16:02,1517,171,32,1,298,722,1,0,0,64,0,1,2,35,47,22,42,0.8,-3.2,2,83,69,69,80,36,18,87,26,65,193,194,487,472,468,467,69,90,,80826,103222,N2157.1453,E08523.0616,739.7,4.02
08-08-2026 16:02,1356,505,44,1,284,660,1,0,0,64,0,-2,2,41,41,20,40,2,-2,2,103,69,69,80,38,24,88,26,65,193,194,482,470,465,463,69,90,,80826,103223,N2157.1444,E08523.0611,739.6,3.65
08-08-2026 16:02,1381,447,0,0,269,606,2,0,0,65,0,-2,2,38,48,21,36,0.5,-2.5,2,162,69,69,80,32,19,84,26,65,192,193,479,465,460,458,69,90,,80826,103224,N2157.1436,E08523.0605,739.3,3.33
08-08-2026 16:02,1197,487,36,0,284,686,2,0,0,65,0,0,1,39,44,22,37,1,-2,2,113,69,69,80,32,22,88,26,65,192,192,475,465,459,456,69,90,,80826,103225,N2157.1429,E08523.0599,738.9,3.22
08-08-2026 16:02,1225,489,37,0,321,752,2,0,0,65,0,-4,1,41,55,19,42,0.9,-3.7,2,104,69,69,80,34,23,91,26,65,191,191,474,468,460,457,69,90,,80826,103226,N2157.1421,E08523.0592,738.5,3.22
08-08-2026 16:02,1316,582,51,0,356,816,2,0,0,65,0,-3,1,40,49,20,37,0.8,-2.6,2,121,69,69,80,37,35,94,26,65,190,191,476,474,465,460,69,90,,80826,103227,N2157.1413,E08523.0583,738.3,4.27
08-08-2026 16:02,1422,816,53,0,367,860,2,0,0,65,0,4,2,30,46,38,27,-2.7,-0.5,2,266,69,69,80,38,51,105,26,65,190,190,483,494,483,474,69,90,,80826,103228,N2157.1405,E08523.0574,738,3.54
08-08-2026 16:02,1590,949,61,0,410,1018,2,0,0,65,0,1,2,30,45,29,33,-1.1,-1.9,2,163,69,68,80,38,10,92,26,65,185,184,517,470,485,490,69,90,,80826,103230,N2157.1394,E08523.0550,737.6,4.44
08-08-2026 16:02,1490,962,49,1,840,1995,4,0,0,65,0,-2,3,38,50,22,19,-1.5,-0.9,2,177,69,68,80,39,23,88,26,65,185,184,502,467,478,481,69,90,,80826,103231,N2157.1389,E08523.0535,737.3,5.01
08-08-2026 16:02,1578,620,43,1,875,2090,4,0,0,65,0,-4,3,49,47,21,35,1.6,-1.2,2,67,69,68,80,39,22,87,26,65,184,184,491,465,473,475,69,90,,80826,103232,N2157.1388,E08523.0518,736.9,5.47
08-08-2026 16:02,1608,29,33,1,912,2072,4,0,0,65,0,-3,3,38,38,22,16,-0.6,0.6,2,5,69,68,80,38,12,83,26,65,184,184,482,451,461,464,69,90,,80826,103234,N2157.1393,E08523.0479,736.4,6.4
08-08-2026 16:02,1642,298,38,1,923,2175,4,0,0,65,0,0,3,47,38,29,32,1.2,0.6,2,0,69,68,80,38,15,77,26,65,184,184,469,438,446,450,69,90,,80826,103235,N2157.1400,E08523.0457,736.3,7.85
08-08-2026 16:02,1538,0,27,0,1015,2466,5,0,0,65,0,0,2,48,44,35,35,0.4,0.4,2,0,69,68,80,37,15,71,26,65,184,183,456,424,431,436,69,90,,80826,103236,N2157.1412,E08523.0433,736.3,7.85
08-08-2026 16:02,1466,0,27,1,1101,2584,5,0,0,65,0,-2,3,42,51,37,29,-1.7,-0.1,2,0,68,68,80,39,9,64,26,65,184,183,440,403,411,418,69,90,,80826,103237,N2157.1429,E08523.0410,736,9.13
08-08-2026 16:02,1529,39,24,1,1113,2626,5,0,0,65,0,-1,3,43,47,28,35,0.3,-1.1,2,7,68,68,80,39,8,61,26,65,184,183,422,383,390,399,69,90,,80826,103239,N2157.1475,E08523.0370,735.1,9.93
08-08-2026 16:02,1565,0,25,1,1186,2773,5,0,0,65,0,-1,3,42,42,32,38,0.6,-0.6,2,0,68,68,80,39,8,57,26,65,184,183,403,362,370,379,69,90,,80826,103241,N2157.1546,E08523.0350,734.2,12.39
08-08-2026 16:02,1623,0,23,1,1197,2810,5,0,0,65,0,-2,3,42,49,29,33,-0.3,-1.1,2,0,68,68,80,38,8,57,26,65,184,183,385,343,351,360,69,90,,80826,103241,N2157.1546,E08523.0350,734.2,12.96
08-08-2026 16:02,1672,0,22,1,1247,2938,5,0,0,65,0,0,3,42,49,37,32,-1.2,-0.2,2,0,68,68,80,37,9,57,26,65,183,183,366,323,330,342,69,90,,80826,103243,N2157.1618,E08523.0372,733.2,12.71
08-08-2026 16:02,1707,0,21,1,1251,2938,5,0,0,65,0,-2,3,47,53,35,27,-1.4,0.2,2,0,68,68,80,37,9,55,26,65,183,183,349,307,314,324,69,90,,80826,103245,N2157.1674,E08523.0414,733,12.1
08-08-2026 16:02,1694,0,0,1,1247,2921,5,0,0,65,0,-3,4,44,43,30,38,0.9,-0.7,2,0,68,68,80,38,9,54,26,65,183,182,332,292,299,309,69,90,,80826,103246,N2157.1694,E08523.0442,733.1,11.03
08-08-2026 16:02,1681,0,0,1,1192,2832,5,0,0,65,0,-1,4,42,51,33,26,-1.6,-0.2,2,0,68,68,80,38,9,52,26,65,183,182,315,279,285,295,69,90,,80826,103247,N2157.1708,E08523.0472,732.4,10.56
08-08-2026 16:02,1631,0,0,1,1184,2780,5,0,0,65,0,0,3,45,44,21,42,2.2,-2,2,0,68,68,80,38,8,53,26,65,183,182,302,266,272,283,69,90,,80826,103249,N2157.1747,E08523.0529,731.5,11.43
08-08-2026 16:03,1604,0,0,1,1140,2711,5,0,0,65,0,-5,3,37,60,27,29,-2.1,-2.5,2,0,68,68,80,39,8,53,26,65,183,182,289,256,261,271,69,90,,80826,103250,N2157.1768,E08523.0556,730.6,12.32
08-08-2026 16:03,1581,0,0,1,1172,2773,5,0,43,65,0,-3,3,44,54,18,43,1.5,-3.5,2,0,68,68,80,39,8,57,26,65,183,181,278,251,253,262,69,90,,80826,103251,N2157.1794,E08523.0585,730,12.32
08-08-2026 16:03,1710,0,0,1,830,2050,3,0,43,65,0,-10,2,42,59,20,21,-1.6,-1.8,2,0,68,68,80,37,13,59,26,64,181,181,271,252,253,261,69,90,,80826,103252,N2157.1820,E08523.0616,729.6,13.89
08-08-2026 16:03,1379,0,0,0,427,1326,3,0,0,65,0,-5,3,38,50,23,33,-0.2,-2.2,2,0,68,68,80,33,12,55,26,65,181,180,268,251,252,259,69,90,,80826,103254,N2157.1875,E08523.0683,728.2,14.46
08-08-2026 16:03,1086,0,0,0,739,1711,3,0,0,65,0,-7,3,42,54,32,26,-1.8,-0.6,2,0,68,68,80,27,6,50,26,65,181,180,264,247,247,254,69,90,,80826,103256,N2157.1931,E08523.0757,726.7,15.37
08-08-2026 16:03,1127,0,0,0,708,1810,3,0,7,65,0,-4,3,39,55,34,29,-2.1,-1.1,2,0,68,68,80,34,3,50,26,64,181,180,260,243,242,249,69,90,,80826,103256,N2157.1931,E08523.0757,726.7,15.58
08-08-2026 16:03,1595,0,0,0,536,1345,2,0,0,65,0,-3,2,38,57,32,28,-2.3,-1.5,2,0,68,68,80,38,5,53,26,64,182,181,257,243,242,249,69,90,,80826,103258,N2157.1976,E08523.0835,725.5,15.54
08-08-2026 16:03,1749,0,0,1,528,1279,2,0,0,65,0,-7,3,43,48,25,29,-0.1,-0.9,2,0,68,68,80,40,7,62,26,64,206,205,255,237,237,244,69,90,,80826,103300,N2157.2012,E08523.0917,724.7,14.87
08-08-2026 16:03,1831,0,0,1,581,1361,2,0,7,66,0,-8,2,45,58,22,32,-0.3,-2.3,2,0,68,68,80,42,8,67,26,64,205,204,251,231,230,237,69,90,,80826,103301,N2157.2024,E08523.0960,724.2,14.88
08-08-2026 16:03,1997,0,0,1,630,1460,2,0,7,66,0,-6,3,45,47,27,32,0.3,-0.7,2,0,68,68,80,45,9,79,26,65,205,203,245,224,223,230,69,90,,80826,103302,N2157.2031,E08523.1004,723.7,14.92
08-08-2026 16:03,2182,0,0,1,658,1604,2,0,7,66,0,-8,3,48,51,19,30,0.8,-1.4,2,0,68,67,80,47,10,92,26,64,204,202,239,217,216,222,69,90,,80826,103303,N2157.2034,E08523.1044,722.8,12.7
08-08-2026 16:03,2275,0,0,1,692,1640,2,0,7,66,0,-3,3,43,49,25,40,0.9,-2.1,2,0,68,67,80,48,12,102,26,64,204,202,233,210,210,215,69,90,,80826,103305,N2157.2021,E08523.1110,721.7,11.26
08-08-2026 16:03,2300,0,0,1,685,1628,2,0,7,67,0,-5,3,42,58,32,29,-1.9,-1.3,2,0,68,67,80,47,13,107,26,64,203,201,227,205,204,209,69,90,,80826,103306,N2157.2012,E08523.1140,721.3,10.67
08-08-2026 16:03,2296,0,0,1,685,1611,2,0,7,67,0,-4,3,39,55,29,18,-2.7,-0.5,2,0,68,67,80,47,13,109,26,64,203,200,221,200,199,204,69,90,,80826,103307,N2157.2003,E08523.1169,721.4,10.33
08-08-2026 16:03,2268,0,0,1,678,1595,2,0,7,67,0,-4,3,42,48,36,24,-1.8,0.6,2,0,68,67,80,46,13,108,26,64,202,200,216,195,195,198,69,90,,80826,103309,N2157.1976,E08523.1224,720.9,10.26
08-08-2026 16:03,2230,0,0,1,659,1559,2,0,7,67,0,-5,3,47,51,24,28,0,-0.8,2,0,68,67,80,45,12,105,26,64,201,200,211,191,190,193,69,90,,80826,103311,N2157.1950,E08523.1273,720.4,9.29
08-08-2026 16:03,2196,0,0,1,655,1545,2,0,7,67,0,-4,3,43,50,30,43,0.6,-2,2,0,68,67,80,45,12,103,26,64,201,198,206,187,186,189,69,90,,80826,103311,N2157.1950,E08523.1273,720.4,9.07
08-08-2026 16:03,2187,0,0,1,660,1548,2,0,7,67,0,-8,2,44,52,20,24,-0.4,-1.2,2,0,68,67,80,45,12,101,26,64,201,198,202,184,183,185,69,90,,80826,103313,N2157.1926,E08523.1322,720.2,9.1
08-08-2026 16:03,2188,0,0,1,659,1552,2,0,7,67,0,-4,3,42,52,30,33,-0.7,-1.3,2,0,68,67,80,45,11,101,26,65,200,198,199,181,180,182,69,90,,80826,103315,N2157.1900,E08523.1371,720.7,8.93
08-08-2026 16:03,2172,0,0,1,644,1519,2,0,7,67,0,-6,3,46,55,26,28,-0.7,-1.1,2,0,68,67,80,45,11,98,26,65,200,198,195,178,177,178,69,90,,80826,103316,N2157.1887,E08523.1396,721.1,9.06
08-08-2026 16:03,2140,0,0,1,637,1505,2,0,7,67,0,-5,3,40,56,23,29,-1,-2.2,2,0,68,67,80,44,12,96,26,65,200,198,192,175,174,175,69,90,,80826,103317,N2157.1874,E08523.1422,721.2,9.12
08-08-2026 16:03,2135,0,5,1,640,1519,2,0,7,67,0,-5,3,43,52,36,25,-2,0.2,2,0,68,67,80,45,11,95,26,65,200,197,189,173,172,173,69,90,,80826,103319,N2157.1841,E08523.1472,721.3,9.86
08-08-2026 16:03,2147,0,6,1,643,1519,2,0,7,67,0,-7,3,42,53,17,33,0.5,-2.7,2,0,68,67,80,44,11,94,26,65,200,197,187,171,169,170,69,90,,80826,103320,N2157.1824,E08523.1494,721.4,9.59
08-08-2026 16:03,2147,0,23,1,644,1517,2,0,7,67,0,-8,3,41,56,29,30,-1.4,-1.6,2,0,68,66,80,45,11,93,26,65,199,197,184,169,167,168,69,90,,80826,103321,N2157.1805,E08523.1515,721.3,9.59
08-08-2026 16:03,1955,467,41,0,783,1820,4,0,0,67,0,-2,3,38,50,20,37,0.5,-2.9,2,66,68,66,80,41,27,90,26,65,199,197,184,190,180,177,69,90,,80826,103322,N2157.1785,E08523.1534,721.1,9.46
08-08-2026 16:03,1960,668,51,0,770,1909,4,0,0,67,0,1,4,30,56,27,35,-1.8,-3.4,2,0,68,66,80,41,23,94,26,65,198,196,196,208,198,193,69,90,,80826,103324,N2157.1743,E08523.1565,720.7,9.24
08-08-2026 16:03,1680,1287,100,1,892,2086,4,0,0,67,0,3,3,26,48,31,33,-2,-2.4,2,217,69,66,80,39,66,105,26,65,198,196,215,255,234,222,69,90,,80826,103326,N2157.1691,E08523.1587,720,9.77
08-08-2026 16:03,1718,1757,94,1,972,2237,4,0,0,66,0,2,3,25,56,37,24,-4.4,-1.8,2,252,68,66,80,38,96,140,26,65,198,195,253,317,293,273,69,90,,80826,103326,N2157.1691,E08523.1587,720,10.3
08-08-2026 16:03,1653,1669,71,1,1094,2607,5,0,0,66,0,1,3,30,52,23,35,-1,-3.4,2,285,69,66,80,38,110,163,26,65,198,195,301,367,344,321,69,90,,80826,103328,N2157.1625,E08523.1598,719.9,11.18
08-08-2026 16:03,1567,1658,100,1,1166,2721,5,0,0,66,0,4,3,29,52,32,45,-1,-3.6,2,273,68,66,80,39,120,195,26,65,198,195,349,414,391,367,69,90,,80826,103329,N2157.1589,E08523.1596,719.7,13.42
08-08-2026 16:03,1609,0,14,1,1253,2593,5,0,0,66,0,-2,2,37,50,31,37,-0.7,-1.9,2,0,69,66,80,38,71,199,26,65,197,195,390,432,418,397,69,90,,80826,103330,N2157.1552,E08523.1588,719.5,13.49
08-08-2026 16:03,1537,615,47,1,1125,2655,5,0,0,66,0,0,2,39,43,22,39,1.3,-2.1,2,112,69,66,80,38,39,177,26,65,197,195,414,436,426,409,69,90,,80826,103331,N2157.1515,E08523.1573,719.2,13.61
08-08-2026 16:03,1586,1362,78,1,1155,2673,5,0,0,66,0,2,2,31,49,42,26,-3.4,-0.2,2,235,68,66,80,39,59,167,26,65,197,195,430,458,444,426,69,90,,80826,103332,N2157.1480,E08523.1556,718.9,13.17
08-08-2026 16:03,1678,1558,86,1,1244,2947,5,0,0,66,0,7,3,32,41,29,32,-0.6,-1.2,2,257,68,66,80,38,106,182,26,65,197,194,453,487,473,453,69,90,,80826,103333,N2157.1443,E08523.1539,718.7,13.82
08-08-2026 16:03,1669,1055,52,1,1219,2862,5,0,0,66,0,0,3,37,48,32,36,-0.7,-1.5,2,46,68,66,80,39,56,180,26,65,197,194,474,489,482,466,69,90,,80826,103334,N2157.1405,E08523.1520,718.5,14.62
08-08-2026 16:03,1628,0,29,1,1171,2777,5,0,0,66,0,-2,2,41,45,29,30,-0.3,-0.5,2,0,68,66,80,38,28,150,26,65,197,194,480,466,466,455,69,90,,80826,103335,N2157.1367,E08523.1499,718.3,15.16
08-08-2026 16:03,1591,0,29,1,1155,2725,5,0,0,66,0,-1,1,42,45,28,37,0.6,-1.2,2,0,68,66,80,39,12,115,26,65,196,194,467,437,441,435,69,90,,80826,103336,N2157.1329,E08523.1477,718,15.16
08-08-2026 16:03,1577,0,27,1,1151,2721,5,0,0,66,0,-2,2,43,48,29,26,-0.8,-0.2,2,0,68,66,80,39,10,92,26,65,196,194,448,407,414,411,69,90,,80826,103337,N2157.1292,E08523.1453,717.8,14.56
08-08-2026 16:03,1581,0,23,1,1157,2742,5,0,0,66,0,0,2,42,44,26,33,0.5,-0.9,2,0,68,66,80,39,8,77,26,65,196,193,425,380,387,388,69,90,,80826,103338,N2157.1256,E08523.1431,717.7,14.4
08-08-2026 16:03,1586,0,8,1,1154,2716,5,0,0,66,0,-2,2,41,49,25,33,0,-1.6,2,0,68,66,80,39,8,68,26,64,196,193,402,355,363,365,69,90,,80826,103340,N2157.1183,E08523.1385,717.1,14.6
08-08-2026 16:03,1607,0,8,1,1194,2808,5,0,0,66,0,-3,2,40,49,30,28,-1.1,-0.7,2,0,68,66,80,38,7,61,25,64,195,193,379,332,340,344,69,90,,80826,103341,N2157.1146,E08523.1361,716.6,15.01
08-08-2026 16:03,1665,0,8,1,1242,2909,5,0,31,66,0,-1,2,42,47,31,25,-1.1,0.1,2,0,68,66,80,38,7,58,25,64,195,193,357,311,320,326,69,90,,80826,103341,N2157.1146,E08523.1361,716.6,15.37
08-08-2026 16:03,1733,0,8,1,1279,3051,5,0,31,66,0,-4,2,45,51,40,26,-2,0.8,2,0,68,66,80,37,9,59,25,64,195,192,336,292,302,308,69,90,,80826,103343,N2157.1070,E08523.1311,715.5,15.88
08-08-2026 16:03,1768,0,7,1,1265,2971,4,0,7,66,0,-5,3,52,45,21,36,2.2,-0.8,2,57,68,66,80,39,12,65,25,64,195,192,319,285,292,298,69,90,,80826,103344,N2157.1031,E08523.1286,714.8,16.08
08-08-2026 16:03,2110,0,7,1,1208,2850,4,0,7,66,0,-4,3,45,48,24,32,0.5,-1.1,2,0,68,66,80,46,11,80,25,64,195,192,308,275,283,289,69,90,,80826,103344,N2157.1031,E08523.1286,714.8,15.69
08-08-2026 16:03,2211,0,7,1,1210,2848,4,0,7,66,0,-3,3,41,45,39,23,-2,1.2,2,0,68,66,80,47,12,90,25,64,207,206,296,260,270,277,69,90,,80826,103345,N2157.0992,E08523.1264,714.2,15.41
08-08-2026 16:03,2232,0,8,1,1218,2891,4,0,7,66,0,-2,2,45,38,30,35,1.2,0.2,2,0,68,66,80,47,12,97,25,64,206,205,283,247,256,264,69,90,,80826,103346,N2157.0953,E08523.1243,713.5,15.41
08-08-2026 16:03,2271,0,8,1,1246,2933,4,0,37,66,0,-3,2,53,42,26,32,1.7,0.5,2,0,68,66,80,47,11,102,25,64,206,204,270,235,243,251,69,90,,80826,103348,N2157.0871,E08523.1210,712.3,15.42
08-08-2026 16:03,2284,0,8,1,1255,2961,4,0,37,66,0,-5,3,50,52,20,30,0.8,-1.2,2,0,68,66,80,47,13,103,25,64,206,203,258,223,232,239,69,90,,80826,103349,N2157.0826,E08523.1204,711.4,15.76
08-08-2026 16:03,2293,0,8,1,1246,2975,4,0,28,66,0,-4,3,43,47,37,30,-1.1,0.3,2,0,68,66,80,47,12,107,25,64,206,203,246,214,221,228,69,90,,80826,103350,N2157.0781,E08523.1203,710.4,15.73
08-08-2026 16:03,2288,0,9,1,1230,2919,4,0,28,66,0,-5,3,48,45,28,24,-0.1,0.7,2,0,68,66,80,47,11,105,25,64,205,202,236,205,211,218,69,90,,80826,103351,N2157.0737,E08523.1208,709.7,15.96
08-08-2026 16:03,2283,0,10,1,1237,2886,4,0,31,67,0,-2,3,51,44,27,36,1.6,-0.2,2,0,68,65,80,47,11,105,25,64,205,202,226,197,204,210,69,90,,80826,103351,N2157.0737,E08523.1208,709.7,15.51
08-08-2026 16:03,2300,0,9,1,1239,2945,4,0,7,67,0,-3,4,46,43,32,29,0,0.6,2,0,68,65,80,47,11,104,25,64,205,201,218,190,197,202,69,90,,80826,103353,N2157.0652,E08523.1238,708.2,15.85
08-08-2026 16:03,2291,0,14,1,1250,2905,4,0,31,67,0,-3,4,50,45,28,27,0.4,0.6,2,0,68,65,80,47,11,103,25,64,207,205,210,185,190,195,69,90,,80826,103354,N2157.0612,E08523.1259,707.7,15.91
08-08-2026 16:03,2264,0,14,1,1247,2935,4,0,31,67,0,-2,3,43,46,31,32,-0.2,-0.4,2,0,68,65,80,47,11,102,25,64,206,205,203,180,185,190,69,90,,80826,103354,N2157.0612,E08523.1259,707.7,15.59
08-08-2026 16:03,2312,0,16,1,1267,2994,4,0,31,67,0,-5,3,44,48,25,27,-0.2,-0.6,2,0,68,65,80,47,12,103,25,64,206,203,197,175,180,184,69,90,,80826,103356,N2157.0540,E08523.1313,706.6,15.78
08-08-2026 16:03,2277,0,17,1,1249,2954,4,0,7,67,0,-4,2,47,49,29,30,-0.1,-0.3,2,0,68,65,80,47,11,103,25,64,206,203,192,172,176,179,70,90,,80826,103356,N2157.0540,E08523.1313,706.6,15.74
08-08-2026 16:03,2282,0,17,1,1248,2931,4,0,28,68,0,-5,2,43,48,26,25,-0.6,-0.4,2,0,68,65,80,47,12,101,25,64,205,203,188,168,172,175,70,90,,80826,103358,N2157.0472,E08523.1372,705,15.61
08-08-2026 16:03,2282,0,0,1,1263,2968,4,0,28,68,0,-5,3,43,49,39,27,-1.8,0.6,2,0,68,65,80,47,11,101,25,64,205,202,184,165,169,171,70,90,,80826,103359,N2157.0439,E08523.1403,704.2,15.55
08-08-2026 16:03,2300,0,0,1,1217,2872,4,0,28,68,0,-4,3,50,43,29,42,2,-0.6,2,0,68,65,80,47,11,100,25,64,205,202,180,162,166,168,70,90,,80826,103400,N2157.0406,E08523.1434,703.4,15.74
08-08-2026 16:04,2294,0,1,1,1280,3006,4,0,32,68,0,-6,3,52,44,37,33,0.4,1.2,2,0,68,65,80,47,11,101,25,64,205,201,177,160,163,165,70,90,,80826,103401,N2157.0374,E08523.1466,702.7,15.78
08-08-2026 16:04,2275,0,0,1,1234,2883,4,0,31,69,0,-6,3,46,46,28,24,-0.4,0.4,2,0,68,65,80,47,11,99,25,64,205,201,174,158,160,162,70,90,,80826,103401,N2157.0374,E08523.1466,702.7,15.75
08-08-2026 16:04,2279,0,0,1,1250,2952,4,0,31,69,0,-2,4,50,42,22,35,2.1,-0.5,2,0,68,65,80,47,11,100,25,64,204,201,171,156,158,159,70,90,,80826,103403,N2157.0314,E08523.1532,701.5,15.44
08-08-2026 16:04,2264,0,1,1,1219,2883,4,0,7,69,0,-3,3,49,45,23,42,2.3,-1.5,2,0,68,65,80,46,11,100,25,64,204,201,169,153,155,157,70,90,,80826,103404,N2157.0287,E08523.1568,700.7,15.37
08-08-2026 16:04,2251,0,0,1,1220,2872,4,0,7,69,0,-1,3,42,47,55,29,-3.1,2.1,2,0,68,65,80,46,11,99,25,64,204,201,167,152,154,155,70,90,,80826,103405,N2157.0262,E08523.1606,700.1,15.43
08-08-2026 16:04,2242,0,0,1,1228,2857,4,0,7,69,0,-6,3,52,38,26,25,1.3,1.5,2,0,68,65,80,46,11,96,25,64,203,200,164,150,152,152,70,90,,80826,103406,N2157.0242,E08523.1646,699.7,15.19
08-08-2026 16:04,2215,0,46,1,1178,2808,4,0,0,69,0,-1,3,52,41,26,25,1,1.2,2,0,68,65,80,45,10,93,25,64,203,200,163,148,150,151,70,90,,80826,103406,N2157.0242,E08523.1646,699.7,14.89
08-08-2026 16:04,2162,0,52,1,1158,2751,4,0,0,69,0,-2,3,49,43,39,26,-0.7,1.9,2,0,68,65,80,44,10,91,25,64,203,200,161,147,149,149,70,90,,80826,103408,N2157.0216,E08523.1730,699.1,14.67
08-08-2026 16:04,2111,168,46,1,1140,2697,5,0,0,69,0,4,3,42,38,34,33,0.3,0.5,2,22,68,65,80,44,9,86,25,64,203,200,160,157,154,153,70,90,,80826,103409,N2157.0208,E08523.1772,698.9,14.36
08-08-2026 16:04,1783,1025,51,1,1244,2909,5,0,0,69,0,5,3,40,36,31,29,0.2,0.6,2,164,68,64,80,38,40,86,25,64,203,200,169,192,178,172,70,90,,80826,103410,N2157.0201,E08523.1816,698.8,14.32
08-08-2026 16:04,1724,1315,85,1,1293,3018,5,0,0,69,0,0,3,42,39,28,25,0,0.6,2,129,68,64,80,38,73,112,25,65,206,204,196,254,233,218,70,90,,80826,103411,N2157.0194,E08523.1862,698.5,15.01
08-08-2026 16:04,1812,351,36,1,1364,3134,5,0,0,69,0,-1,2,44,40,27,30,0.7,0.1,2,53,68,64,80,39,29,127,25,65,206,203,237,290,276,258,70,90,,80826,103411,N2157.0194,E08523.1862,698.5,16.18
08-08-2026 16:04,1831,7,37,1,1348,3188,6,0,0,69,0,-2,1,41,45,33,22,-1.5,0.7,2,1,68,64,80,39,18,117,25,65,206,203,265,289,284,269,70,90,,80826,103413,N2157.0184,E08523.1963,697.8,16.94
08-08-2026 16:04,1611,0,0,0,1403,3304,6,0,0,68,0,-3,1,47,44,34,21,-1,1.6,2,0,68,64,80,38,14,95,25,65,205,202,275,277,276,266,70,90,,80826,103414,N2157.0178,E08523.2016,697.3,17.11
08-08-2026 16:04,1454,0,0,1,1461,3425,6,0,0,68,0,0,2,47,40,26,45,2.6,-1.2,2,0,68,65,80,38,7,78,25,65,205,202,276,264,264,256,70,90,,80826,103415,N2157.0174,E08523.2071,696.9,17.78
08-08-2026 16:04,1428,0,0,1,1459,3490,5,0,25,68,0,-4,3,50,46,31,38,1.1,-0.3,2,116,68,65,80,37,8,71,25,65,205,201,270,261,257,251,70,90,,80826,103416,N2157.0170,E08523.2125,696.5,18.13
08-08-2026 16:04,1698,0,0,1,1221,2975,4,0,38,68,0,-6,3,51,39,30,33,1.5,0.9,2,0,68,65,80,38,14,74,25,65,205,201,272,272,265,259,70,90,,80826,103416,N2157.0170,E08523.2125,696.5,17.89
08-08-2026 16:04,1837,604,38,0,1167,2810,4,0,7,68,0,-4,4,49,43,21,30,1.5,-0.3,2,0,68,65,80,44,12,83,25,65,205,201,277,272,268,263,69,90,,80826,103418,N2157.0168,E08523.2226,696.1,16.67
08-08-2026 16:04,2112,0,17,1,1133,2706,4,0,0,68,0,-1,4,43,54,45,30,-2.6,0.4,2,0,68,65,80,44,11,87,25,65,204,201,277,260,260,258,69,90,,80826,103419,N2157.0172,E08523.2270,696.2,15.34
08-08-2026 16:04,2040,0,16,1,1079,2572,4,0,0,68,0,-9,4,71,39,34,22,2,4.4,2,0,68,65,80,43,11,85,25,65,207,205,270,246,248,248,69,90,,80826,103420,N2157.0180,E08523.2310,696,14.05
08-08-2026 16:04,1916,0,25,1,1043,2369,4,0,0,68,0,-4,3,55,35,36,26,1,3,2,0,68,65,80,39,10,79,25,65,206,205,261,231,234,236,70,90,,80826,103421,N2157.0195,E08523.2345,696,13.36
08-08-2026 16:04,1779,0,33,1,920,2140,4,0,0,68,0,-1,4,40,45,24,29,0,-1,2,0,68,64,80,37,12,70,25,65,206,204,250,227,226,227,70,90,,80826,103422,N2157.0214,E08523.2373,696,11.93
08-08-2026 16:04,1678,1212,32,1,912,2157,4,0,0,68,0,-1,5,33,67,20,36,-1.8,-5,2,200,68,65,80,38,34,73,25,65,206,203,248,253,245,242,70,90,,80826,103423,N2157.0232,E08523.2401,696,11.04
08-08-2026 16:04,1605,0,18,1,794,1942,4,0,0,68,0,-2,4,28,61,25,42,-1.6,-5,2,0,68,64,80,38,14,62,25,65,206,203,256,254,251,248,70,90,,80826,103424,N2157.0242,E08523.2431,696,11.19
08-08-2026 16:04,1392,728,29,1,719,1720,4,0,0,68,0,0,4,26,55,20,41,-0.8,-5,2,148,68,64,80,36,14,62,25,65,205,202,261,264,256,253,70,90,,80826,103425,N2157.0240,E08523.2461,695.9,10.74
08-08-2026 16:04,1303,124,30,1,655,1567,4,0,0,68,0,-2,2,26,56,15,53,0.8,-6.8,2,25,68,64,80,33,22,68,25,64,205,202,272,283,275,269,70,90,,80826,103426,N2157.0226,E08523.2486,695.9,10
08-08-2026 16:04,1237,689,40,0,617,1479,3,0,0,68,0,-9,2,37,69,18,32,-1.8,-4.6,2,215,68,64,80,34,28,83,25,65,205,201,287,309,297,290,70,90,,80826,103427,N2157.0203,E08523.2499,696.3,10.42
08-08-2026 16:04,1405,1320,84,0,526,1340,3,0,0,68,0,0,2,27,52,16,47,0.6,-5.6,2,251,68,65,80,37,78,105,25,64,205,201,313,354,338,326,70,90,,80826,103428,N2157.0176,E08523.2497,696.2,9.87
08-08-2026 16:04,1510,1490,95,1,643,1479,3,0,0,68,0,0,1,28,45,18,45,1,-4.4,2,311,68,64,80,39,102,144,25,64,205,201,351,405,386,370,70,90,,80826,103429,N2157.0150,E08523.2484,696,9.69
08-08-2026 16:04,1768,1797,100,1,724,1820,3,0,0,68,0,-2,1,33,49,34,25,-2.5,-0.7,2,277,68,65,80,40,119,181,25,64,205,201,394,445,429,411,69,90,,80826,103430,N2157.0128,E08523.2464,695.8,10.33
08-08-2026 16:04,1914,634,50,0,875,1987,4,0,0,68,0,7,1,31,38,44,32,-1.9,0.5,2,94,68,64,80,38,110,198,25,64,204,201,428,466,455,437,69,90,,80826,103431,N2157.0108,E08523.2434,695.1,10.33
08-08-2026 16:04,1772,1710,100,1,922,2142,4,0,0,68,0,5,1,34,41,37,27,-1.7,0.3,2,268,68,64,80,38,122,215,25,64,204,201,456,489,480,460,69,90,,80826,103432,N2157.0084,E08523.2408,694.7,10.79
08-08-2026 16:04,1857,1541,98,0,1061,2466,5,0,0,68,0,3,2,35,47,31,33,-1,-1.4,2,235,68,64,80,38,111,229,25,65,204,200,481,505,502,482,69,90,,80826,103433,N2157.0057,E08523.2381,694.3,11.84
08-08-2026 16:04,1652,1624,86,1,1149,2688,5,0,0,68,0,3,2,37,41,33,30,-0.7,-0.1,2,273,68,64,80,38,120,231,25,64,203,200,500,519,518,499,69,91,,80826,103434,N2157.0028,E08523.2351,693.8,12.97
08-08-2026 16:04,1663,1557,100,1,1271,2983,5,0,0,68,0,3,3,36,44,33,33,-0.8,-0.8,2,259,68,64,80,38,133,240,25,64,203,200,517,533,535,516,69,90,,80826,103435,N2156.9997,E08523.2319,693.5,14.13
08-08-2026 16:04,1757,1714,97,0,1303,3070,6,0,0,68,0,3,3,36,46,32,35,-0.7,-1.3,2,112,68,64,80,37,103,243,25,64,203,200,534,536,542,526,69,90,,80826,103436,N2156.9964,E08523.2285,693.3,15.23
08-08-2026 16:04,1530,600,37,0,1418,3186,6,0,0,68,0,0,3,35,46,29,35,-0.5,-1.7,2,113,68,64,80,36,36,211,25,64,203,200,538,523,534,523,69,90,,80826,103437,N2156.9933,E08523.2249,693.2,15.95
08-08-2026 16:04,1358,191,33,1,1338,3134,6,0,0,68,0,0,3,38,44,30,26,-1,-0.2,2,133,68,64,80,36,23,169,25,64,203,200,530,500,514,509,69,90,,80826,103438,N2156.9904,E08523.2209,692.6,16.31
08-08-2026 16:04,1327,363,34,1,1322,3115,6,0,0,68,0,0,3,42,45,31,28,-0.6,0,2,75,68,65,80,36,21,139,25,64,203,200,518,483,496,495,69,90,,80826,103439,N2156.9876,E08523.2169,692.1,16.04
08-08-2026 16:04,1295,572,37,1,1292,3044,6,0,0,68,0,0,3,47,40,36,29,0,1.4,2,133,68,65,80,35,22,112,25,64,203,200,503,472,483,483,69,90,,80826,103440,N2156.9848,E08523.2130,691.5,15.87
08-08-2026 16:04,1278,622,46,1,1275,3013,6,0,0,68,0,6,3,37,34,50,39,-0.8,1.4,2,210,68,65,80,35,31,107,25,64,202,199,494,479,484,482,69,90,,80826,103441,N2156.9819,E08523.2093,691.2,15.87
08-08-2026 16:04,1269,906,56,1,1314,3063,6,0,0,68,0,6,3,39,38,39,42,0.4,-0.2,2,198,68,65,80,36,50,112,25,64,202,199,498,495,497,493,69,90,,80826,103442,N2156.9789,E08523.2057,690.8,15.35
08-08-2026 16:04,1304,947,58,1,1325,3079,6,0,0,68,0,2,3,42,41,32,47,1.6,-1.4,2,184,68,65,80,36,46,116,25,64,202,198,507,505,508,503,69,91,,80826,103443,N2156.9757,E08523.2021,690.9,15.97
08-08-2026 16:04,1310,888,48,1,1304,3096,6,0,0,68,0,3,4,36,38,29,34,0.3,-0.7,2,188,68,65,80,35,46,117,25,64,202,198,515,510,513,508,69,90,,80826,103444,N2156.9725,E08523.1988,691,16
08-08-2026 16:04,1294,731,51,1,1258,2973,6,0,0,68,0,4,3,36,49,40,35,-1.8,-0.8,2,248,68,65,80,35,57,119,25,64,202,198,521,519,520,514,69,90,,80826,103445,N2156.9693,E08523.1956,691.2,15.76
08-08-2026 16:04,1310,1145,63,1,1311,3065,6,0,0,68,0,0,3,39,44,36,30,-1.1,0.1,2,243,68,65,80,35,66,131,25,64,201,198,531,535,534,527,69,91,,80826,103446,N2156.9663,E08523.1925,691.5,15.76
08-08-2026 16:04,1309,1166,64,1,1309,3065,6,0,0,68,0,9,3,38,30,19,58,4.7,-3.1,2,192,68,65,80,36,72,141,25,64,201,198,543,548,545,538,69,90,,80826,103447,N2156.9632,E08523.1895,692,15.63
08-08-2026 16:04,1371,1671,69,1,1243,2968,5,0,0,68,0,3,3,29,55,37,48,-1.5,-3.7,2,332,68,65,80,36,83,153,25,64,201,198,555,560,558,551,69,90,,80826,103448,N2156.9599,E08523.1867,692.6,15.23
08-08-2026 16:04,1589,1471,72,1,1257,2959,5,0,0,68,0,2,4,37,47,33,20,-2.3,0.3,2,252,68,65,80,38,95,170,25,64,201,198,568,568,568,560,69,90,,80826,103449,N2156.9566,E08523.1841,693,15.07
08-08-2026 16:04,1659,1498,66,1,1240,2931,5,0,0,67,0,4,4,35,37,30,41,0.9,-1.3,2,241,68,65,80,38,87,179,25,64,201,198,575,566,571,564,69,90,,80826,103450,N2156.9530,E08523.1813,692.9,15.04
08-08-2026 16:04,1671,1121,73,1,1277,3023,5,0,0,67,0,12,5,28,34,22,32,0.4,-1.6,2,185,68,65,80,37,93,181,25,64,201,197,577,565,571,564,69,90,,80826,103451,N2156.9496,E08523.1787,692.7,15.04
08-08-2026 16:04,1657,1673,72,1,1215,2888,5,0,0,67,0,7,4,34,46,36,44,-0.4,-2,2,241,68,65,80,38,112,188,25,64,201,197,578,569,576,566,69,90,,80826,103452,N2156.9461,E08523.1761,692.6,14.69
08-08-2026 16:04,1694,1649,85,1,1240,2945,5,0,0,67,0,1,3,41,53,39,27,-2.4,0,2,269,68,65,80,38,129,204,25,64,200,197,581,574,583,573,69,90,,80826,103453,N2156.9425,E08523.1733,692.8,14.81
08-08-2026 16:04,1735,1720,84,1,1277,3034,5,0,0,67,0,1,2,34,47,34,34,-1.3,-1.3,2,214,68,65,80,37,132,219,25,64,201,197,586,578,589,578,69,90,,80826,103454,N2156.9389,E08523.1705,693.2,15.32
08-08-2026 16:04,1752,1354,70,1,1295,3068,5,0,0,67,0,2,3,37,42,35,28,-1.2,0.2,2,213,68,65,80,37,120,225,25,64,200,197,587,574,589,579,69,90,,80826,103455,N2156.9354,E08523.1676,693,15.59
08-08-2026 16:04,1767,1238,63,1,1289,3049,5,0,0,67,0,7,2,33,36,42,29,-1.6,1,2,88,68,65,80,37,85,217,25,64,200,197,584,562,582,573,69,90,,80826,103456,N2156.9318,E08523.1648,693,15.59
08-08-2026 16:04,1717,519,51,0,1230,2928,6,0,0,67,0,0,1,38,38,27,28,0.1,-0.1,2,85,68,65,80,38,61,188,25,64,200,197,574,545,567,559,69,90,,80826,103457,N2156.9283,E08523.1621,692.5,15.39
08-08-2026 16:04,1448,552,37,1,1360,3209,6,0,0,67,0,-2,1,44,42,30,30,0.2,0.2,2,109,68,65,80,37,29,158,25,64,200,197,561,530,552,545,69,90,,80826,103458,N2156.9246,E08523.1593,691.9,16.73
08-08-2026 16:04,1384,0,8,1,1400,3282,6,0,0,67,0,0,0,43,44,30,32,0.1,-0.3,2,0,68,65,80,38,17,127,25,64,200,196,544,501,526,523,69,90,,80826,103459,N2156.9207,E08523.1565,691.2,17.3
08-08-2026 16:04,1420,0,0,1,1450,3416,5,0,0,67,0,-2,1,45,44,26,31,0.6,-0.4,2,0,68,65,80,39,12,100,25,64,200,196,520,468,494,495,69,90,,80826,103500,N2156.9167,E08523.1537,690.4,17.78
08-08-2026 16:05,1507,0,0,0,1436,3386,5,0,21,67,0,-1,2,45,47,29,36,0.5,-0.9,2,185,68,65,80,39,19,91,25,64,200,196,494,453,472,473,69,90,,80826,103501,N2156.9124,E08523.1509,689.6,17.78
08-08-2026 16:05,1816,0,0,0,1434,3148,5,0,38,67,0,-4,2,47,49,31,34,0.1,-0.5,2,0,68,65,80,41,19,94,25,64,199,195,478,438,457,460,69,90,,80826,103502,N2156.9082,E08523.1482,688.9,17.97
08-08-2026 16:05,1819,0,0,1,1282,3051,5,0,21,67,0,-7,3,46,49,32,28,-0.7,0.1,2,0,68,65,80,39,13,89,25,64,199,195,459,411,432,437,69,90,,80826,103503,N2156.9040,E08523.1456,688.3,16.81
08-08-2026 16:05,1722,0,0,1,1260,2990,5,0,21,67,0,-4,3,46,48,28,29,-0.1,-0.3,2,0,68,65,80,39,13,77,25,64,199,195,435,381,402,410,69,90,,80826,103504,N2156.9001,E08523.1433,687.9,15.6
08-08-2026 16:05,1683,0,0,0,1195,2867,4,0,7,67,0,-5,3,45,49,30,28,-0.6,-0.2,2,0,68,65,80,41,13,75,25,64,206,205,411,365,381,389,69,90,,80826,103505,N2156.8964,E08523.1411,687.6,14.95
08-08-2026 16:05,2061,0,61,1,1168,2777,4,0,7,67,0,-2,3,43,47,32,28,-0.8,0,2,0,68,65,80,45,13,83,25,64,206,204,391,345,361,371,69,90,,80826,103506,N2156.8929,E08523.1392,687.3,14.95
08-08-2026 16:05,2099,115,68,1,1137,2688,4,0,0,67,0,0,3,43,45,28,33,0.3,-0.7,2,15,68,65,80,45,12,87,25,64,206,203,371,330,343,353,69,90,,80826,103507,N2156.8894,E08523.1374,687.1,14.35
08-08-2026 16:05,2096,293,64,1,1148,2716,4,0,0,68,0,-2,3,42,45,26,33,0.4,-1,2,38,68,65,80,45,14,90,25,64,206,203,353,323,332,342,69,90,,80826,103508,N2156.8859,E08523.1356,687,14.23
08-08-2026 16:05,1952,281,50,0,1210,2824,5,0,0,68,0,2,3,40,40,28,35,0.7,-0.7,2,225,68,65,80,39,40,93,25,64,205,202,347,345,343,347,69,90,,80826,103509,N2156.8823,E08523.1338,686.8,14.82
08-08-2026 16:05,1754,1086,49,1,1314,3056,5,0,0,69,0,0,3,39,48,27,33,-0.3,-1.5,2,171,68,65,80,40,75,111,25,64,205,201,362,379,374,373,70,90,,80826,103510,N2156.8783,E08523.1318,686.5,16.21
08-08-2026 16:05,1804,0,100,0,1408,3256,6,0,0,69,0,1,3,40,45,32,32,-0.5,-0.5,2,0,68,65,80,40,73,125,25,64,205,201,382,403,395,394,70,90,,80826,103511,N2156.8742,E08523.1296,686.2,16.21
08-08-2026 16:05,1740,1528,100,0,1493,3473,6,0,22,69,0,1,3,47,48,39,42,0.2,-0.4,2,0,68,65,80,37,56,126,25,64,205,201,404,420,416,414,70,90,,80826,103512,N2156.8697,E08523.1272,685.9,18.04
08-08-2026 16:05,1499,0,0,1,1450,3478,6,0,38,69,0,-7,3,54,55,30,37,0.6,-0.8,2,0,68,65,80,38,16,108,25,64,204,201,415,408,410,411,70,90,,80826,103513,N2156.8651,E08523.1249,685.7,18.3
08-08-2026 16:05,1478,1027,0,0,1313,3237,5,0,24,69,0,-7,3,46,52,23,31,0.2,-1.4,2,188,68,64,80,38,21,99,25,64,204,201,413,402,402,404,70,90,,80826,103514,N2156.8605,E08523.1227,685.6,17.5
08-08-2026 16:05,1649,0,0,0,1206,2886,4,0,23,69,0,-3,4,39,52,30,26,-1.7,-0.9,2,0,68,65,80,40,18,91,25,64,204,201,410,396,396,399,70,90,,80826,103515,N2156.8563,E08523.1208,685.8,15.41
08-08-2026 16:05,1994,0,0,1,1145,2732,4,0,0,69,0,0,4,38,49,32,27,-1.6,-0.6,2,32,68,65,80,45,15,95,25,64,203,200,405,384,386,389,69,90,,80826,103516,N2156.8524,E08523.1192,685.7,15.41
08-08-2026 16:05,2074,509,68,1,1128,2683,4,0,0,69,0,0,3,39,48,31,30,-1,-0.8,2,68,68,65,80,44,18,98,25,64,207,205,397,377,377,381,69,90,,80826,103517,N2156.8488,E08523.1177,685.6,14.34
08-08-2026 16:05,2089,226,43,1,1140,2688,4,0,0,69,0,0,3,40,45,30,36,0.1,-1.1,2,30,68,65,79,44,18,102,25,64,206,205,391,370,370,374,70,90,,80826,103518,N2156.8452,E08523.1162,685.6,14.03
08-08-2026 16:05,2083,573,71,1,1132,2673,4,0,0,70,0,0,3,40,47,26,35,0.2,-1.6,2,76,68,65,80,44,21,104,25,64,206,204,384,368,366,369,70,90,,80826,103519,N2156.8416,E08523.1147,685.6,14.05
08-08-2026 16:05,2097,458,71,1,1142,2695,4,0,0,70,0,-1,3,40,55,29,35,-0.9,-2.1,2,61,68,65,80,44,22,104,25,64,206,203,380,364,363,366,70,90,,80826,103520,N2156.8379,E08523.1131,685.5,13.99
08-08-2026 16:05,2021,0,0,1,1104,2614,4,0,0,70,0,0,3,38,48,27,34,-0.3,-1.7,2,0,68,65,80,43,17,101,25,64,206,203,374,357,355,358,70,90,,80826,103521,N2156.8343,E08523.1115,685.5,13.99
08-08-2026 16:05,1991,1368,81,0,1116,2607,5,0,0,70,0,4,3,36,44,26,41,0.7,-2.3,2,190,68,65,79,39,63,111,25,64,206,203,375,380,370,369,70,90,,80826,103522,N2156.8308,E08523.1100,685.5,13.38
08-08-2026 16:05,1780,1718,81,1,1180,2744,5,0,0,70,0,6,3,33,42,33,37,-0.5,-1.3,2,257,68,65,79,38,95,129,25,64,205,202,390,416,402,394,70,90,,80826,103523,N2156.8272,E08523.1084,685.5,14.12
08-08-2026 16:05,1701,1741,92,1,1231,3039,5,0,0,70,0,2,3,37,45,35,32,-1.1,-0.5,2,282,68,64,79,37,103,159,25,65,205,202,417,451,439,426,69,90,,80826,103524,N2156.8234,E08523.1066,685.7,15.19
08-08-2026 16:05,1725,1141,50,0,1311,3105,6,0,0,70,0,2,2,39,43,32,32,-0.4,-0.4,2,127,68,65,79,36,91,170,25,65,205,201,444,470,462,450,69,90,,80826,103525,N2156.8194,E08523.1048,685.8,15.82
08-08-2026 16:05,1385,651,49,1,1332,3186,6,0,0,70,0,-4,2,48,48,30,31,0.1,-0.1,2,132,68,65,79,36,72,165,25,65,205,201,463,478,474,464,69,90,,80826,103526,N2156.8151,E08523.1031,685.9,15.82
08-08-2026 16:05,1362,384,35,1,1344,3181,6,0,0,70,0,-1,3,41,47,31,31,-0.6,-0.6,2,78,68,65,79,36,31,147,25,65,205,201,474,473,474,468,69,90,,80826,103527,N2156.8108,E08523.1015,686.1,16.28
08-08-2026 16:05,1325,529,41,1,1316,3138,6,0,0,70,0,2,4,38,46,31,29,-1,-0.6,2,111,68,65,79,36,26,122,25,65,205,201,474,464,466,462,69,90,,80826,103528,N2156.8064,E08523.1002,686.3,15.98
08-08-2026 16:05,1296,803,54,1,1292,3053,6,0,0,69,0,4,4,36,45,32,37,-0.4,-1.4,2,171,68,65,79,35,44,110,25,65,205,201,474,470,467,464,69,90,,80826,103529,N2156.8021,E08523.0991,686.4,15.72
08-08-2026 16:05,1293,1114,69,1,1295,3039,6,0,0,69,0,3,3,36,44,30,33,-0.5,-1.1,2,194,68,65,79,35,61,119,25,65,204,201,482,490,484,478,69,90,,80826,103530,N2156.7979,E08523.0979,686.6,15.82
08-08-2026 16:05,1276,906,48,1,1258,2978,5,0,0,69,0,0,3,35,53,30,31,-1.7,-1.9,2,199,68,65,79,35,21,113,25,65,204,201,493,489,489,485,69,90,,80826,103531,N2156.7937,E08523.0966,686.8,15.82
08-08-2026 16:05,1348,0,75,0,1127,2780,5,0,37,69,0,-4,2,36,52,34,26,-2.4,-0.8,2,59,68,65,79,37,28,105,25,65,204,200,494,481,482,481,69,90,,80826,103532,N2156.7896,E08523.0951,687.1,14.85
08-08-2026 16:05,1352,890,14,0,844,2045,4,0,37,69,0,-2,2,40,60,19,47,0.8,-4.8,2,185,68,65,79,38,15,96,25,65,203,200,491,470,472,473,69,90,,80826,103533,N2156.7861,E08523.0933,687.4,12.71
08-08-2026 16:05,1478,0,42,1,817,1918,3,0,0,69,0,-8,3,38,65,14,27,-1.4,-4,2,220,68,65,79,39,31,92,25,65,203,200,484,471,469,470,69,90,,80826,103534,N2156.7835,E08523.0913,687.3,10.37
08-08-2026 16:05,1749,1761,79,0,734,1787,3,0,0,69,0,3,4,22,56,23,36,-2.1,-4.7,2,271,68,65,79,40,68,116,25,65,206,205,489,497,488,486,69,90,,80826,103535,N2156.7819,E08523.0888,687.4,9.6
08-08-2026 16:05,1890,1521,49,0,782,1715,4,0,0,69,0,0,4,25,57,15,52,0.5,-6.9,2,230,68,65,79,38,69,133,25,65,206,205,504,510,502,500,69,90,,80826,103536,N2156.7812,E08523.0858,687.6,9.6
08-08-2026 16:05,1615,1705,81,0,847,1845,4,0,0,69,0,0,4,21,68,21,50,-1.8,-7.6,2,302,69,65,79,38,97,148,25,65,206,204,515,525,516,513,69,90,,80826,103537,N2156.7819,E08523.0824,688,11.19
08-08-2026 16:05,1554,1641,100,1,814,1929,4,0,0,69,0,3,2,28,44,20,48,1.2,-4.4,2,294,69,65,79,38,125,172,25,65,206,203,530,543,535,530,69,90,,80826,103538,N2156.7837,E08523.0794,688.3,11.03
08-08-2026 16:05,1563,1675,100,1,872,2008,4,0,0,70,0,2,1,32,53,39,42,-1.8,-2.4,2,310,69,65,79,39,129,199,25,65,206,203,546,556,552,547,69,90,,80826,103539,N2156.7863,E08523.0769,688.4,11.74
08-08-2026 16:05,1723,1713,100,0,978,2331,5,0,0,70,0,0,0,43,43,42,26,-1.6,1.6,2,276,69,65,79,37,112,219,25,65,206,203,560,562,564,558,69,90,,80826,103540,N2156.7892,E08523.0746,688.5,11.99
08-08-2026 16:05,1596,1607,100,1,1044,2475,5,0,0,70,0,2,2,45,35,37,23,-0.4,2.4,2,275,69,65,79,37,123,222,25,65,205,202,568,567,571,565,70,90,,80826,103541,N2156.7923,E08523.0723,688.8,11.99
08-08-2026 16:05,1520,1660,100,1,1159,2699,5,0,0,70,0,4,2,42,36,40,27,-0.7,1.9,2,302,69,65,79,39,127,230,25,65,205,202,577,574,580,574,70,90,,80826,103542,N2156.7951,E08523.0697,689.1,13.12
08-08-2026 16:05,1607,1601,100,1,1205,2836,5,0,0,70,0,3,3,43,37,26,36,1.6,-0.4,2,267,69,65,79,39,135,240,25,65,205,201,585,579,588,582,70,90,,80826,103543,N2156.7979,E08523.0666,689.2,13.91
08-08-2026 16:05,1711,1726,91,1,1265,3018,5,0,0,70,0,2,3,41,43,27,35,0.6,-1,2,278,69,65,79,38,140,249,25,65,205,201,592,581,593,587,70,90,,80826,103544,N2156.8005,E08523.0632,689.5,14.88
08-08-2026 16:05,1692,1141,80,0,1349,3044,6,0,0,70,0,4,3,37,42,29,37,0.3,-1.3,2,202,69,65,79,36,97,233,25,65,205,201,592,574,590,585,70,90,,80826,103545,N2156.8031,E08523.0596,689.6,15.22
08-08-2026 16:05,1362,1095,57,1,1325,3115,6,0,0,70,0,3,3,37,44,31,39,0.1,-1.5,2,225,69,65,79,35,90,211,25,65,204,201,590,572,588,583,70,90,,80826,103546,N2156.8059,E08523.0558,689.9,15.22
08-08-2026 16:05,1334,784,48,1,1317,3108,6,0,0,70,0,2,3,36,44,39,27,-2,0.4,2,162,69,65,79,36,65,192,25,65,204,201,589,569,586,581,70,91,,80826,103547,N2156.8086,E08523.0519,690.3,15.85
08-08-2026 16:05,1313,867,52,1,1301,3086,6,0,0,70,0,-2,2,45,45,37,25,-1.2,1.2,2,163,69,65,79,35,57,171,25,65,204,201,586,563,580,577,69,90,,80826,103548,N2156.8114,E08523.0480,690.5,15.98
08-08-2026 16:05,1294,0,22,1,1251,2968,6,0,0,70,0,-5,2,61,41,33,22,0.9,3.1,2,0,69,65,79,35,37,143,25,65,204,200,579,543,562,563,69,90,,80826,103549,N2156.8141,E08523.0441,691,15.73
08-08-2026 16:05,1241,0,21,1,1240,2947,6,0,0,70,0,0,3,50,36,42,21,-0.7,3.5,2,0,69,65,79,34,13,114,25,65,204,200,562,514,534,539,69,90,,80826,103550,N2156.8162,E08523.0400,691.2,15.02
08-08-2026 16:05,1170,578,59,1,1173,2600,5,0,0,70,0,-4,3,61,36,30,30,2.5,2.5,2,139,69,65,79,37,17,90,25,65,203,200,537,494,510,516,69,90,,80826,103551,N2156.8174,E08523.0357,691.5,15.02
08-08-2026 16:05,1409,0,19,1,979,2475,4,0,58,70,0,-13,3,54,57,26,14,-1.5,0.9,2,0,69,65,79,37,17,83,25,65,203,200,519,479,494,501,69,90,,80826,103552,N2156.8177,E08523.0317,692,12.9
08-08-2026 16:05,1226,0,4,0,640,1597,3,0,58,69,0,-7,3,49,57,35,23,-2,0.4,2,0,69,65,79,31,13,68,25,65,203,200,502,459,475,482,69,91,,80826,103553,N2156.8175,E08523.0283,692.5,10.12
08-08-2026 16:05,904,0,0,0,420,1057,3,0,0,69,0,0,3,42,46,38,24,-1.8,1,2,0,69,65,79,21,6,54,25,65,203,200,482,437,453,461,69,90,,80826,103554,N2156.8170,E08523.0261,692.6,5.83
08-08-2026 16:05,826,0,0,0,374,896,3,0,0,69,0,-4,3,43,52,28,25,-1.2,-0.6,2,0,69,66,79,19,5,41,25,65,206,205,462,416,431,441,69,91,,80826,103555,N2156.8167,E08523.0248,692.7,4.28
08-08-2026 16:05,677,37,0,0,251,618,2,0,0,69,0,0,3,43,47,28,33,0.1,-0.9,2,16,69,66,79,14,3,36,25,65,206,205,442,400,414,424,69,91,,80826,103556,N2156.8165,E08523.0234,692.6,4.28
08-08-2026 16:05,641,37,0,0,208,582,2,0,54,69,0,-7,3,52,45,31,29,0.5,0.9,2,30,69,66,79,14,4,29,25,65,206,204,424,387,399,409,69,90,,80826,103557,N2156.8163,E08523.0223,692.7,3.01
08-08-2026 16:05,598,122,0,0,0,0,2,0,54,69,0,2,3,42,39,32,32,0.3,0.3,1,55,69,66,79,13,4,27,25,65,206,203,410,378,390,399,69,90,,80826,103558,N2156.8163,E08523.0217,692.8,0.46
08-08-2026 16:05,622,131,0,0,0,0,0,0,54,69,0,0,3,44,40,32,31,0.3,0.5,1,75,69,66,79,14,4,30,25,65,206,203,400,373,384,392,69,90,,80826,103559,N2156.8163,E08523.0217,692.7,0.02
08-08-2026 16:06,663,99,0,0,0,0,0,0,0,69,0,1,3,44,40,32,31,0.3,0.5,1,41,69,66,79,16,3,28,25,65,205,202,392,369,379,387,69,90,,80826,103600,N2156.8163,E08523.0217,692.7,0
08-08-2026 16:06,694,79,0,0,0,0,0,0,0,70,0,2,3,44,40,32,31,0.3,0.5,1,28,69,66,79,16,3,25,25,65,205,202,385,361,371,379,69,90,,80826,103601,N2156.8163,E08523.0217,692.7,0
08-08-2026 16:06,672,58,0,0,0,0,0,0,0,70,0,2,3,44,40,32,31,0.3,0.5,1,24,69,66,79,15,3,25,25,65,205,202,378,353,362,371,69,90,,80826,103602,N2156.8163,E08523.0217,692.7,0
08-08-2026 16:06,657,64,0,0,0,0,0,0,0,70,0,1,2,44,40,32,31,0.3,0.5,1,25,69,66,79,15,2,25,25,65,205,201,370,346,355,363,70,91,,80826,103603,N2156.8163,E08523.0217,692.7,0
08-08-2026 16:06,656,66,0,0,0,0,0,0,0,70,0,2,2,44,41,32,31,0.2,0.4,1,29,69,66,79,15,2,23,25,65,205,201,362,339,348,356,70,90,,80826,103604,N2156.8163,E08523.0217,692.7,0
08-08-2026 16:06,658,65,0,0,0,0,0,0,0,70,0,2,2,44,41,32,31,0.2,0.4,1,25,69,66,79,15,2,22,25,65,205,201,355,333,340,349,70,90,,80826,103605,N2156.8163,E08523.0217,692.7,0
08-08-2026 16:06,658,64,0,0,0,0,0,0,0,70,0,1,2,44,41,32,31,0.2,0.4,1,25,69,66,79,15,2,23,25,65,205,201,349,328,334,342,70,90,,80826,103606,N2156.8163,E08523.0217,692.7,0
08-08-2026 16:06,658,65,0,0,0,0,0,0,0,70,0,2,2,44,41,32,30,0.1,0.5,1,25,69,66,79,15,2,22,25,65,204,201,343,322,328,336,70,90,,80826,103607,N2156.8163,E08523.0217,692.7,0
08-08-2026 16:06,658,65,0,0,0,0,0,0,0,71,0,1,2,43,41,31,30,0.1,0.3,1,25,69,66,79,15,2,23,25,65,204,201,337,317,323,330,70,90,,80826,103608,N2156.8163,E08523.0217,692.7,0
08-08-2026 16:06,658,65,0,0,0,0,0,0,0,71,0,1,2,43,41,31,30,0.1,0.3,1,25,69,66,79,15,2,23,25,65,204,201,332,313,317,325,70,90,,80826,103610,N2156.8163,E08523.0217,692.7,0
08-08-2026 16:06,658,65,0,0,0,0,0,0,0,71,0,2,2,43,41,31,30,0.1,0.3,1,25,69,66,79,15,2,25,25,65,204,200,327,309,312,320,71,90,,80826,103611,N2156.8163,E08523.0217,692.7,0
08-08-2026 16:06,658,87,0,0,0,0,0,0,0,71,0,1,2,43,41,31,30,0.1,0.3,1,37,69,66,79,15,2,26,25,65,203,200,323,304,307,315,71,90,,80826,103611,N2156.8163,E08523.0217,692.7,0
08-08-2026 16:06,659,84,0,0,0,0,0,0,0,71,0,1,2,43,41,31,30,0.1,0.3,1,33,69,66,79,15,2,25,25,65,203,200,318,300,303,311,71,91,,80826,103613,N2156.8163,E08523.0217,692.7,0
08-08-2026 16:06,658,64,0,0,0,0,0,0,0,71,0,2,2,43,41,31,30,0.1,0.3,1,25,69,66,79,15,2,26,25,65,203,200,314,297,299,306,71,90,,80826,103614,N2156.8163,E08523.0217,692.7,0
08-08-2026 16:06,658,64,0,0,0,0,0,0,0,71,0,1,2,43,41,31,30,0.1,0.3,1,25,69,66,79,15,2,26,25,65,203,200,311,292,294,302,71,90,,80826,103614,N2156.8163,E08523.0217,692.7,0
08-08-2026 16:06,658,63,0,0,0,0,0,0,0,71,0,1,2,43,41,31,30,0.1,0.3,1,25,70,66,79,15,2,26,25,65,203,200,307,289,291,298,71,90,,80826,103615,N2156.8163,E08523.0217,692.7,0
08-08-2026 16:06,659,63,0,0,0,0,0,0,0,71,0,1,2,43,41,31,30,0.1,0.3,1,25,70,66,79,15,2,26,25,65,203,200,304,286,287,294,71,90,,80826,103616,N2156.8163,E08523.0217,692.7,0
08-08-2026 16:06,658,63,0,0,0,0,0,0,0,71,0,1,2,43,41,31,30,0.1,0.3,1,25,70,66,79,15,2,25,25,65,203,199,301,283,284,291,71,90,,80826,103618,N2156.8163,E08523.0217,692.7,0
08-08-2026 16:06,659,63,0,0,0,0,0,0,0,71,0,1,2,43,41,31,30,0.1,0.3,1,25,70,66,79,15,2,26,25,65,203,199,297,281,280,287,71,90,,80826,103619,N2156.8163,E08523.0217,692.7,0
08-08-2026 16:06,658,64,0,0,0,0,0,0,0,71,0,1,2,43,41,31,30,0.1,0.3,1,25,70,66,79,15,2,26,25,65,202,199,294,278,277,284,71,90,,80826,103620,N2156.8163,E08523.0217,692.7,0
08-08-2026 16:06,658,64,0,0,0,0,0,0,0,71,0,1,2,43,41,31,30,0.1,0.3,1,25,70,66,79,15,2,26,25,65,202,198,292,276,274,281,71,90,,80826,103621,N2156.8163,E08523.0217,692.7,0
08-08-2026 16:06,658,64,0,0,0,0,0,0,0,71,0,1,2,43,41,31,30,0.1,0.3,1,25,70,66,79,15,2,28,25,65,202,198,289,274,271,279,71,90,,80826,103621,N2156.8163,E08523.0217,692.7,0
08-08-2026 16:06,658,85,0,0,0,0,0,0,0,71,0,1,2,43,41,31,30,0.1,0.3,1,37,70,66,79,15,2,27,25,65,201,198,287,272,269,276,71,90,,80826,103623,N2156.8163,E08523.0216,692.7,0
08-08-2026 16:06,658,85,0,0,0,0,0,0,0,70,0,1,2,43,41,31,30,0.1,0.3,1,33,70,66,79,15,2,28,25,65,201,198,284,269,266,273,71,90,,80826,103624,N2156.8163,E08523.0216,692.7,0
08-08-2026 16:06,658,85,0,0,0,0,0,0,0,70,0,1,2,43,41,31,30,0.1,0.3,1,33,70,66,79,15,2,29,25,65,201,198,282,268,264,271,71,90,,80826,103625,N2156.8163,E08523.0216,692.7,0
08-08-2026 16:06,658,86,0,0,0,0,0,0,0,70,0,1,2,43,41,31,30,0.1,0.3,1,33,70,66,79,15,2,28,25,65,201,198,280,266,262,269,71,90,,80826,103626,N2156.8163,E08523.0216,692.7,0
08-08-2026 16:06,658,64,0,0,0,0,0,0,0,70,0,2,2,43,41,31,30,0.1,0.3,1,25,70,66,79,15,2,28,25,65,201,198,278,264,260,266,71,90,,80826,103626,N2156.8163,E08523.0216,692.7,0
08-08-2026 16:06,658,64,0,0,0,0,0,0,0,70,0,1,2,43,41,32,31,0.1,0.3,1,25,70,66,79,15,2,27,25,65,201,198,276,263,258,264,71,90,,80826,103628,N2156.8163,E08523.0216,692.7,0
08-08-2026 16:06,656,71,8,0,0,0,0,0,0,70,0,2,2,43,41,31,33,0.4,0,1,29,70,66,79,15,2,28,25,65,201,197,275,263,257,263,71,90,,80826,103629,N2156.8163,E08523.0216,692.7,0
08-08-2026 16:06,717,466,70,0,0,0,2,0,0,70,0,8,3,38,38,31,38,0.7,-0.7,1,168,70,66,79,24,8,40,25,65,201,197,276,277,267,271,71,90,,80826,103630,N2156.8164,E08523.0217,692.7,0
08-08-2026 16:06,985,578,57,0,111,209,2,0,0,70,0,7,3,34,42,22,43,1.3,-2.9,2,220,70,66,79,28,16,57,25,65,201,197,288,306,293,292,71,90,,80826,103631,N2156.8167,E08523.0214,692.7,0.52
08-08-2026 16:06,1139,925,61,0,250,571,2,0,0,70,0,4,3,35,43,15,49,2.6,-4.2,2,223,70,66,79,34,29,76,25,65,201,197,308,338,323,319,71,90,,80826,103631,N2156.8167,E08523.0214,692.7,2.64
08-08-2026 16:06,1154,455,31,0,281,656,2,0,0,70,0,-2,2,40,47,14,44,2.3,-3.7,2,100,70,66,79,29,25,89,25,65,200,197,333,358,347,342,71,90,,80826,103633,N2156.8185,E08523.0199,692.7,4.3
08-08-2026 16:06,1017,342,21,0,273,656,2,0,0,70,0,-2,2,40,49,16,42,1.7,-3.5,2,93,70,66,79,26,17,89,25,65,200,197,354,367,358,354,71,90,,80826,103634,N2156.8198,E08523.0191,692.9,4.99
08-08-2026 16:06,973,244,21,0,269,627,2,0,0,70,0,-1,2,39,51,23,39,0.4,-2.8,2,67,70,66,79,27,13,84,25,65,200,197,366,370,362,360,71,91,,80826,103635,N2156.8211,E08523.0188,693.1,4.63
08-08-2026 16:06,995,241,21,0,259,618,2,0,0,70,0,-1,2,37,51,30,33,-1.1,-1.7,2,67,70,66,79,26,13,77,25,65,205,203,372,370,362,361,71,90,,80826,103636,N2156.8225,E08523.0188,693.5,4.14
08-08-2026 16:06,994,416,35,0,272,613,2,0,0,70,0,2,2,35,50,30,35,-1,-2,2,112,70,66,79,30,16,75,25,65,205,203,376,375,366,364,70,90,,80826,103636,N2156.8225,E08523.0188,693.5,4.64
08-08-2026 16:06,1105,403,29,0,290,672,2,0,0,70,0,0,2,34,50,24,39,-0.1,-3.1,2,99,70,66,79,31,16,76,25,65,205,203,382,382,372,370,70,90,,80826,103638,N2156.8253,E08523.0200,693.9,4.5
08-08-2026 16:06,1190,648,46,0,334,771,2,0,0,70,0,0,2,34,50,19,40,0.5,-3.7,2,146,70,66,79,37,27,83,25,65,205,202,389,395,383,379,70,90,,80826,103639,N2156.8266,E08523.0211,693.6,5.08
08-08-2026 16:06,1347,272,48,0,366,859,2,0,0,69,0,-3,2,34,60,24,37,-1.3,-3.9,2,55,70,66,79,38,25,92,25,65,205,201,401,407,396,390,70,90,,80826,103640,N2156.8279,E08523.0227,693.1,5.58
08-08-2026 16:06,1390,517,43,0,382,882,2,0,0,69,0,0,1,34,52,23,37,-0.4,-3.2,2,103,70,66,79,38,22,94,25,65,205,201,409,409,400,395,70,90,,80826,103641,N2156.8287,E08523.0247,692.5,6.41
08-08-2026 16:06,1420,558,42,1,411,968,2,0,0,69,0,0,2,33,48,27,35,-0.7,-2.3,2,102,70,66,79,38,23,95,25,65,204,201,414,414,404,400,70,90,,80826,103642,N2156.8291,E08523.0268,691.9,6.35
